timestamp,ida1_clearing_price,ida2_clearing_price,ida3_clearing_price
2026-01-01 00:00:00,96.05,94.05,
2026-01-01 00:15:00,93.0,92.71,
2026-01-01 00:30:00,92.98,93.44,
2026-01-01 00:45:00,89.78,92.25,
2026-01-01 01:00:00,93.0,97.07,
2026-01-01 01:15:00,92.67,90.41,
2026-01-01 01:30:00,89.52,83.14,
2026-01-01 01:45:00,85.28,80.81,
2026-01-01 02:00:00,93.0,83.29,
2026-01-01 02:15:00,87.44,79.15,
2026-01-01 02:30:00,86.38,76.3,
2026-01-01 02:45:00,91.05,72.97,
2026-01-01 03:00:00,82.32,75.18,
2026-01-01 03:15:00,78.78,67.77,
2026-01-01 03:30:00,78.59,64.94,
2026-01-01 03:45:00,78.59,59.29,
2026-01-01 04:00:00,70.16,59.45,
2026-01-01 04:15:00,63.8,60.32,
2026-01-01 04:30:00,67.7,64.25,
2026-01-01 04:45:00,67.63,64.25,
2026-01-01 05:00:00,46.44,48.21,
2026-01-01 05:15:00,72.23,63.07,
2026-01-01 05:30:00,75.99,69.9,
2026-01-01 05:45:00,81.51,70.21,
2026-01-01 06:00:00,77.09,65.59,
2026-01-01 06:15:00,83.33,70.36,
2026-01-01 06:30:00,84.85,73.01,
2026-01-01 06:45:00,89.68,75.99,
2026-01-01 07:00:00,81.91,69.98,
2026-01-01 07:15:00,72.41,68.76,
2026-01-01 07:30:00,68.22,64.62,
2026-01-01 07:45:00,54.38,59.16,
2026-01-01 08:00:00,53.38,45.95,
2026-01-01 08:15:00,48.41,42.52,
2026-01-01 08:30:00,48.03,53.11,
2026-01-01 08:45:00,43.0,48.52,
2026-01-01 09:00:00,53.77,52.14,
2026-01-01 09:15:00,48.8,50.11,
2026-01-01 09:30:00,35.73,39.95,
2026-01-01 09:45:00,20.05,22.25,
2026-01-01 10:00:00,24.32,24.38,
2026-01-01 10:15:00,28.45,21.63,
2026-01-01 10:30:00,27.26,16.78,
2026-01-01 10:45:00,20.23,5.78,
2026-01-01 11:00:00,45.25,42.83,
2026-01-01 11:15:00,30.7,29.15,
2026-01-01 11:30:00,33.2,31.84,
2026-01-01 11:45:00,30.28,20.28,
2026-01-01 12:00:00,32.48,18.9,33.48
2026-01-01 12:15:00,36.06,15.7,35.06
2026-01-01 12:30:00,39.26,22.54,38.06
2026-01-01 12:45:00,42.42,34.63,36.69
2026-01-01 13:00:00,45.54,37.76,39.68
2026-01-01 13:15:00,45.48,37.08,44.33
2026-01-01 13:30:00,41.58,31.94,40.94
2026-01-01 13:45:00,40.67,32.96,39.96
2026-01-01 14:00:00,48.73,38.99,41.8
2026-01-01 14:15:00,63.83,54.88,62.78
2026-01-01 14:30:00,62.99,54.69,62.78
2026-01-01 14:45:00,77.27,80.27,78.16
2026-01-01 15:00:00,76.43,81.01,71.01
2026-01-01 15:15:00,79.29,86.08,76.08
2026-01-01 15:30:00,101.05,100.29,94.69
2026-01-01 15:45:00,127.98,118.02,102.17
2026-01-01 16:00:00,100.78,90.37,83.45
2026-01-01 16:15:00,102.89,95.52,91.04
2026-01-01 16:30:00,115.08,106.17,100.95
2026-01-01 16:45:00,85.28,95.7,87.5
2026-01-01 17:00:00,111.16,105.19,97.19
2026-01-01 17:15:00,108.27,100.75,95.48
2026-01-01 17:30:00,101.46,96.43,91.47
2026-01-01 17:45:00,107.13,100.71,93.96
2026-01-01 18:00:00,111.11,104.41,96.42
2026-01-01 18:15:00,110.31,107.11,95.5
2026-01-01 18:30:00,110.71,99.91,95.87
2026-01-01 18:45:00,100.15,92.83,95.49
2026-01-01 19:00:00,85.35,83.8,98.04
2026-01-01 19:15:00,95.99,89.9,97.59
2026-01-01 19:30:00,119.91,111.91,109.01
2026-01-01 19:45:00,128.41,115.85,107.85
2026-01-01 20:00:00,123.33,109.39,106.53
2026-01-01 20:15:00,120.75,109.78,106.89
2026-01-01 20:30:00,115.46,0.0,103.52
2026-01-01 20:45:00,98.14,84.65,94.19
2026-01-01 21:00:00,119.9,117.9,114.97
2026-01-01 21:15:00,117.27,117.27,114.41
2026-01-01 21:30:00,92.52,89.15,97.51
2026-01-01 21:45:00,90.61,86.11,82.04
2026-01-01 22:00:00,100.27,103.01,107.77
2026-01-01 22:15:00,119.63,119.63,117.41
2026-01-01 22:30:00,96.06,90.89,98.49
2026-01-01 22:45:00,90.42,84.93,98.41
2026-01-01 23:00:00,91.19,83.19,83.58
2026-01-01 23:15:00,89.37,81.37,82.82
2026-01-01 23:30:00,89.18,81.18,81.52
2026-01-01 23:45:00,87.98,82.0,82.0
2026-01-02 00:00:00,90.4,90.0,
2026-01-02 00:15:00,85.26,84.74,
2026-01-02 00:30:00,91.37,90.6,
2026-01-02 00:45:00,90.86,90.8,
2026-01-02 01:00:00,90.52,90.51,
2026-01-02 01:15:00,85.48,84.22,
2026-01-02 01:30:00,83.5,83.42,
2026-01-02 01:45:00,75.79,81.94,
2026-01-02 02:00:00,79.6,82.23,
2026-01-02 02:15:00,76.92,83.7,
2026-01-02 02:30:00,73.59,81.03,
2026-01-02 02:45:00,71.24,79.75,
2026-01-02 03:00:00,70.0,78.64,
2026-01-02 03:15:00,70.01,83.83,
2026-01-02 03:30:00,77.87,86.01,
2026-01-02 03:45:00,74.0,84.61,
2026-01-02 04:00:00,77.19,86.41,
2026-01-02 04:15:00,74.54,85.32,
2026-01-02 04:30:00,77.37,87.05,
2026-01-02 04:45:00,77.93,86.88,
2026-01-02 05:00:00,68.34,83.84,
2026-01-02 05:15:00,67.25,82.46,
2026-01-02 05:30:00,58.58,79.84,
2026-01-02 05:45:00,82.8,92.93,
2026-01-02 06:00:00,94.46,88.24,
2026-01-02 06:15:00,100.81,92.81,
2026-01-02 06:30:00,105.45,97.61,
2026-01-02 06:45:00,117.24,111.29,
2026-01-02 07:00:00,78.59,94.56,
2026-01-02 07:15:00,78.71,105.67,
2026-01-02 07:30:00,78.87,108.98,
2026-01-02 07:45:00,92.79,101.54,
2026-01-02 08:00:00,91.06,89.98,
2026-01-02 08:15:00,90.95,91.11,
2026-01-02 08:30:00,90.96,88.96,
2026-01-02 08:45:00,79.66,77.66,
2026-01-02 09:00:00,95.78,90.96,
2026-01-02 09:15:00,87.28,80.23,
2026-01-02 09:30:00,81.59,76.67,
2026-01-02 09:45:00,76.02,71.1,
2026-01-02 10:00:00,89.14,84.23,
2026-01-02 10:15:00,79.19,76.1,
2026-01-02 10:30:00,75.0,71.74,
2026-01-02 10:45:00,75.96,69.79,
2026-01-02 11:00:00,91.74,86.86,
2026-01-02 11:15:00,84.66,84.7,
2026-01-02 11:30:00,83.45,82.94,
2026-01-02 11:45:00,78.65,76.0,
2026-01-02 12:00:00,26.67,27.27,23.25
2026-01-02 12:15:00,55.5,54.86,51.94
2026-01-02 12:30:00,80.96,78.75,81.12
2026-01-02 12:45:00,90.32,78.73,83.29
2026-01-02 13:00:00,77.21,67.21,63.17
2026-01-02 13:15:00,81.55,70.59,81.47
2026-01-02 13:30:00,83.26,78.68,65.62
2026-01-02 13:45:00,88.5,85.65,86.87
2026-01-02 14:00:00,78.49,81.5,76.99
2026-01-02 14:15:00,88.52,94.96,96.47
2026-01-02 14:30:00,102.62,101.73,105.43
2026-01-02 14:45:00,113.77,106.35,109.4
2026-01-02 15:00:00,87.64,85.24,91.01
2026-01-02 15:15:00,98.65,98.94,103.82
2026-01-02 15:30:00,114.17,118.0,113.28
2026-01-02 15:45:00,130.03,129.5,115.56
2026-01-02 16:00:00,105.4,108.64,108.43
2026-01-02 16:15:00,118.92,119.58,113.13
2026-01-02 16:30:00,117.09,116.44,120.28
2026-01-02 16:45:00,115.9,117.96,124.9
2026-01-02 17:00:00,122.53,122.74,113.94
2026-01-02 17:15:00,114.24,113.0,111.08
2026-01-02 17:30:00,112.85,115.08,109.68
2026-01-02 17:45:00,112.59,113.09,110.35
2026-01-02 18:00:00,107.91,117.81,113.84
2026-01-02 18:15:00,114.82,124.28,114.83
2026-01-02 18:30:00,106.52,110.04,111.81
2026-01-02 18:45:00,107.25,113.0,112.64
2026-01-02 19:00:00,107.06,116.27,110.93
2026-01-02 19:15:00,110.11,118.33,111.97
2026-01-02 19:30:00,110.19,117.88,111.26
2026-01-02 19:45:00,100.04,107.92,111.07
2026-01-02 20:00:00,119.19,138.91,123.95
2026-01-02 20:15:00,110.38,110.0,115.74
2026-01-02 20:30:00,108.03,102.26,105.23
2026-01-02 20:45:00,98.29,95.19,98.03
2026-01-02 21:00:00,108.74,110.38,111.96
2026-01-02 21:15:00,97.45,98.78,99.33
2026-01-02 21:30:00,95.66,98.77,98.38
2026-01-02 21:45:00,84.22,89.91,92.48
2026-01-02 22:00:00,100.94,103.23,110.29
2026-01-02 22:15:00,94.31,96.04,103.48
2026-01-02 22:30:00,87.65,95.08,93.5
2026-01-02 22:45:00,80.53,89.86,92.48
2026-01-02 23:00:00,85.59,94.04,93.02
2026-01-02 23:15:00,80.25,90.02,89.09
2026-01-02 23:30:00,79.1,85.41,92.67
2026-01-02 23:45:00,73.91,74.0,80.31
2026-01-03 00:00:00,77.59,90.74,
2026-01-03 00:15:00,75.66,90.18,
2026-01-03 00:30:00,75.61,87.07,
2026-01-03 00:45:00,73.74,84.39,
2026-01-03 01:00:00,75.76,83.11,
2026-01-03 01:15:00,75.61,82.0,
2026-01-03 01:30:00,78.56,84.2,
2026-01-03 01:45:00,78.48,83.41,
2026-01-03 02:00:00,79.28,84.84,
2026-01-03 02:15:00,77.57,81.9,
2026-01-03 02:30:00,76.15,80.96,
2026-01-03 02:45:00,76.88,78.0,
2026-01-03 03:00:00,77.19,83.98,
2026-01-03 03:15:00,78.56,82.08,
2026-01-03 03:30:00,76.73,80.0,
2026-01-03 03:45:00,74.35,78.55,
2026-01-03 04:00:00,75.46,80.26,
2026-01-03 04:15:00,74.71,80.01,
2026-01-03 04:30:00,74.58,79.6,
2026-01-03 04:45:00,74.73,80.13,
2026-01-03 05:00:00,73.02,80.28,
2026-01-03 05:15:00,73.81,80.48,
2026-01-03 05:30:00,73.3,79.83,
2026-01-03 05:45:00,77.44,81.68,
2026-01-03 06:00:00,74.93,80.11,
2026-01-03 06:15:00,75.27,80.56,
2026-01-03 06:30:00,78.18,83.58,
2026-01-03 06:45:00,78.89,85.51,
2026-01-03 07:00:00,79.56,81.72,
2026-01-03 07:15:00,83.0,81.26,
2026-01-03 07:30:00,80.53,84.04,
2026-01-03 07:45:00,82.89,83.26,
2026-01-03 08:00:00,80.85,83.96,
2026-01-03 08:15:00,90.35,87.11,
2026-01-03 08:30:00,90.01,88.02,
2026-01-03 08:45:00,90.01,88.8,
2026-01-03 09:00:00,92.2,95.35,
2026-01-03 09:15:00,79.81,85.86,
2026-01-03 09:30:00,80.85,83.96,
2026-01-03 09:45:00,80.87,79.22,
2026-01-03 10:00:00,80.9,78.34,
2026-01-03 10:15:00,80.88,78.35,
2026-01-03 10:30:00,79.77,78.85,
2026-01-03 10:45:00,80.4,78.69,
2026-01-03 11:00:00,79.94,85.69,
2026-01-03 11:15:00,80.88,85.18,
2026-01-03 11:30:00,80.88,83.55,
2026-01-03 11:45:00,80.67,81.88,
2026-01-03 12:00:00,82.88,85.15,73.01
2026-01-03 12:15:00,83.72,82.98,72.94
2026-01-03 12:30:00,84.03,83.97,73.8
2026-01-03 12:45:00,84.75,83.29,74.07
2026-01-03 13:00:00,80.03,81.95,85.03
2026-01-03 13:15:00,80.07,81.17,80.54
2026-01-03 13:30:00,72.69,81.0,69.94
2026-01-03 13:45:00,74.26,83.41,66.82
2026-01-03 14:00:00,77.81,78.84,71.99
2026-01-03 14:15:00,77.81,80.15,73.44
2026-01-03 14:30:00,77.81,80.54,73.58
2026-01-03 14:45:00,79.52,93.05,80.05
2026-01-03 15:00:00,82.99,85.31,92.99
2026-01-03 15:15:00,88.76,93.25,97.14
2026-01-03 15:30:00,87.82,96.48,99.94
2026-01-03 15:45:00,89.67,104.63,110.35
2026-01-03 16:00:00,95.78,92.79,98.5
2026-01-03 16:15:00,105.97,101.04,111.08
2026-01-03 16:30:00,109.85,107.51,119.31
2026-01-03 16:45:00,97.83,104.78,111.11
2026-01-03 17:00:00,109.53,110.34,113.87
2026-01-03 17:15:00,104.2,110.25,112.84
2026-01-03 17:30:00,105.86,112.4,116.26
2026-01-03 17:45:00,110.98,114.37,125.0
2026-01-03 18:00:00,111.5,115.0,116.16
2026-01-03 18:15:00,112.35,115.0,115.24
2026-01-03 18:30:00,107.21,115.63,122.62
2026-01-03 18:45:00,101.56,114.56,112.73
2026-01-03 19:00:00,101.72,113.7,118.42
2026-01-03 19:15:00,97.3,104.54,100.96
2026-01-03 19:30:00,108.13,112.19,115.95
2026-01-03 19:45:00,107.23,110.0,110.0
2026-01-03 20:00:00,93.31,111.49,120.48
2026-01-03 20:15:00,106.94,116.27,118.46
2026-01-03 20:30:00,97.31,108.21,105.43
2026-01-03 20:45:00,91.52,105.0,97.19
2026-01-03 21:00:00,92.18,106.78,100.12
2026-01-03 21:15:00,91.66,95.67,86.77
2026-01-03 21:30:00,91.63,103.09,91.11
2026-01-03 21:45:00,91.92,100.32,95.74
2026-01-03 22:00:00,92.62,110.18,99.62
2026-01-03 22:15:00,89.5,104.87,99.37
2026-01-03 22:30:00,83.36,101.2,87.51
2026-01-03 22:45:00,79.85,96.86,72.94
2026-01-03 23:00:00,78.78,85.68,72.39
2026-01-03 23:15:00,77.87,80.33,72.22
2026-01-03 23:30:00,77.86,79.85,69.8
2026-01-03 23:45:00,77.92,78.83,72.16
2026-01-04 00:00:00,81.48,81.02,
2026-01-04 00:15:00,79.15,78.65,
2026-01-04 00:30:00,84.14,93.07,
2026-01-04 00:45:00,81.02,88.5,
2026-01-04 01:00:00,86.83,91.23,
2026-01-04 01:15:00,83.99,89.67,
2026-01-04 01:30:00,81.71,84.0,
2026-01-04 01:45:00,80.89,77.88,
2026-01-04 02:00:00,84.39,84.0,
2026-01-04 02:15:00,81.98,82.51,
2026-01-04 02:30:00,81.11,82.79,
2026-01-04 02:45:00,80.92,83.13,
2026-01-04 03:00:00,80.26,83.85,
2026-01-04 03:15:00,78.8,82.01,
2026-01-04 03:30:00,78.34,83.08,
2026-01-04 03:45:00,77.83,82.81,
2026-01-04 04:00:00,76.58,80.13,
2026-01-04 04:15:00,76.17,78.72,
2026-01-04 04:30:00,76.39,79.08,
2026-01-04 04:45:00,77.01,82.14,
2026-01-04 05:00:00,77.21,82.85,
2026-01-04 05:15:00,77.97,82.01,
2026-01-04 05:30:00,79.01,83.79,
2026-01-04 05:45:00,78.92,82.56,
2026-01-04 06:00:00,77.57,82.0,
2026-01-04 06:15:00,79.84,83.7,
2026-01-04 06:30:00,78.84,84.03,
2026-01-04 06:45:00,80.67,86.01,
2026-01-04 07:00:00,80.82,86.46,
2026-01-04 07:15:00,80.82,85.16,
2026-01-04 07:30:00,81.74,88.74,
2026-01-04 07:45:00,86.98,91.52,
2026-01-04 08:00:00,80.88,85.02,
2026-01-04 08:15:00,81.47,88.47,
2026-01-04 08:30:00,82.14,88.33,
2026-01-04 08:45:00,84.67,86.0,
2026-01-04 09:00:00,90.04,86.76,
2026-01-04 09:15:00,81.98,79.86,
2026-01-04 09:30:00,79.27,75.17,
2026-01-04 09:45:00,72.69,67.6,
2026-01-04 10:00:00,81.13,76.97,
2026-01-04 10:15:00,78.57,75.26,
2026-01-04 10:30:00,78.15,74.14,
2026-01-04 10:45:00,57.61,54.48,
2026-01-04 11:00:00,57.83,54.69,
2026-01-04 11:15:00,57.43,53.95,
2026-01-04 11:30:00,57.44,53.79,
2026-01-04 11:45:00,57.49,53.71,
2026-01-04 12:00:00,57.56,53.86,43.2
2026-01-04 12:15:00,78.16,75.59,64.8
2026-01-04 12:30:00,80.55,75.59,64.81
2026-01-04 12:45:00,81.48,77.75,66.83
2026-01-04 13:00:00,80.19,77.01,66.64
2026-01-04 13:15:00,81.27,77.77,69.04
2026-01-04 13:30:00,83.19,77.77,68.11
2026-01-04 13:45:00,85.83,84.96,69.52
2026-01-04 14:00:00,80.5,82.45,78.74
2026-01-04 14:15:00,86.51,79.51,79.51
2026-01-04 14:30:00,93.03,92.44,86.88
2026-01-04 14:45:00,98.46,92.18,60.99
2026-01-04 15:00:00,81.0,80.82,78.75
2026-01-04 15:15:00,86.09,86.73,85.62
2026-01-04 15:30:00,95.17,93.96,87.88
2026-01-04 15:45:00,105.03,103.46,96.87
2026-01-04 16:00:00,96.18,99.74,106.39
2026-01-04 16:15:00,104.94,107.29,114.83
2026-01-04 16:30:00,108.62,114.28,114.83
2026-01-04 16:45:00,116.0,121.25,121.25
2026-01-04 17:00:00,110.03,114.83,118.52
2026-01-04 17:15:00,116.05,116.01,120.07
2026-01-04 17:30:00,114.33,117.09,121.39
2026-01-04 17:45:00,115.93,119.18,124.46
2026-01-04 18:00:00,118.4,116.74,122.83
2026-01-04 18:15:00,118.18,117.37,123.92
2026-01-04 18:30:00,117.53,118.71,125.09
2026-01-04 18:45:00,118.41,123.0,125.96
2026-01-04 19:00:00,107.02,104.97,82.57
2026-01-04 19:15:00,104.46,102.34,82.0
2026-01-04 19:30:00,96.18,93.69,68.51
2026-01-04 19:45:00,94.86,92.32,69.66
2026-01-04 20:00:00,96.14,93.45,85.27
2026-01-04 20:15:00,96.09,93.2,68.57
2026-01-04 20:30:00,108.1,110.64,115.77
2026-01-04 20:45:00,100.96,100.69,107.73
2026-01-04 21:00:00,105.18,102.78,110.87
2026-01-04 21:15:00,100.32,103.23,106.35
2026-01-04 21:30:00,96.24,98.11,101.99
2026-01-04 21:45:00,89.67,95.99,97.19
2026-01-04 22:00:00,96.61,94.13,65.8
2026-01-04 22:15:00,96.41,94.0,67.42
2026-01-04 22:30:00,95.28,93.44,90.44
2026-01-04 22:45:00,88.81,87.2,95.87
2026-01-04 23:00:00,84.95,82.77,82.8
2026-01-04 23:15:00,81.48,78.93,79.55
2026-01-04 23:30:00,81.92,79.47,79.87
2026-01-04 23:45:00,79.51,78.5,78.15
2026-01-05 00:00:00,55.43,66.24,
2026-01-05 00:15:00,20.0,66.22,
2026-01-05 00:30:00,20.0,66.21,
2026-01-05 00:45:00,40.4,66.18,
2026-01-05 01:00:00,66.93,73.94,
2026-01-05 01:15:00,37.02,66.17,
2026-01-05 01:30:00,20.01,66.13,
2026-01-05 01:45:00,20.0,66.12,
2026-01-05 02:00:00,10.01,66.12,
2026-01-05 02:15:00,10.01,66.18,
2026-01-05 02:30:00,66.63,89.68,
2026-01-05 02:45:00,20.01,66.18,
2026-01-05 03:00:00,61.55,66.27,
2026-01-05 03:15:00,10.01,66.12,
2026-01-05 03:30:00,10.01,66.17,
2026-01-05 03:45:00,66.5,90.0,
2026-01-05 04:00:00,26.53,66.23,
2026-01-05 04:15:00,65.0,89.98,
2026-01-05 04:30:00,67.15,80.0,
2026-01-05 04:45:00,72.53,91.24,
2026-01-05 05:00:00,64.94,78.05,
2026-01-05 05:15:00,65.88,85.91,
2026-01-05 05:30:00,66.78,86.81,
2026-01-05 05:45:00,68.3,88.32,
2026-01-05 06:00:00,69.63,89.66,
2026-01-05 06:15:00,73.82,93.45,
2026-01-05 06:30:00,76.75,95.99,
2026-01-05 06:45:00,78.04,99.27,
2026-01-05 07:00:00,78.47,98.93,
2026-01-05 07:15:00,79.15,100.37,
2026-01-05 07:30:00,78.77,98.0,
2026-01-05 07:45:00,78.25,97.31,
2026-01-05 08:00:00,80.16,101.73,
2026-01-05 08:15:00,78.55,97.88,
2026-01-05 08:30:00,76.63,96.37,
2026-01-05 08:45:00,74.18,89.83,
2026-01-05 09:00:00,77.98,89.68,
2026-01-05 09:15:00,74.52,85.8,
2026-01-05 09:30:00,71.69,84.21,
2026-01-05 09:45:00,66.95,79.4,
2026-01-05 10:00:00,67.58,79.55,
2026-01-05 10:15:00,66.81,78.18,
2026-01-05 10:30:00,65.92,77.02,
2026-01-05 10:45:00,63.0,65.99,
2026-01-05 11:00:00,67.07,79.0,
2026-01-05 11:15:00,66.98,78.6,
2026-01-05 11:30:00,67.13,79.28,
2026-01-05 11:45:00,67.54,81.58,
2026-01-05 12:00:00,66.54,79.99,104.17
2026-01-05 12:15:00,67.31,84.47,103.95
2026-01-05 12:30:00,68.4,86.24,127.75
2026-01-05 12:45:00,69.43,88.52,113.5
2026-01-05 13:00:00,68.93,88.04,103.0
2026-01-05 13:15:00,69.53,88.62,113.62
2026-01-05 13:30:00,71.09,90.38,135.88
2026-01-05 13:45:00,73.65,100.43,113.72
2026-01-05 14:00:00,68.48,69.22,145.0
2026-01-05 14:15:00,69.32,70.05,124.22
2026-01-05 14:30:00,70.23,70.94,118.85
2026-01-05 14:45:00,71.73,73.06,117.56
2026-01-05 15:00:00,73.04,74.87,135.32
2026-01-05 15:15:00,77.54,79.49,122.96
2026-01-05 15:30:00,79.31,81.0,125.75
2026-01-05 15:45:00,82.79,92.33,127.33
2026-01-05 16:00:00,85.5,86.8,114.58
2026-01-05 16:15:00,87.73,88.53,127.66
2026-01-05 16:30:00,90.3,93.43,133.75
2026-01-05 16:45:00,95.54,102.83,139.9
2026-01-05 17:00:00,101.38,115.14,167.51
2026-01-05 17:15:00,106.64,223.28,223.41
2026-01-05 17:30:00,99.36,107.62,142.1
2026-01-05 17:45:00,100.21,112.41,147.73
2026-01-05 18:00:00,88.19,88.48,116.28
2026-01-05 18:15:00,86.52,87.47,115.52
2026-01-05 18:30:00,86.5,87.31,115.5
2026-01-05 18:45:00,86.06,86.75,115.13
2026-01-05 19:00:00,85.57,86.39,114.84
2026-01-05 19:15:00,86.04,86.76,115.11
2026-01-05 19:30:00,84.44,85.6,114.17
2026-01-05 19:45:00,81.76,83.71,126.55
2026-01-05 20:00:00,80.32,82.49,125.09
2026-01-05 20:15:00,81.69,84.04,126.3
2026-01-05 20:30:00,83.5,92.89,141.14
2026-01-05 20:45:00,81.11,82.96,125.13
2026-01-05 21:00:00,80.32,82.32,136.05
2026-01-05 21:15:00,79.56,81.28,135.75
2026-01-05 21:30:00,78.42,79.87,129.57
2026-01-05 21:45:00,76.45,78.18,120.69
2026-01-05 22:00:00,76.92,78.88,124.29
2026-01-05 22:15:00,77.27,86.0,125.0
2026-01-05 22:30:00,76.17,77.62,124.12
2026-01-05 22:45:00,71.83,73.54,118.04
2026-01-05 23:00:00,68.66,70.3,120.42
2026-01-05 23:15:00,66.78,68.95,112.31
2026-01-05 23:30:00,66.17,68.94,96.2
2026-01-05 23:45:00,64.98,68.94,87.77
2026-01-06 00:00:00,75.0,86.2,
2026-01-06 00:15:00,77.95,91.96,
2026-01-06 00:30:00,75.21,87.05,
2026-01-06 00:45:00,77.8,91.94,
2026-01-06 01:00:00,78.11,91.57,
2026-01-06 01:15:00,77.82,91.05,
2026-01-06 01:30:00,76.91,86.15,
2026-01-06 01:45:00,76.96,89.51,
2026-01-06 02:00:00,77.28,91.15,
2026-01-06 02:15:00,77.0,86.13,
2026-01-06 02:30:00,77.08,85.96,
2026-01-06 02:45:00,75.95,85.67,
2026-01-06 03:00:00,70.93,83.09,
2026-01-06 03:15:00,79.46,96.56,
2026-01-06 03:30:00,79.63,94.08,
2026-01-06 03:45:00,79.93,110.43,
2026-01-06 04:00:00,80.49,99.57,
2026-01-06 04:15:00,80.71,119.37,
2026-01-06 04:30:00,81.11,115.99,
2026-01-06 04:45:00,82.0,118.77,
2026-01-06 05:00:00,83.39,117.7,
2026-01-06 05:15:00,83.63,119.74,
2026-01-06 05:30:00,85.0,110.79,
2026-01-06 05:45:00,85.0,124.18,
2026-01-06 06:00:00,84.31,94.69,
2026-01-06 06:15:00,85.0,103.93,
2026-01-06 06:30:00,83.08,94.06,
2026-01-06 06:45:00,84.81,103.21,
2026-01-06 07:00:00,93.61,129.19,
2026-01-06 07:15:00,92.28,148.45,
2026-01-06 07:30:00,89.02,107.06,
2026-01-06 07:45:00,83.1,91.75,
2026-01-06 08:00:00,81.09,79.96,
2026-01-06 08:15:00,79.38,76.64,
2026-01-06 08:30:00,80.06,82.06,
2026-01-06 08:45:00,40.75,41.75,
2026-01-06 09:00:00,79.7,93.86,
2026-01-06 09:15:00,81.59,88.92,
2026-01-06 09:30:00,75.74,143.74,
2026-01-06 09:45:00,59.0,120.0,
2026-01-06 10:00:00,81.73,136.23,
2026-01-06 10:15:00,70.01,148.71,
2026-01-06 10:30:00,60.0,90.7,
2026-01-06 10:45:00,57.0,69.9,
2026-01-06 11:00:00,60.0,127.28,
2026-01-06 11:15:00,75.62,124.21,
2026-01-06 11:30:00,65.85,119.21,
2026-01-06 11:45:00,68.26,78.26,
2026-01-06 12:00:00,52.5,56.82,54.86
2026-01-06 12:15:00,69.59,107.23,96.7
2026-01-06 12:30:00,77.18,115.17,100.26
2026-01-06 12:45:00,78.43,158.6,118.86
2026-01-06 13:00:00,78.21,106.79,105.72
2026-01-06 13:15:00,80.74,158.49,143.76
2026-01-06 13:30:00,80.18,95.15,87.46
2026-01-06 13:45:00,81.3,97.03,98.5
2026-01-06 14:00:00,76.99,131.52,116.7
2026-01-06 14:15:00,80.49,109.16,121.26
2026-01-06 14:30:00,81.62,91.77,88.97
2026-01-06 14:45:00,85.87,111.96,112.87
2026-01-06 15:00:00,76.97,84.87,74.86
2026-01-06 15:15:00,79.97,90.53,77.0
2026-01-06 15:30:00,80.04,90.72,77.0
2026-01-06 15:45:00,82.85,126.4,77.9
2026-01-06 16:00:00,82.53,84.37,88.6
2026-01-06 16:15:00,83.02,85.03,92.53
2026-01-06 16:30:00,84.94,84.91,96.84
2026-01-06 16:45:00,89.03,91.02,96.84
2026-01-06 17:00:00,94.45,98.45,140.46
2026-01-06 17:15:00,94.6,98.6,159.04
2026-01-06 17:30:00,91.86,93.6,109.21
2026-01-06 17:45:00,90.82,92.99,96.84
2026-01-06 18:00:00,89.18,86.45,93.75
2026-01-06 18:15:00,88.8,93.28,93.75
2026-01-06 18:30:00,90.83,89.64,93.99
2026-01-06 18:45:00,92.35,96.35,96.35
2026-01-06 19:00:00,85.36,91.51,80.36
2026-01-06 19:15:00,86.92,92.18,81.92
2026-01-06 19:30:00,85.6,91.6,80.68
2026-01-06 19:45:00,84.85,90.9,80.14
2026-01-06 20:00:00,87.05,92.51,82.05
2026-01-06 20:15:00,88.98,95.29,82.65
2026-01-06 20:30:00,92.99,123.89,93.75
2026-01-06 20:45:00,91.59,112.74,85.68
2026-01-06 21:00:00,91.36,125.33,90.21
2026-01-06 21:15:00,84.19,97.1,79.33
2026-01-06 21:30:00,91.59,113.15,93.75
2026-01-06 21:45:00,88.05,97.89,83.05
2026-01-06 22:00:00,90.24,115.54,93.75
2026-01-06 22:15:00,86.08,103.25,93.75
2026-01-06 22:30:00,84.54,95.94,91.05
2026-01-06 22:45:00,83.43,106.5,81.18
2026-01-06 23:00:00,81.79,112.01,79.52
2026-01-06 23:15:00,80.87,91.87,77.0
2026-01-06 23:30:00,80.41,90.7,77.0
2026-01-06 23:45:00,78.63,87.14,77.0
2026-01-07 00:00:00,82.9,75.9,
2026-01-07 00:15:00,82.9,75.9,
2026-01-07 00:30:00,77.87,70.87,
2026-01-07 00:45:00,81.18,74.18,
2026-01-07 01:00:00,82.9,75.9,
2026-01-07 01:15:00,81.27,74.27,
2026-01-07 01:30:00,79.04,72.04,
2026-01-07 01:45:00,79.35,72.35,
2026-01-07 02:00:00,76.54,72.35,
2026-01-07 02:15:00,76.25,72.35,
2026-01-07 02:30:00,76.01,72.35,
2026-01-07 02:45:00,75.99,72.35,
2026-01-07 03:00:00,75.67,72.35,
2026-01-07 03:15:00,79.47,72.47,
2026-01-07 03:30:00,78.14,71.14,
2026-01-07 03:45:00,77.6,70.6,
2026-01-07 04:00:00,78.04,71.04,
2026-01-07 04:15:00,80.0,73.0,
2026-01-07 04:30:00,85.62,78.62,
2026-01-07 04:45:00,85.11,78.11,
2026-01-07 05:00:00,85.73,78.73,
2026-01-07 05:15:00,83.13,76.13,
2026-01-07 05:30:00,83.2,76.2,
2026-01-07 05:45:00,85.86,78.86,
2026-01-07 06:00:00,93.47,91.46,
2026-01-07 06:15:00,109.78,117.2,
2026-01-07 06:30:00,112.27,121.75,
2026-01-07 06:45:00,134.71,139.03,
2026-01-07 07:00:00,127.61,143.06,
2026-01-07 07:15:00,121.74,138.58,
2026-01-07 07:30:00,98.37,118.25,
2026-01-07 07:45:00,89.37,91.0,
2026-01-07 08:00:00,85.8,92.29,
2026-01-07 08:15:00,80.46,81.59,
2026-01-07 08:30:00,81.79,83.88,
2026-01-07 08:45:00,81.93,75.95,
2026-01-07 09:00:00,81.98,87.27,
2026-01-07 09:15:00,91.82,93.82,
2026-01-07 09:30:00,86.39,88.39,
2026-01-07 09:45:00,87.62,74.72,
2026-01-07 10:00:00,84.86,77.86,
2026-01-07 10:15:00,81.05,74.05,
2026-01-07 10:30:00,80.0,66.96,
2026-01-07 10:45:00,72.71,58.0,
2026-01-07 11:00:00,68.36,58.0,
2026-01-07 11:15:00,60.24,53.24,
2026-01-07 11:30:00,61.82,54.82,
2026-01-07 11:45:00,63.54,56.54,
2026-01-07 12:00:00,61.38,54.38,57.83
2026-01-07 12:15:00,76.24,62.59,67.25
2026-01-07 12:30:00,80.0,72.66,69.76
2026-01-07 12:45:00,79.59,72.59,69.59
2026-01-07 13:00:00,80.85,73.85,70.85
2026-01-07 13:15:00,82.52,75.52,72.52
2026-01-07 13:30:00,81.69,76.69,80.92
2026-01-07 13:45:00,83.3,78.2,84.66
2026-01-07 14:00:00,81.78,76.78,86.0
2026-01-07 14:15:00,89.97,84.97,92.58
2026-01-07 14:30:00,108.0,106.22,109.07
2026-01-07 14:45:00,129.0,124.0,129.54
2026-01-07 15:00:00,82.7,77.7,81.24
2026-01-07 15:15:00,85.78,80.78,81.25
2026-01-07 15:30:00,88.9,83.9,84.31
2026-01-07 15:45:00,91.55,86.55,87.47
2026-01-07 16:00:00,98.42,93.42,94.39
2026-01-07 16:15:00,109.09,102.09,103.9
2026-01-07 16:30:00,106.55,99.55,97.24
2026-01-07 16:45:00,103.04,96.38,95.66
2026-01-07 17:00:00,107.23,101.56,121.18
2026-01-07 17:15:00,112.48,106.06,114.25
2026-01-07 17:30:00,112.49,105.75,120.92
2026-01-07 17:45:00,98.59,93.37,96.88
2026-01-07 18:00:00,90.92,85.19,88.93
2026-01-07 18:15:00,90.6,85.36,88.6
2026-01-07 18:30:00,86.34,79.35,84.35
2026-01-07 18:45:00,85.19,78.83,83.2
2026-01-07 19:00:00,84.82,77.82,78.07
2026-01-07 19:15:00,89.44,82.55,86.08
2026-01-07 19:30:00,90.8,83.93,89.43
2026-01-07 19:45:00,86.08,79.08,84.52
2026-01-07 20:00:00,90.45,84.0,92.74
2026-01-07 20:15:00,91.28,85.02,97.4
2026-01-07 20:30:00,92.12,85.12,91.29
2026-01-07 20:45:00,89.21,82.21,88.18
2026-01-07 21:00:00,90.38,83.38,89.01
2026-01-07 21:15:00,87.54,80.54,86.25
2026-01-07 21:30:00,85.62,78.62,84.55
2026-01-07 21:45:00,83.71,76.71,83.16
2026-01-07 22:00:00,81.87,74.87,80.48
2026-01-07 22:15:00,80.33,73.33,78.77
2026-01-07 22:30:00,79.77,72.77,76.86
2026-01-07 22:45:00,78.63,71.63,75.0
2026-01-07 23:00:00,78.58,71.58,75.0
2026-01-07 23:15:00,80.91,73.91,73.13
2026-01-07 23:30:00,80.17,73.17,72.41
2026-01-07 23:45:00,79.1,72.1,71.3
2026-01-08 00:00:00,66.29,66.34,
2026-01-08 00:15:00,69.67,71.15,
2026-01-08 00:30:00,72.36,73.0,
2026-01-08 00:45:00,70.81,73.0,
2026-01-08 01:00:00,75.28,77.92,
2026-01-08 01:15:00,75.04,77.05,
2026-01-08 01:30:00,72.53,74.46,
2026-01-08 01:45:00,70.96,72.96,
2026-01-08 02:00:00,76.05,78.35,
2026-01-08 02:15:00,75.43,78.1,
2026-01-08 02:30:00,75.12,78.04,
2026-01-08 02:45:00,75.3,78.12,
2026-01-08 03:00:00,74.13,79.22,
2026-01-08 03:15:00,78.91,83.54,
2026-01-08 03:30:00,79.0,83.45,
2026-01-08 03:45:00,79.84,83.81,
2026-01-08 04:00:00,76.58,80.58,
2026-01-08 04:15:00,78.11,81.91,
2026-01-08 04:30:00,80.93,83.64,
2026-01-08 04:45:00,84.34,84.91,
2026-01-08 05:00:00,84.87,85.82,
2026-01-08 05:15:00,87.18,92.82,
2026-01-08 05:30:00,96.14,89.87,
2026-01-08 05:45:00,105.73,100.15,
2026-01-08 06:00:00,95.05,95.98,
2026-01-08 06:15:00,97.88,96.98,
2026-01-08 06:30:00,98.68,97.02,
2026-01-08 06:45:00,113.39,107.71,
2026-01-08 07:00:00,108.43,119.43,
2026-01-08 07:15:00,92.16,97.75,
2026-01-08 07:30:00,82.57,87.57,
2026-01-08 07:45:00,78.34,80.2,
2026-01-08 08:00:00,81.51,81.09,
2026-01-08 08:15:00,78.16,79.0,
2026-01-08 08:30:00,77.0,79.0,
2026-01-08 08:45:00,0.01,-0.99,
2026-01-08 09:00:00,74.11,73.14,
2026-01-08 09:15:00,4.99,2.28,
2026-01-08 09:30:00,9.9,6.57,
2026-01-08 09:45:00,9.9,3.61,
2026-01-08 10:00:00,9.86,1.8,
2026-01-08 10:15:00,9.55,0.2,
2026-01-08 10:30:00,9.61,0.2,
2026-01-08 10:45:00,9.79,0.2,
2026-01-08 11:00:00,9.9,2.3,
2026-01-08 11:15:00,9.9,2.01,
2026-01-08 11:30:00,9.9,2.08,
2026-01-08 11:45:00,9.9,1.83,
2026-01-08 12:00:00,9.9,2.22,76.21
2026-01-08 12:15:00,9.9,2.57,81.31
2026-01-08 12:30:00,9.9,3.35,100.86
2026-01-08 12:45:00,9.9,4.17,99.96
2026-01-08 13:00:00,9.9,9.49,115.03
2026-01-08 13:15:00,9.9,82.83,117.21
2026-01-08 13:30:00,5.0,9.08,60.93
2026-01-08 13:45:00,7.8,19.26,106.97
2026-01-08 14:00:00,0.0,0.1,11.0
2026-01-08 14:15:00,37.49,188.25,157.22
2026-01-08 14:30:00,85.18,163.18,146.97
2026-01-08 14:45:00,88.26,158.14,143.26
2026-01-08 15:00:00,69.46,126.79,108.66
2026-01-08 15:15:00,86.23,84.86,90.8
2026-01-08 15:30:00,85.56,83.45,122.64
2026-01-08 15:45:00,79.15,80.18,95.23
2026-01-08 16:00:00,79.12,79.04,80.53
2026-01-08 16:15:00,85.0,81.27,83.15
2026-01-08 16:30:00,85.45,81.66,85.31
2026-01-08 16:45:00,86.51,82.68,85.72
2026-01-08 17:00:00,96.03,89.66,84.66
2026-01-08 17:15:00,118.53,109.16,99.24
2026-01-08 17:30:00,125.02,114.69,109.69
2026-01-08 17:45:00,118.56,109.38,104.38
2026-01-08 18:00:00,109.86,101.43,85.5
2026-01-08 18:15:00,116.46,107.76,102.0
2026-01-08 18:30:00,117.54,103.62,98.62
2026-01-08 18:45:00,118.08,104.17,99.17
2026-01-08 19:00:00,122.14,123.64,113.14
2026-01-08 19:15:00,146.17,146.82,139.32
2026-01-08 19:30:00,160.67,191.64,186.83
2026-01-08 19:45:00,150.17,153.38,144.19
2026-01-08 20:00:00,163.42,182.15,184.3
2026-01-08 20:15:00,126.82,128.09,121.89
2026-01-08 20:30:00,117.21,118.71,115.69
2026-01-08 20:45:00,93.8,98.8,91.14
2026-01-08 21:00:00,117.41,118.47,109.73
2026-01-08 21:15:00,98.27,93.27,90.18
2026-01-08 21:30:00,93.92,86.47,86.47
2026-01-08 21:45:00,101.34,98.9,93.9
2026-01-08 22:00:00,110.92,109.19,74.19
2026-01-08 22:15:00,94.87,89.04,64.03
2026-01-08 22:30:00,91.46,86.14,61.13
2026-01-08 22:45:00,89.21,84.21,59.2
2026-01-08 23:00:00,106.4,105.99,70.99
2026-01-08 23:15:00,93.48,86.87,61.86
2026-01-08 23:30:00,90.32,84.77,59.77
2026-01-08 23:45:00,85.12,79.68,54.67
2026-01-09 00:00:00,90.0,97.23,
2026-01-09 00:15:00,90.0,95.52,
2026-01-09 00:30:00,90.0,96.0,
2026-01-09 00:45:00,89.79,95.67,
2026-01-09 01:00:00,88.69,87.61,
2026-01-09 01:15:00,88.81,87.84,
2026-01-09 01:30:00,88.75,86.2,
2026-01-09 01:45:00,88.73,86.0,
2026-01-09 02:00:00,90.0,89.67,
2026-01-09 02:15:00,90.0,92.0,
2026-01-09 02:30:00,90.0,89.84,
2026-01-09 02:45:00,90.0,89.7,
2026-01-09 03:00:00,86.05,86.34,
2026-01-09 03:15:00,86.5,86.81,
2026-01-09 03:30:00,87.03,87.35,
2026-01-09 03:45:00,88.03,88.28,
2026-01-09 04:00:00,88.31,88.6,
2026-01-09 04:15:00,89.77,89.79,
2026-01-09 04:30:00,91.32,91.43,
2026-01-09 04:45:00,92.7,91.96,
2026-01-09 05:00:00,99.65,99.06,
2026-01-09 05:15:00,101.95,100.34,
2026-01-09 05:30:00,109.25,108.27,
2026-01-09 05:45:00,122.9,117.67,
2026-01-09 06:00:00,66.85,103.98,
2026-01-09 06:15:00,121.28,117.96,
2026-01-09 06:30:00,138.5,135.2,
2026-01-09 06:45:00,149.0,147.12,
2026-01-09 07:00:00,175.98,174.3,
2026-01-09 07:15:00,181.25,179.13,
2026-01-09 07:30:00,81.8,84.12,
2026-01-09 07:45:00,97.8,102.69,
2026-01-09 08:00:00,158.9,173.9,
2026-01-09 08:15:00,110.57,105.57,
2026-01-09 08:30:00,88.97,87.8,
2026-01-09 08:45:00,78.57,77.88,
2026-01-09 09:00:00,81.71,81.65,
2026-01-09 09:15:00,79.72,84.24,
2026-01-09 09:30:00,84.71,99.96,
2026-01-09 09:45:00,79.0,85.81,
2026-01-09 10:00:00,80.71,100.79,
2026-01-09 10:15:00,84.33,100.0,
2026-01-09 10:30:00,61.04,76.04,
2026-01-09 10:45:00,85.0,100.0,
2026-01-09 11:00:00,84.78,78.35,
2026-01-09 11:15:00,84.85,78.85,
2026-01-09 11:30:00,85.0,85.33,
2026-01-09 11:45:00,84.15,100.0,
2026-01-09 12:00:00,82.66,89.0,110.64
2026-01-09 12:15:00,83.28,90.17,108.59
2026-01-09 12:30:00,83.56,90.76,105.4
2026-01-09 12:45:00,90.81,88.47,100.83
2026-01-09 13:00:00,90.73,93.93,90.84
2026-01-09 13:15:00,99.3,90.87,161.52
2026-01-09 13:30:00,98.0,94.27,114.33
2026-01-09 13:45:00,115.61,109.1,105.61
2026-01-09 14:00:00,84.2,81.32,103.85
2026-01-09 14:15:00,99.45,97.19,116.44
2026-01-09 14:30:00,116.52,113.3,109.43
2026-01-09 14:45:00,133.34,125.86,121.13
2026-01-09 15:00:00,106.73,104.51,115.51
2026-01-09 15:15:00,131.04,125.04,127.65
2026-01-09 15:30:00,139.03,127.99,144.14
2026-01-09 15:45:00,155.11,151.77,147.16
2026-01-09 16:00:00,129.78,128.7,110.65
2026-01-09 16:15:00,162.99,161.2,151.99
2026-01-09 16:30:00,154.73,157.19,140.71
2026-01-09 16:45:00,130.76,130.51,106.96
2026-01-09 17:00:00,132.35,130.6,126.29
2026-01-09 17:15:00,149.6,148.45,144.81
2026-01-09 17:30:00,143.32,147.96,140.92
2026-01-09 17:45:00,121.73,143.91,120.54
2026-01-09 18:00:00,152.01,158.38,151.41
2026-01-09 18:15:00,132.24,159.09,131.31
2026-01-09 18:30:00,130.61,132.4,129.7
2026-01-09 18:45:00,120.24,119.05,127.69
2026-01-09 19:00:00,129.08,128.41,127.57
2026-01-09 19:15:00,119.07,117.96,116.8
2026-01-09 19:30:00,154.01,151.92,149.98
2026-01-09 19:45:00,114.82,112.83,109.4
2026-01-09 20:00:00,163.93,158.51,155.34
2026-01-09 20:15:00,127.06,125.16,124.59
2026-01-09 20:30:00,113.54,134.79,131.11
2026-01-09 20:45:00,105.41,125.99,123.25
2026-01-09 21:00:00,100.98,99.34,96.14
2026-01-09 21:15:00,132.33,130.45,129.51
2026-01-09 21:30:00,127.99,127.33,130.78
2026-01-09 21:45:00,118.96,118.43,119.5
2026-01-09 22:00:00,127.45,125.34,121.45
2026-01-09 22:15:00,108.34,99.22,95.22
2026-01-09 22:30:00,101.99,90.99,105.49
2026-01-09 22:45:00,98.93,89.81,107.34
2026-01-09 23:00:00,103.11,82.11,78.46
2026-01-09 23:15:00,97.4,77.4,73.68
2026-01-09 23:30:00,94.1,75.1,70.67
2026-01-09 23:45:00,92.39,73.39,68.88
2026-01-10 00:00:00,70.0,70.01,
2026-01-10 00:15:00,73.16,58.48,
2026-01-10 00:30:00,74.85,59.91,
2026-01-10 00:45:00,73.91,58.97,
2026-01-10 01:00:00,75.69,73.87,
2026-01-10 01:15:00,78.36,76.43,
2026-01-10 01:30:00,76.02,74.06,
2026-01-10 01:45:00,75.69,73.85,
2026-01-10 02:00:00,76.07,59.9,
2026-01-10 02:15:00,75.61,59.9,
2026-01-10 02:30:00,78.16,64.24,
2026-01-10 02:45:00,77.27,61.34,
2026-01-10 03:00:00,81.99,77.7,
2026-01-10 03:15:00,81.7,79.11,
2026-01-10 03:30:00,81.69,79.09,
2026-01-10 03:45:00,81.97,78.06,
2026-01-10 04:00:00,80.89,75.73,
2026-01-10 04:15:00,81.22,78.88,
2026-01-10 04:30:00,81.74,79.16,
2026-01-10 04:45:00,82.56,80.51,
2026-01-10 05:00:00,83.0,80.47,
2026-01-10 05:15:00,83.0,80.59,
2026-01-10 05:30:00,82.68,79.12,
2026-01-10 05:45:00,41.59,43.76,
2026-01-10 06:00:00,70.35,70.33,
2026-01-10 06:15:00,80.01,78.03,
2026-01-10 06:30:00,80.94,78.97,
2026-01-10 06:45:00,81.7,79.74,
2026-01-10 07:00:00,111.62,106.52,
2026-01-10 07:15:00,110.62,105.79,
2026-01-10 07:30:00,98.34,96.25,
2026-01-10 07:45:00,90.54,88.66,
2026-01-10 08:00:00,82.09,80.13,
2026-01-10 08:15:00,73.9,72.16,
2026-01-10 08:30:00,73.08,71.57,
2026-01-10 08:45:00,120.93,133.79,
2026-01-10 09:00:00,87.7,83.56,
2026-01-10 09:15:00,88.19,84.23,
2026-01-10 09:30:00,99.9,94.37,
2026-01-10 09:45:00,87.08,85.94,
2026-01-10 10:00:00,76.24,77.89,
2026-01-10 10:15:00,71.97,66.84,
2026-01-10 10:30:00,64.79,62.99,
2026-01-10 10:45:00,63.36,62.91,
2026-01-10 11:00:00,72.1,66.96,
2026-01-10 11:15:00,72.11,77.55,
2026-01-10 11:30:00,72.22,77.44,
2026-01-10 11:45:00,72.27,85.0,
2026-01-10 12:00:00,72.4,85.0,138.82
2026-01-10 12:15:00,69.91,79.34,128.03
2026-01-10 12:30:00,72.47,85.0,138.9
2026-01-10 12:45:00,72.48,76.0,126.91
2026-01-10 13:00:00,72.36,85.0,126.13
2026-01-10 13:15:00,72.48,85.0,137.16
2026-01-10 13:30:00,69.77,75.55,125.18
2026-01-10 13:45:00,57.26,61.95,123.85
2026-01-10 14:00:00,85.9,89.12,107.0
2026-01-10 14:15:00,81.15,79.66,94.63
2026-01-10 14:30:00,69.52,74.42,37.78
2026-01-10 14:45:00,48.21,50.0,39.57
2026-01-10 15:00:00,84.27,84.45,79.0
2026-01-10 15:15:00,88.57,86.61,79.76
2026-01-10 15:30:00,85.94,85.06,76.87
2026-01-10 15:45:00,89.55,91.02,80.18
2026-01-10 16:00:00,95.8,91.8,85.8
2026-01-10 16:15:00,106.52,102.52,97.76
2026-01-10 16:30:00,112.51,112.79,108.35
2026-01-10 16:45:00,109.84,105.84,101.07
2026-01-10 17:00:00,95.01,116.0,132.21
2026-01-10 17:15:00,111.32,110.62,111.25
2026-01-10 17:30:00,93.22,114.21,114.07
2026-01-10 17:45:00,120.55,142.64,138.48
2026-01-10 18:00:00,113.95,111.5,136.3
2026-01-10 18:15:00,114.19,113.6,125.23
2026-01-10 18:30:00,113.98,111.75,126.07
2026-01-10 18:45:00,114.47,110.97,112.4
2026-01-10 19:00:00,110.15,108.88,114.85
2026-01-10 19:15:00,109.34,108.24,110.41
2026-01-10 19:30:00,108.4,104.4,102.93
2026-01-10 19:45:00,98.79,94.79,92.16
2026-01-10 20:00:00,92.8,91.94,90.71
2026-01-10 20:15:00,90.67,89.03,90.97
2026-01-10 20:30:00,89.73,88.73,88.96
2026-01-10 20:45:00,85.84,84.52,83.74
2026-01-10 21:00:00,82.59,82.01,82.43
2026-01-10 21:15:00,80.57,80.01,80.96
2026-01-10 21:30:00,79.77,79.32,80.32
2026-01-10 21:45:00,80.36,80.02,80.97
2026-01-10 22:00:00,77.26,77.2,79.0
2026-01-10 22:15:00,79.21,79.0,79.98
2026-01-10 22:30:00,78.97,78.93,79.97
2026-01-10 22:45:00,76.42,75.44,79.0
2026-01-10 23:00:00,78.12,67.63,68.19
2026-01-10 23:15:00,75.0,9.48,9.09
2026-01-10 23:30:00,69.76,4.59,22.0
2026-01-10 23:45:00,55.0,4.11,20.0
2026-01-11 00:00:00,81.22,87.93,
2026-01-11 00:15:00,81.09,87.37,
2026-01-11 00:30:00,84.42,87.16,
2026-01-11 00:45:00,84.4,87.02,
2026-01-11 01:00:00,84.78,87.35,
2026-01-11 01:15:00,84.96,87.42,
2026-01-11 01:30:00,84.77,86.77,
2026-01-11 01:45:00,84.1,85.88,
2026-01-11 02:00:00,84.57,86.7,
2026-01-11 02:15:00,84.1,86.8,
2026-01-11 02:30:00,78.08,84.57,
2026-01-11 02:45:00,78.31,85.64,
2026-01-11 03:00:00,84.86,87.7,
2026-01-11 03:15:00,84.6,88.68,
2026-01-11 03:30:00,84.56,87.71,
2026-01-11 03:45:00,81.8,95.18,
2026-01-11 04:00:00,81.92,87.62,
2026-01-11 04:15:00,79.42,90.98,
2026-01-11 04:30:00,77.8,99.02,
2026-01-11 04:45:00,79.0,99.68,
2026-01-11 05:00:00,80.86,97.13,
2026-01-11 05:15:00,80.68,99.32,
2026-01-11 05:30:00,84.4,86.99,
2026-01-11 05:45:00,84.1,86.08,
2026-01-11 06:00:00,80.5,85.81,
2026-01-11 06:15:00,80.96,86.0,
2026-01-11 06:30:00,81.15,83.89,
2026-01-11 06:45:00,80.97,83.01,
2026-01-11 07:00:00,80.99,84.65,
2026-01-11 07:15:00,81.57,85.39,
2026-01-11 07:30:00,82.54,88.78,
2026-01-11 07:45:00,83.86,86.1,
2026-01-11 08:00:00,82.64,87.75,
2026-01-11 08:15:00,82.66,86.64,
2026-01-11 08:30:00,82.32,85.8,
2026-01-11 08:45:00,64.24,75.5,
2026-01-11 09:00:00,64.2,76.17,
2026-01-11 09:15:00,63.56,79.86,
2026-01-11 09:30:00,63.5,77.98,
2026-01-11 09:45:00,55.0,76.56,
2026-01-11 10:00:00,46.62,71.87,
2026-01-11 10:15:00,62.5,81.31,
2026-01-11 10:30:00,62.85,82.5,
2026-01-11 10:45:00,81.07,97.31,
2026-01-11 11:00:00,55.0,75.28,
2026-01-11 11:15:00,78.84,96.28,
2026-01-11 11:30:00,81.38,85.85,
2026-01-11 11:45:00,86.8,92.76,
2026-01-11 12:00:00,86.62,92.23,98.88
2026-01-11 12:15:00,93.68,98.41,95.91
2026-01-11 12:30:00,94.28,101.31,98.31
2026-01-11 12:45:00,88.99,96.06,95.89
2026-01-11 13:00:00,95.5,99.45,99.26
2026-01-11 13:15:00,88.45,89.96,97.67
2026-01-11 13:30:00,84.62,92.52,99.0
2026-01-11 13:45:00,78.8,85.81,95.99
2026-01-11 14:00:00,81.01,81.73,79.0
2026-01-11 14:15:00,81.0,81.96,79.24
2026-01-11 14:30:00,80.49,81.14,78.52
2026-01-11 14:45:00,81.12,81.42,79.46
2026-01-11 15:00:00,81.33,82.82,79.0
2026-01-11 15:15:00,81.85,82.64,79.07
2026-01-11 15:30:00,83.85,83.83,97.02
2026-01-11 15:45:00,89.15,110.08,107.91
2026-01-11 16:00:00,95.76,104.59,99.41
2026-01-11 16:15:00,111.15,114.35,115.83
2026-01-11 16:30:00,118.4,118.74,126.02
2026-01-11 16:45:00,124.15,140.0,124.41
2026-01-11 17:00:00,111.99,119.4,116.3
2026-01-11 17:15:00,110.38,119.21,127.34
2026-01-11 17:30:00,118.95,120.03,119.37
2026-01-11 17:45:00,116.27,117.05,126.63
2026-01-11 18:00:00,115.33,124.02,124.45
2026-01-11 18:15:00,113.58,120.0,120.83
2026-01-11 18:30:00,113.87,121.62,125.1
2026-01-11 18:45:00,114.26,119.2,115.84
2026-01-11 19:00:00,125.32,126.56,126.15
2026-01-11 19:15:00,118.25,128.01,125.78
2026-01-11 19:30:00,115.35,118.14,125.01
2026-01-11 19:45:00,107.19,107.19,125.3
2026-01-11 20:00:00,115.58,116.99,149.4
2026-01-11 20:15:00,111.33,108.15,125.88
2026-01-11 20:30:00,108.32,107.32,116.48
2026-01-11 20:45:00,97.14,96.14,99.85
2026-01-11 21:00:00,83.75,79.0,82.12
2026-01-11 21:15:00,83.04,79.0,80.1
2026-01-11 21:30:00,82.67,79.0,79.68
2026-01-11 21:45:00,82.37,79.0,79.36
2026-01-11 22:00:00,80.22,62.32,77.3
2026-01-11 22:15:00,80.0,78.93,76.97
2026-01-11 22:30:00,77.95,76.91,74.91
2026-01-11 22:45:00,79.91,78.87,76.8
2026-01-11 23:00:00,77.47,76.47,75.34
2026-01-11 23:15:00,77.07,76.3,74.95
2026-01-11 23:30:00,75.26,74.29,73.18
2026-01-11 23:45:00,76.22,75.25,74.15
2026-01-12 00:00:00,79.31,78.78,
2026-01-12 00:15:00,77.13,76.75,
2026-01-12 00:30:00,76.29,75.84,
2026-01-12 00:45:00,75.52,75.04,
2026-01-12 01:00:00,75.36,74.87,
2026-01-12 01:15:00,75.3,74.83,
2026-01-12 01:30:00,75.64,75.14,
2026-01-12 01:45:00,76.31,76.01,
2026-01-12 02:00:00,83.19,79.81,
2026-01-12 02:15:00,81.28,80.05,
2026-01-12 02:30:00,81.29,80.92,
2026-01-12 02:45:00,80.17,79.21,
2026-01-12 03:00:00,74.21,74.01,
2026-01-12 03:15:00,73.2,73.01,
2026-01-12 03:30:00,73.6,73.18,
2026-01-12 03:45:00,74.21,73.61,
2026-01-12 04:00:00,75.29,74.47,
2026-01-12 04:15:00,75.6,74.84,
2026-01-12 04:30:00,76.69,75.68,
2026-01-12 04:45:00,79.09,77.54,
2026-01-12 05:00:00,76.84,75.79,
2026-01-12 05:15:00,77.61,76.35,
2026-01-12 05:30:00,78.11,77.06,
2026-01-12 05:45:00,81.59,80.65,
2026-01-12 06:00:00,81.94,79.53,
2026-01-12 06:15:00,95.61,92.06,
2026-01-12 06:30:00,106.05,104.09,
2026-01-12 06:45:00,117.18,112.23,
2026-01-12 07:00:00,159.15,154.71,
2026-01-12 07:15:00,152.81,152.24,
2026-01-12 07:30:00,114.83,109.83,
2026-01-12 07:45:00,103.98,98.98,
2026-01-12 08:00:00,95.57,94.11,
2026-01-12 08:15:00,81.53,82.81,
2026-01-12 08:30:00,77.4,78.96,
2026-01-12 08:45:00,74.75,75.37,
2026-01-12 09:00:00,78.64,78.64,
2026-01-12 09:15:00,74.54,74.34,
2026-01-12 09:30:00,73.35,74.09,
2026-01-12 09:45:00,0.01,0.01,
2026-01-12 10:00:00,76.5,85.7,
2026-01-12 10:15:00,71.64,76.97,
2026-01-12 10:30:00,50.95,55.23,
2026-01-12 10:45:00,15.03,15.41,
2026-01-12 11:00:00,4.24,2.0,
2026-01-12 11:15:00,4.27,0.0,
2026-01-12 11:30:00,4.3,4.0,
2026-01-12 11:45:00,53.45,53.9,
2026-01-12 12:00:00,5.35,5.0,22.22
2026-01-12 12:15:00,55.06,57.49,65.3
2026-01-12 12:30:00,57.82,57.53,65.33
2026-01-12 12:45:00,0.01,0.54,20.24
2026-01-12 13:00:00,51.39,51.85,61.62
2026-01-12 13:15:00,52.64,52.04,62.61
2026-01-12 13:30:00,48.59,51.95,62.97
2026-01-12 13:45:00,55.0,55.0,65.66
2026-01-12 14:00:00,2.32,1.29,20.13
2026-01-12 14:15:00,73.04,72.84,74.03
2026-01-12 14:30:00,79.01,78.29,82.09
2026-01-12 14:45:00,82.62,79.0,82.3
2026-01-12 15:00:00,76.17,76.04,78.53
2026-01-12 15:15:00,85.7,81.0,81.19
2026-01-12 15:30:00,96.25,91.14,102.61
2026-01-12 15:45:00,114.03,112.47,122.27
2026-01-12 16:00:00,115.32,110.16,115.99
2026-01-12 16:15:00,125.66,123.74,134.14
2026-01-12 16:30:00,156.62,156.58,149.46
2026-01-12 16:45:00,231.03,231.88,223.44
2026-01-12 17:00:00,142.72,135.38,139.08
2026-01-12 17:15:00,155.26,150.0,171.63
2026-01-12 17:30:00,156.48,150.56,155.68
2026-01-12 17:45:00,192.12,185.6,181.34
2026-01-12 18:00:00,144.18,146.81,139.71
2026-01-12 18:15:00,148.61,150.41,150.78
2026-01-12 18:30:00,147.95,150.44,145.53
2026-01-12 18:45:00,155.1,152.26,163.72
2026-01-12 19:00:00,153.61,152.24,170.46
2026-01-12 19:15:00,153.55,152.25,164.49
2026-01-12 19:30:00,153.2,152.26,148.24
2026-01-12 19:45:00,137.79,139.02,140.79
2026-01-12 20:00:00,178.67,189.67,212.43
2026-01-12 20:15:00,156.81,168.95,150.47
2026-01-12 20:30:00,146.5,152.25,139.71
2026-01-12 20:45:00,123.2,126.58,117.86
2026-01-12 21:00:00,164.5,171.53,158.76
2026-01-12 21:15:00,154.26,152.3,146.41
2026-01-12 21:30:00,125.14,132.62,140.63
2026-01-12 21:45:00,122.01,128.71,139.54
2026-01-12 22:00:00,113.37,110.44,83.73
2026-01-12 22:15:00,105.36,99.94,75.41
2026-01-12 22:30:00,96.14,79.53,69.87
2026-01-12 22:45:00,97.51,79.39,79.0
2026-01-12 23:00:00,115.1,113.0,83.61
2026-01-12 23:15:00,106.35,100.94,81.05
2026-01-12 23:30:00,94.72,78.72,79.0
2026-01-12 23:45:00,93.6,77.6,67.61
2026-01-13 00:00:00,109.64,104.81,
2026-01-13 00:15:00,108.45,103.61,
2026-01-13 00:30:00,107.16,102.31,
2026-01-13 00:45:00,105.28,100.44,
2026-01-13 01:00:00,75.08,90.35,
2026-01-13 01:15:00,97.12,93.29,
2026-01-13 01:30:00,104.68,95.01,
2026-01-13 01:45:00,103.62,98.27,
2026-01-13 02:00:00,105.28,100.99,
2026-01-13 02:15:00,105.96,101.36,
2026-01-13 02:30:00,104.07,98.98,
2026-01-13 02:45:00,102.78,97.69,
2026-01-13 03:00:00,74.45,89.97,
2026-01-13 03:15:00,96.69,92.88,
2026-01-13 03:30:00,102.89,98.0,
2026-01-13 03:45:00,101.44,96.51,
2026-01-13 04:00:00,107.46,102.61,
2026-01-13 04:15:00,110.91,105.06,
2026-01-13 04:30:00,108.09,102.24,
2026-01-13 04:45:00,110.01,104.13,
2026-01-13 05:00:00,106.09,101.34,
2026-01-13 05:15:00,111.19,106.46,
2026-01-13 05:30:00,113.12,108.43,
2026-01-13 05:45:00,129.13,139.61,
2026-01-13 06:00:00,106.87,102.13,
2026-01-13 06:15:00,118.15,126.33,
2026-01-13 06:30:00,119.06,117.56,
2026-01-13 06:45:00,145.8,140.68,
2026-01-13 07:00:00,201.66,205.76,
2026-01-13 07:15:00,148.56,150.81,
2026-01-13 07:30:00,135.26,129.57,
2026-01-13 07:45:00,103.25,69.36,
2026-01-13 08:00:00,156.28,156.49,
2026-01-13 08:15:00,113.14,108.3,
2026-01-13 08:30:00,112.77,117.77,
2026-01-13 08:45:00,102.94,98.36,
2026-01-13 09:00:00,87.92,85.03,
2026-01-13 09:15:00,108.89,103.92,
2026-01-13 09:30:00,85.95,83.77,
2026-01-13 09:45:00,82.63,79.77,
2026-01-13 10:00:00,84.04,89.48,
2026-01-13 10:15:00,83.96,89.4,
2026-01-13 10:30:00,84.08,89.46,
2026-01-13 10:45:00,81.04,80.09,
2026-01-13 11:00:00,81.52,86.56,
2026-01-13 11:15:00,81.72,78.33,
2026-01-13 11:30:00,80.63,75.71,
2026-01-13 11:45:00,80.67,75.75,
2026-01-13 12:00:00,76.02,75.42,70.35
2026-01-13 12:15:00,76.47,75.17,70.1
2026-01-13 12:30:00,76.34,74.93,69.93
2026-01-13 12:45:00,75.96,74.25,70.0
2026-01-13 13:00:00,74.4,76.81,70.0
2026-01-13 13:15:00,74.93,78.05,71.59
2026-01-13 13:30:00,76.48,80.96,75.24
2026-01-13 13:45:00,78.04,86.08,75.62
2026-01-13 14:00:00,80.09,80.89,71.93
2026-01-13 14:15:00,83.07,87.08,75.09
2026-01-13 14:30:00,85.79,92.73,76.81
2026-01-13 14:45:00,96.7,95.79,85.0
2026-01-13 15:00:00,95.93,95.71,97.05
2026-01-13 15:15:00,130.49,125.49,137.2
2026-01-13 15:30:00,146.09,150.64,177.38
2026-01-13 15:45:00,146.61,150.69,175.14
2026-01-13 16:00:00,115.82,120.69,100.0
2026-01-13 16:15:00,181.11,185.21,176.74
2026-01-13 16:30:00,299.59,304.14,295.77
2026-01-13 16:45:00,407.51,407.1,399.86
2026-01-13 17:00:00,358.81,343.0,351.05
2026-01-13 17:15:00,422.7,403.0,414.51
2026-01-13 17:30:00,384.78,367.12,373.81
2026-01-13 17:45:00,355.04,338.2,346.6
2026-01-13 18:00:00,388.27,374.41,369.14
2026-01-13 18:15:00,391.69,383.69,375.35
2026-01-13 18:30:00,381.51,370.04,365.47
2026-01-13 18:45:00,329.57,316.31,321.25
2026-01-13 19:00:00,348.55,344.27,339.84
2026-01-13 19:15:00,336.83,339.63,340.07
2026-01-13 19:30:00,221.06,223.8,224.31
2026-01-13 19:45:00,157.62,161.36,155.39
2026-01-13 20:00:00,152.7,159.87,168.0
2026-01-13 20:15:00,148.8,150.8,157.08
2026-01-13 20:30:00,140.83,142.79,154.14
2026-01-13 20:45:00,116.9,118.62,136.02
2026-01-13 21:00:00,152.68,160.38,155.44
2026-01-13 21:15:00,148.32,155.43,161.64
2026-01-13 21:30:00,121.36,129.97,135.0
2026-01-13 21:45:00,122.86,139.92,139.33
2026-01-13 22:00:00,124.31,124.78,124.31
2026-01-13 22:15:00,135.52,131.41,135.8
2026-01-13 22:30:00,119.55,119.17,118.55
2026-01-13 22:45:00,115.06,116.1,120.0
2026-01-13 23:00:00,89.43,89.66,90.21
2026-01-13 23:15:00,119.79,104.98,116.91
2026-01-13 23:30:00,114.03,92.14,112.4
2026-01-13 23:45:00,112.78,91.34,109.84
2026-01-14 00:00:00,86.83,80.78,
2026-01-14 00:15:00,88.74,83.26,
2026-01-14 00:30:00,95.8,90.37,
2026-01-14 00:45:00,109.59,108.97,
2026-01-14 01:00:00,97.28,88.75,
2026-01-14 01:15:00,107.75,105.76,
2026-01-14 01:30:00,109.53,109.3,
2026-01-14 01:45:00,109.56,107.89,
2026-01-14 02:00:00,97.14,88.58,
2026-01-14 02:15:00,103.33,96.62,
2026-01-14 02:30:00,108.43,100.18,
2026-01-14 02:45:00,109.11,100.83,
2026-01-14 03:00:00,109.68,101.31,
2026-01-14 03:15:00,111.73,103.08,
2026-01-14 03:30:00,114.3,113.15,
2026-01-14 03:45:00,111.71,103.08,
2026-01-14 04:00:00,87.18,81.31,
2026-01-14 04:15:00,88.0,82.08,
2026-01-14 04:30:00,87.0,80.81,
2026-01-14 04:45:00,88.13,84.07,
2026-01-14 05:00:00,89.56,90.4,
2026-01-14 05:15:00,114.91,119.5,
2026-01-14 05:30:00,111.17,122.64,
2026-01-14 05:45:00,134.63,135.0,
2026-01-14 06:00:00,108.66,108.5,
2026-01-14 06:15:00,154.48,153.18,
2026-01-14 06:30:00,155.4,158.06,
2026-01-14 06:45:00,154.12,161.21,
2026-01-14 07:00:00,216.11,217.23,
2026-01-14 07:15:00,168.14,177.99,
2026-01-14 07:30:00,130.0,139.47,
2026-01-14 07:45:00,95.35,90.53,
2026-01-14 08:00:00,130.0,140.0,
2026-01-14 08:15:00,97.88,105.85,
2026-01-14 08:30:00,88.48,105.57,
2026-01-14 08:45:00,63.19,98.18,
2026-01-14 09:00:00,85.22,89.81,
2026-01-14 09:15:00,85.82,91.72,
2026-01-14 09:30:00,81.9,82.5,
2026-01-14 09:45:00,73.88,77.27,
2026-01-14 10:00:00,79.0,80.83,
2026-01-14 10:15:00,75.3,79.92,
2026-01-14 10:30:00,74.23,76.92,
2026-01-14 10:45:00,70.32,74.61,
2026-01-14 11:00:00,68.93,70.45,
2026-01-14 11:15:00,68.93,70.45,
2026-01-14 11:30:00,70.95,72.49,
2026-01-14 11:45:00,70.84,73.39,
2026-01-14 12:00:00,68.92,70.43,49.99
2026-01-14 12:15:00,65.27,69.98,60.76
2026-01-14 12:30:00,64.22,69.99,50.0
2026-01-14 12:45:00,67.17,72.4,64.11
2026-01-14 13:00:00,68.0,74.01,68.87
2026-01-14 13:15:00,68.43,74.84,69.73
2026-01-14 13:30:00,67.7,75.92,70.47
2026-01-14 13:45:00,66.4,79.83,61.45
2026-01-14 14:00:00,68.96,69.89,72.2
2026-01-14 14:15:00,78.29,81.47,81.04
2026-01-14 14:30:00,79.53,83.04,75.58
2026-01-14 14:45:00,83.21,96.28,110.55
2026-01-14 15:00:00,91.01,105.92,115.95
2026-01-14 15:15:00,110.03,122.69,133.21
2026-01-14 15:30:00,159.16,159.09,169.97
2026-01-14 15:45:00,211.65,202.92,222.41
2026-01-14 16:00:00,129.63,132.59,123.4
2026-01-14 16:15:00,151.96,152.2,147.2
2026-01-14 16:30:00,171.65,168.72,180.82
2026-01-14 16:45:00,313.76,313.21,298.71
2026-01-14 17:00:00,245.45,245.65,244.79
2026-01-14 17:15:00,270.38,271.38,269.4
2026-01-14 17:30:00,302.53,303.53,301.64
2026-01-14 17:45:00,314.94,315.94,313.77
2026-01-14 18:00:00,253.61,255.11,253.38
2026-01-14 18:15:00,281.39,282.39,284.1
2026-01-14 18:30:00,249.09,260.17,258.59
2026-01-14 18:45:00,264.4,269.0,266.9
2026-01-14 19:00:00,282.72,282.22,281.48
2026-01-14 19:15:00,235.31,242.79,246.31
2026-01-14 19:30:00,251.94,259.18,260.14
2026-01-14 19:45:00,235.59,243.2,252.59
2026-01-14 20:00:00,251.29,247.01,237.54
2026-01-14 20:15:00,155.82,164.02,159.79
2026-01-14 20:30:00,156.26,163.44,163.2
2026-01-14 20:45:00,132.23,134.74,133.0
2026-01-14 21:00:00,165.09,155.12,167.5
2026-01-14 21:15:00,149.47,144.08,158.48
2026-01-14 21:30:00,144.47,140.26,145.46
2026-01-14 21:45:00,128.85,126.25,126.12
2026-01-14 22:00:00,128.66,140.0,144.79
2026-01-14 22:15:00,137.56,138.34,140.32
2026-01-14 22:30:00,125.39,122.0,133.86
2026-01-14 22:45:00,114.55,110.0,133.84
2026-01-14 23:00:00,124.01,124.05,122.61
2026-01-14 23:15:00,118.4,126.01,133.89
2026-01-14 23:30:00,118.39,110.25,133.28
2026-01-14 23:45:00,112.79,106.9,127.41
2026-01-15 00:00:00,107.05,84.03,
2026-01-15 00:15:00,109.95,103.64,
2026-01-15 00:30:00,116.38,106.7,
2026-01-15 00:45:00,112.01,90.46,
2026-01-15 01:00:00,117.6,106.81,
2026-01-15 01:15:00,114.61,106.51,
2026-01-15 01:30:00,114.6,104.51,
2026-01-15 01:45:00,106.36,95.83,
2026-01-15 02:00:00,113.55,84.89,
2026-01-15 02:15:00,109.37,84.03,
2026-01-15 02:30:00,107.98,84.03,
2026-01-15 02:45:00,91.91,75.45,
2026-01-15 03:00:00,91.46,72.57,
2026-01-15 03:15:00,91.38,71.46,
2026-01-15 03:30:00,90.38,71.04,
2026-01-15 03:45:00,90.1,70.1,
2026-01-15 04:00:00,89.52,69.52,
2026-01-15 04:15:00,89.91,69.91,
2026-01-15 04:30:00,89.7,69.22,
2026-01-15 04:45:00,90.19,70.19,
2026-01-15 05:00:00,103.99,78.96,
2026-01-15 05:15:00,107.34,73.78,
2026-01-15 05:30:00,109.66,101.66,
2026-01-15 05:45:00,131.36,125.91,
2026-01-15 06:00:00,126.69,122.1,
2026-01-15 06:15:00,131.65,134.19,
2026-01-15 06:30:00,131.22,149.44,
2026-01-15 06:45:00,144.18,165.39,
2026-01-15 07:00:00,183.98,198.51,
2026-01-15 07:15:00,174.52,171.55,
2026-01-15 07:30:00,139.86,136.27,
2026-01-15 07:45:00,115.04,106.27,
2026-01-15 08:00:00,109.48,92.67,
2026-01-15 08:15:00,92.82,84.82,
2026-01-15 08:30:00,84.9,79.0,
2026-01-15 08:45:00,79.56,66.66,
2026-01-15 09:00:00,82.2,57.89,
2026-01-15 09:15:00,76.38,54.89,
2026-01-15 09:30:00,85.7,57.9,
2026-01-15 09:45:00,80.1,55.37,
2026-01-15 10:00:00,83.46,54.14,
2026-01-15 10:15:00,79.79,53.17,
2026-01-15 10:30:00,79.58,54.82,
2026-01-15 10:45:00,80.0,74.74,
2026-01-15 11:00:00,78.22,54.4,
2026-01-15 11:15:00,65.94,46.09,
2026-01-15 11:30:00,63.99,42.48,
2026-01-15 11:45:00,58.74,37.26,
2026-01-15 12:00:00,65.94,46.09,81.59
2026-01-15 12:15:00,71.28,47.44,82.92
2026-01-15 12:30:00,65.94,46.09,81.59
2026-01-15 12:45:00,80.0,77.0,83.9
2026-01-15 13:00:00,77.18,55.7,83.1
2026-01-15 13:15:00,79.68,53.95,83.45
2026-01-15 13:30:00,79.7,53.41,88.32
2026-01-15 13:45:00,82.11,54.03,93.64
2026-01-15 14:00:00,80.74,79.0,84.63
2026-01-15 14:15:00,81.9,79.0,85.74
2026-01-15 14:30:00,81.14,79.0,82.93
2026-01-15 14:45:00,83.5,80.97,89.67
2026-01-15 15:00:00,89.32,81.34,90.33
2026-01-15 15:15:00,98.65,98.83,113.56
2026-01-15 15:30:00,115.8,128.52,131.59
2026-01-15 15:45:00,150.8,160.8,167.2
2026-01-15 16:00:00,129.48,128.3,102.94
2026-01-15 16:15:00,150.8,147.8,144.8
2026-01-15 16:30:00,150.81,149.86,144.81
2026-01-15 16:45:00,246.25,245.59,242.59
2026-01-15 17:00:00,202.88,252.36,253.38
2026-01-15 17:15:00,282.08,289.7,289.7
2026-01-15 17:30:00,273.43,289.71,277.04
2026-01-15 17:45:00,283.97,304.66,288.25
2026-01-15 18:00:00,294.12,400.0,298.96
2026-01-15 18:15:00,289.78,400.0,294.75
2026-01-15 18:30:00,280.12,400.01,288.95
2026-01-15 18:45:00,272.75,348.16,276.76
2026-01-15 19:00:00,281.06,286.95,278.06
2026-01-15 19:15:00,274.42,280.0,271.42
2026-01-15 19:30:00,251.63,268.0,251.9
2026-01-15 19:45:00,233.22,235.0,236.76
2026-01-15 20:00:00,242.74,288.47,243.06
2026-01-15 20:15:00,211.3,221.6,215.48
2026-01-15 20:30:00,148.3,140.3,154.48
2026-01-15 20:45:00,147.42,120.81,147.86
2026-01-15 21:00:00,174.43,174.43,176.24
2026-01-15 21:15:00,147.04,147.0,152.77
2026-01-15 21:30:00,148.31,143.31,150.64
2026-01-15 21:45:00,122.0,121.0,126.2
2026-01-15 22:00:00,151.76,143.99,144.67
2026-01-15 22:15:00,132.69,142.29,142.29
2026-01-15 22:30:00,131.0,131.68,134.23
2026-01-15 22:45:00,125.83,70.46,125.88
2026-01-15 23:00:00,122.39,79.45,127.15
2026-01-15 23:15:00,112.34,77.38,108.29
2026-01-15 23:30:00,111.7,84.59,107.48
2026-01-15 23:45:00,109.5,85.01,104.08
2026-01-16 00:00:00,114.94,121.47,
2026-01-16 00:15:00,123.87,86.55,
2026-01-16 00:30:00,123.03,121.96,
2026-01-16 00:45:00,122.77,120.3,
2026-01-16 01:00:00,113.97,124.27,
2026-01-16 01:15:00,113.25,123.75,
2026-01-16 01:30:00,112.9,122.96,
2026-01-16 01:45:00,112.6,123.09,
2026-01-16 02:00:00,111.33,110.27,
2026-01-16 02:15:00,110.59,117.0,
2026-01-16 02:30:00,108.35,117.9,
2026-01-16 02:45:00,106.56,117.9,
2026-01-16 03:00:00,109.57,116.35,
2026-01-16 03:15:00,109.79,115.56,
2026-01-16 03:30:00,109.93,116.35,
2026-01-16 03:45:00,108.43,115.59,
2026-01-16 04:00:00,114.8,100.0,
2026-01-16 04:15:00,107.69,98.42,
2026-01-16 04:30:00,106.49,90.0,
2026-01-16 04:45:00,116.34,108.49,
2026-01-16 05:00:00,108.07,106.55,
2026-01-16 05:15:00,112.57,109.76,
2026-01-16 05:30:00,127.9,123.82,
2026-01-16 05:45:00,140.47,148.67,
2026-01-16 06:00:00,121.99,117.9,
2026-01-16 06:15:00,128.27,138.84,
2026-01-16 06:30:00,144.87,139.11,
2026-01-16 06:45:00,168.26,159.78,
2026-01-16 07:00:00,150.68,164.9,
2026-01-16 07:15:00,175.15,179.8,
2026-01-16 07:30:00,164.76,178.1,
2026-01-16 07:45:00,127.94,132.16,
2026-01-16 08:00:00,171.45,187.59,
2026-01-16 08:15:00,145.08,165.81,
2026-01-16 08:30:00,107.66,110.57,
2026-01-16 08:45:00,98.05,114.88,
2026-01-16 09:00:00,90.17,96.73,
2026-01-16 09:15:00,87.11,89.2,
2026-01-16 09:30:00,89.71,94.82,
2026-01-16 09:45:00,81.09,78.15,
2026-01-16 10:00:00,79.63,133.17,
2026-01-16 10:15:00,79.13,94.11,
2026-01-16 10:30:00,74.11,89.36,
2026-01-16 10:45:00,72.77,85.64,
2026-01-16 11:00:00,72.98,84.23,
2026-01-16 11:15:00,72.32,87.0,
2026-01-16 11:30:00,72.5,78.17,
2026-01-16 11:45:00,72.55,78.18,
2026-01-16 12:00:00,72.53,73.09,95.35
2026-01-16 12:15:00,72.56,73.02,94.74
2026-01-16 12:30:00,73.65,76.98,93.0
2026-01-16 12:45:00,74.5,79.0,101.75
2026-01-16 13:00:00,77.97,81.0,92.34
2026-01-16 13:15:00,78.36,92.72,94.72
2026-01-16 13:30:00,79.0,91.21,93.45
2026-01-16 13:45:00,83.9,96.64,99.44
2026-01-16 14:00:00,84.63,96.78,96.78
2026-01-16 14:15:00,96.98,101.53,103.29
2026-01-16 14:30:00,106.56,108.69,109.34
2026-01-16 14:45:00,120.26,127.14,135.17
2026-01-16 15:00:00,108.56,98.02,100.49
2026-01-16 15:15:00,155.16,160.31,164.44
2026-01-16 15:30:00,142.77,148.26,145.26
2026-01-16 15:45:00,177.71,171.0,175.41
2026-01-16 16:00:00,156.64,161.66,176.53
2026-01-16 16:15:00,182.36,173.62,188.16
2026-01-16 16:30:00,187.21,187.38,192.62
2026-01-16 16:45:00,208.52,208.82,188.1
2026-01-16 17:00:00,213.52,199.71,210.22
2026-01-16 17:15:00,212.4,199.37,188.52
2026-01-16 17:30:00,199.41,187.0,182.66
2026-01-16 17:45:00,213.6,190.51,182.12
2026-01-16 18:00:00,183.29,177.78,181.33
2026-01-16 18:15:00,186.88,176.01,176.28
2026-01-16 18:30:00,177.12,172.87,173.18
2026-01-16 18:45:00,179.33,169.17,170.14
2026-01-16 19:00:00,196.3,175.68,177.87
2026-01-16 19:15:00,198.37,176.75,203.7
2026-01-16 19:30:00,190.49,173.3,186.51
2026-01-16 19:45:00,151.81,151.03,160.81
2026-01-16 20:00:00,183.62,181.0,175.85
2026-01-16 20:15:00,158.97,158.95,160.8
2026-01-16 20:30:00,143.08,137.62,137.1
2026-01-16 20:45:00,115.7,122.23,122.68
2026-01-16 21:00:00,140.95,140.25,138.42
2026-01-16 21:15:00,137.2,135.6,134.9
2026-01-16 21:30:00,132.16,129.67,130.0
2026-01-16 21:45:00,118.19,110.0,126.49
2026-01-16 22:00:00,132.36,129.55,130.0
2026-01-16 22:15:00,124.87,125.43,126.74
2026-01-16 22:30:00,123.73,124.19,126.31
2026-01-16 22:45:00,116.94,120.28,124.72
2026-01-16 23:00:00,99.69,119.7,89.67
2026-01-16 23:15:00,98.26,104.67,97.12
2026-01-16 23:30:00,94.41,92.15,91.13
2026-01-16 23:45:00,90.82,90.65,89.72
2026-01-17 00:00:00,91.16,90.29,
2026-01-17 00:15:00,95.91,91.8,
2026-01-17 00:30:00,110.82,105.36,
2026-01-17 00:45:00,120.27,92.84,
2026-01-17 01:00:00,122.37,114.44,
2026-01-17 01:15:00,120.59,111.0,
2026-01-17 01:30:00,118.98,109.25,
2026-01-17 01:45:00,109.1,103.1,
2026-01-17 02:00:00,120.55,111.22,
2026-01-17 02:15:00,101.59,96.71,
2026-01-17 02:30:00,120.02,102.85,
2026-01-17 02:45:00,116.83,101.72,
2026-01-17 03:00:00,117.26,103.98,
2026-01-17 03:15:00,114.3,105.49,
2026-01-17 03:30:00,112.53,103.93,
2026-01-17 03:45:00,94.95,90.95,
2026-01-17 04:00:00,92.75,89.92,
2026-01-17 04:15:00,91.72,88.47,
2026-01-17 04:30:00,91.48,87.8,
2026-01-17 04:45:00,91.06,88.01,
2026-01-17 05:00:00,86.32,88.0,
2026-01-17 05:15:00,89.32,89.5,
2026-01-17 05:30:00,90.01,87.61,
2026-01-17 05:45:00,92.74,90.51,
2026-01-17 06:00:00,93.9,91.9,
2026-01-17 06:15:00,90.5,88.2,
2026-01-17 06:30:00,85.93,83.25,
2026-01-17 06:45:00,82.37,82.29,
2026-01-17 07:00:00,89.98,88.2,
2026-01-17 07:15:00,91.41,90.25,
2026-01-17 07:30:00,90.88,89.72,
2026-01-17 07:45:00,91.74,90.22,
2026-01-17 08:00:00,116.58,117.39,
2026-01-17 08:15:00,85.23,83.23,
2026-01-17 08:30:00,82.85,81.44,
2026-01-17 08:45:00,79.1,81.0,
2026-01-17 09:00:00,84.41,81.0,
2026-01-17 09:15:00,80.3,80.0,
2026-01-17 09:30:00,73.47,78.41,
2026-01-17 09:45:00,71.05,66.72,
2026-01-17 10:00:00,71.87,67.66,
2026-01-17 10:15:00,78.98,80.56,
2026-01-17 10:30:00,80.45,81.0,
2026-01-17 10:45:00,78.93,81.0,
2026-01-17 11:00:00,91.56,81.0,
2026-01-17 11:15:00,93.38,82.99,
2026-01-17 11:30:00,95.43,84.93,
2026-01-17 11:45:00,93.74,83.8,
2026-01-17 12:00:00,95.67,83.35,105.35
2026-01-17 12:15:00,94.93,82.72,107.72
2026-01-17 12:30:00,91.53,81.96,103.96
2026-01-17 12:45:00,96.19,87.47,108.57
2026-01-17 13:00:00,94.63,93.5,111.21
2026-01-17 13:15:00,94.84,93.8,111.25
2026-01-17 13:30:00,86.76,85.81,104.2
2026-01-17 13:45:00,92.14,86.8,108.14
2026-01-17 14:00:00,90.57,87.56,105.65
2026-01-17 14:15:00,87.27,85.14,98.23
2026-01-17 14:30:00,84.23,82.19,79.32
2026-01-17 14:45:00,84.47,82.46,80.07
2026-01-17 15:00:00,91.11,87.2,87.14
2026-01-17 15:15:00,86.83,83.85,82.85
2026-01-17 15:30:00,91.44,89.44,87.52
2026-01-17 15:45:00,90.5,89.38,87.35
2026-01-17 16:00:00,90.44,87.56,85.56
2026-01-17 16:15:00,95.63,92.43,90.43
2026-01-17 16:30:00,101.13,98.13,99.17
2026-01-17 16:45:00,113.97,118.98,120.59
2026-01-17 17:00:00,121.08,124.6,127.58
2026-01-17 17:15:00,139.66,140.48,144.96
2026-01-17 17:30:00,140.94,140.98,145.94
2026-01-17 17:45:00,145.5,146.74,145.82
2026-01-17 18:00:00,124.94,128.14,128.74
2026-01-17 18:15:00,123.49,126.31,127.52
2026-01-17 18:30:00,119.16,122.65,124.66
2026-01-17 18:45:00,114.86,114.64,121.44
2026-01-17 19:00:00,109.62,106.62,112.07
2026-01-17 19:15:00,103.39,100.39,98.39
2026-01-17 19:30:00,97.85,94.85,92.85
2026-01-17 19:45:00,91.2,84.46,84.08
2026-01-17 20:00:00,89.09,85.18,83.88
2026-01-17 20:15:00,87.06,83.06,82.09
2026-01-17 20:30:00,86.08,82.36,80.89
2026-01-17 20:45:00,85.24,81.97,80.75
2026-01-17 21:00:00,84.08,82.37,78.38
2026-01-17 21:15:00,84.53,82.96,78.98
2026-01-17 21:30:00,87.79,85.79,82.07
2026-01-17 21:45:00,88.35,86.34,84.37
2026-01-17 22:00:00,86.24,84.25,80.29
2026-01-17 22:15:00,88.58,86.55,84.57
2026-01-17 22:30:00,99.34,106.65,108.34
2026-01-17 22:45:00,101.51,108.51,108.91
2026-01-17 23:00:00,85.0,85.36,88.72
2026-01-17 23:15:00,80.35,81.94,87.38
2026-01-17 23:30:00,77.69,77.06,83.82
2026-01-17 23:45:00,75.57,77.0,80.0
2026-01-18 00:00:00,76.81,77.4,
2026-01-18 00:15:00,76.81,76.84,
2026-01-18 00:30:00,76.81,76.43,
2026-01-18 00:45:00,76.81,76.46,
2026-01-18 01:00:00,85.79,84.22,
2026-01-18 01:15:00,89.52,86.74,
2026-01-18 01:30:00,87.74,86.06,
2026-01-18 01:45:00,83.9,84.03,
2026-01-18 02:00:00,83.64,94.01,
2026-01-18 02:15:00,81.33,83.88,
2026-01-18 02:30:00,80.24,85.31,
2026-01-18 02:45:00,80.0,82.09,
2026-01-18 03:00:00,85.34,97.61,
2026-01-18 03:15:00,85.5,93.18,
2026-01-18 03:30:00,85.14,90.96,
2026-01-18 03:45:00,85.25,88.12,
2026-01-18 04:00:00,85.57,91.32,
2026-01-18 04:15:00,85.41,90.72,
2026-01-18 04:30:00,86.98,94.55,
2026-01-18 04:45:00,88.38,98.25,
2026-01-18 05:00:00,92.81,101.27,
2026-01-18 05:15:00,102.26,100.79,
2026-01-18 05:30:00,102.6,103.58,
2026-01-18 05:45:00,107.32,105.43,
2026-01-18 06:00:00,101.66,96.54,
2026-01-18 06:15:00,97.95,95.13,
2026-01-18 06:30:00,99.96,96.42,
2026-01-18 06:45:00,100.94,96.91,
2026-01-18 07:00:00,120.44,103.49,
2026-01-18 07:15:00,121.51,102.77,
2026-01-18 07:30:00,121.55,104.3,
2026-01-18 07:45:00,121.59,106.03,
2026-01-18 08:00:00,103.23,109.9,
2026-01-18 08:15:00,94.37,111.29,
2026-01-18 08:30:00,84.97,113.09,
2026-01-18 08:45:00,92.2,94.1,
2026-01-18 09:00:00,89.85,119.55,
2026-01-18 09:15:00,80.4,105.19,
2026-01-18 09:30:00,78.43,93.88,
2026-01-18 09:45:00,78.51,94.7,
2026-01-18 10:00:00,78.21,94.13,
2026-01-18 10:15:00,77.33,93.23,
2026-01-18 10:30:00,77.37,95.26,
2026-01-18 10:45:00,79.53,102.24,
2026-01-18 11:00:00,85.0,105.44,
2026-01-18 11:15:00,89.11,105.1,
2026-01-18 11:30:00,93.11,103.49,
2026-01-18 11:45:00,95.15,101.97,
2026-01-18 12:00:00,93.51,103.86,91.65
2026-01-18 12:15:00,93.49,100.0,90.75
2026-01-18 12:30:00,90.27,101.07,90.91
2026-01-18 12:45:00,86.53,100.63,87.03
2026-01-18 13:00:00,79.07,102.4,84.07
2026-01-18 13:15:00,79.61,100.6,83.43
2026-01-18 13:30:00,80.53,96.36,83.3
2026-01-18 13:45:00,77.8,82.97,76.3
2026-01-18 14:00:00,82.56,95.03,82.03
2026-01-18 14:15:00,83.87,105.37,86.18
2026-01-18 14:30:00,84.16,106.23,89.51
2026-01-18 14:45:00,83.87,106.73,88.32
2026-01-18 15:00:00,80.95,81.84,78.23
2026-01-18 15:15:00,79.07,79.29,77.2
2026-01-18 15:30:00,81.09,81.76,78.33
2026-01-18 15:45:00,83.32,84.28,79.4
2026-01-18 16:00:00,90.49,91.24,87.99
2026-01-18 16:15:00,92.37,93.47,84.37
2026-01-18 16:30:00,97.01,128.58,94.94
2026-01-18 16:45:00,105.51,144.77,99.82
2026-01-18 17:00:00,97.0,86.24,85.68
2026-01-18 17:15:00,136.81,144.07,144.95
2026-01-18 17:30:00,150.38,152.71,149.02
2026-01-18 17:45:00,155.91,158.25,152.6
2026-01-18 18:00:00,127.03,139.6,127.81
2026-01-18 18:15:00,151.81,153.4,145.97
2026-01-18 18:30:00,149.91,146.59,143.69
2026-01-18 18:45:00,151.8,140.41,153.01
2026-01-18 19:00:00,150.26,142.84,142.28
2026-01-18 19:15:00,146.89,142.33,139.39
2026-01-18 19:30:00,148.94,140.84,139.43
2026-01-18 19:45:00,125.91,136.49,132.58
2026-01-18 20:00:00,148.58,142.71,147.58
2026-01-18 20:15:00,123.73,134.16,130.72
2026-01-18 20:30:00,97.71,128.5,111.85
2026-01-18 20:45:00,92.78,95.05,109.09
2026-01-18 21:00:00,90.45,130.57,95.15
2026-01-18 21:15:00,86.61,83.92,101.52
2026-01-18 21:30:00,84.31,108.51,95.41
2026-01-18 21:45:00,84.09,81.75,90.35
2026-01-18 22:00:00,84.04,81.71,83.5
2026-01-18 22:15:00,84.13,84.54,85.5
2026-01-18 22:30:00,94.88,117.98,106.6
2026-01-18 22:45:00,98.29,115.99,111.79
2026-01-18 23:00:00,81.6,114.7,81.7
2026-01-18 23:15:00,80.0,91.64,87.86
2026-01-18 23:30:00,77.31,82.17,84.73
2026-01-18 23:45:00,74.86,75.84,80.0
2026-01-19 00:00:00,108.0,100.22,
2026-01-19 00:15:00,102.6,99.2,
2026-01-19 00:30:00,101.1,100.25,
2026-01-19 00:45:00,97.28,98.81,
2026-01-19 01:00:00,101.26,99.76,
2026-01-19 01:15:00,101.1,99.86,
2026-01-19 01:30:00,94.03,98.0,
2026-01-19 01:45:00,93.14,96.47,
2026-01-19 02:00:00,89.75,95.32,
2026-01-19 02:15:00,89.84,94.87,
2026-01-19 02:30:00,88.81,94.62,
2026-01-19 02:45:00,88.93,94.41,
2026-01-19 03:00:00,88.95,94.43,
2026-01-19 03:15:00,89.25,93.29,
2026-01-19 03:30:00,89.2,92.54,
2026-01-19 03:45:00,89.32,93.12,
2026-01-19 04:00:00,89.87,91.42,
2026-01-19 04:15:00,91.24,87.31,
2026-01-19 04:30:00,91.1,91.16,
2026-01-19 04:45:00,91.99,94.6,
2026-01-19 05:00:00,88.79,87.49,
2026-01-19 05:15:00,91.69,92.66,
2026-01-19 05:30:00,92.25,95.55,
2026-01-19 05:45:00,91.65,92.67,
2026-01-19 06:00:00,90.53,87.95,
2026-01-19 06:15:00,83.88,81.85,
2026-01-19 06:30:00,83.67,81.7,
2026-01-19 06:45:00,85.04,83.06,
2026-01-19 07:00:00,90.46,61.84,
2026-01-19 07:15:00,90.35,65.8,
2026-01-19 07:30:00,90.2,65.92,
2026-01-19 07:45:00,89.96,78.09,
2026-01-19 08:00:00,90.55,82.9,
2026-01-19 08:15:00,89.52,83.17,
2026-01-19 08:30:00,86.31,83.09,
2026-01-19 08:45:00,82.65,80.49,
2026-01-19 09:00:00,84.56,82.91,
2026-01-19 09:15:00,81.25,80.03,
2026-01-19 09:30:00,81.89,81.91,
2026-01-19 09:45:00,81.89,81.92,
2026-01-19 10:00:00,85.43,88.13,
2026-01-19 10:15:00,87.37,88.69,
2026-01-19 10:30:00,88.36,89.29,
2026-01-19 10:45:00,87.81,87.81,
2026-01-19 11:00:00,87.72,86.82,
2026-01-19 11:15:00,87.71,87.01,
2026-01-19 11:30:00,89.64,88.94,
2026-01-19 11:45:00,89.39,88.69,
2026-01-19 12:00:00,92.11,90.8,82.11
2026-01-19 12:15:00,92.46,91.16,82.46
2026-01-19 12:30:00,93.09,91.32,83.09
2026-01-19 12:45:00,92.47,91.27,82.47
2026-01-19 13:00:00,95.25,90.77,85.25
2026-01-19 13:15:00,96.96,91.37,86.96
2026-01-19 13:30:00,97.27,93.73,87.27
2026-01-19 13:45:00,97.36,95.46,87.36
2026-01-19 14:00:00,81.81,80.0,77.71
2026-01-19 14:15:00,87.44,85.7,82.38
2026-01-19 14:30:00,93.23,90.64,87.2
2026-01-19 14:45:00,93.26,95.32,88.32
2026-01-19 15:00:00,100.93,104.89,97.99
2026-01-19 15:15:00,122.43,118.83,116.83
2026-01-19 15:30:00,131.61,137.72,127.72
2026-01-19 15:45:00,124.96,121.79,122.3
2026-01-19 16:00:00,120.94,114.05,106.14
2026-01-19 16:15:00,139.59,137.65,130.65
2026-01-19 16:30:00,146.01,144.21,92.31
2026-01-19 16:45:00,146.01,144.21,120.3
2026-01-19 17:00:00,146.45,143.16,112.21
2026-01-19 17:15:00,146.01,143.06,112.22
2026-01-19 17:30:00,144.99,143.77,135.75
2026-01-19 17:45:00,145.15,143.76,129.38
2026-01-19 18:00:00,152.35,151.27,149.0
2026-01-19 18:15:00,145.19,141.16,143.02
2026-01-19 18:30:00,145.54,142.21,112.22
2026-01-19 18:45:00,144.21,138.19,92.73
2026-01-19 19:00:00,174.33,171.33,170.45
2026-01-19 19:15:00,159.53,157.89,155.89
2026-01-19 19:30:00,144.93,141.04,96.8
2026-01-19 19:45:00,144.83,139.36,112.21
2026-01-19 20:00:00,149.36,146.36,146.98
2026-01-19 20:15:00,147.21,144.21,133.84
2026-01-19 20:30:00,137.13,134.87,102.88
2026-01-19 20:45:00,125.44,123.2,110.73
2026-01-19 21:00:00,128.85,125.85,123.85
2026-01-19 21:15:00,147.2,144.2,144.89
2026-01-19 21:30:00,126.16,123.16,120.8
2026-01-19 21:45:00,137.05,136.54,133.05
2026-01-19 22:00:00,95.09,97.95,109.05
2026-01-19 22:15:00,97.44,97.44,107.44
2026-01-19 22:30:00,97.55,97.55,107.55
2026-01-19 22:45:00,96.94,96.94,106.94
2026-01-19 23:00:00,91.84,91.84,101.84
2026-01-19 23:15:00,91.24,90.54,101.24
2026-01-19 23:30:00,83.52,85.54,98.38
2026-01-19 23:45:00,80.65,80.31,91.24
2026-01-20 00:00:00,79.32,82.4,
2026-01-20 00:15:00,86.76,91.28,
2026-01-20 00:30:00,89.0,91.95,
2026-01-20 00:45:00,86.56,90.92,
2026-01-20 01:00:00,85.36,89.64,
2026-01-20 01:15:00,83.37,87.09,
2026-01-20 01:30:00,82.69,84.77,
2026-01-20 01:45:00,81.49,83.3,
2026-01-20 02:00:00,81.78,83.83,
2026-01-20 02:15:00,80.7,82.74,
2026-01-20 02:30:00,79.76,81.79,
2026-01-20 02:45:00,79.15,81.15,
2026-01-20 03:00:00,79.03,80.68,
2026-01-20 03:15:00,78.79,80.43,
2026-01-20 03:30:00,78.72,80.97,
2026-01-20 03:45:00,78.83,81.12,
2026-01-20 04:00:00,80.32,83.99,
2026-01-20 04:15:00,81.51,86.14,
2026-01-20 04:30:00,86.18,92.18,
2026-01-20 04:45:00,97.68,94.67,
2026-01-20 05:00:00,94.01,96.32,
2026-01-20 05:15:00,100.04,109.11,
2026-01-20 05:30:00,93.77,104.89,
2026-01-20 05:45:00,104.28,119.5,
2026-01-20 06:00:00,108.22,127.09,
2026-01-20 06:15:00,99.41,117.15,
2026-01-20 06:30:00,91.37,92.37,
2026-01-20 06:45:00,96.98,98.36,
2026-01-20 07:00:00,95.27,92.21,
2026-01-20 07:15:00,95.05,91.56,
2026-01-20 07:30:00,94.12,90.87,
2026-01-20 07:45:00,93.3,86.83,
2026-01-20 08:00:00,94.07,86.51,
2026-01-20 08:15:00,91.36,84.3,
2026-01-20 08:30:00,84.96,80.0,
2026-01-20 08:45:00,81.23,77.3,
2026-01-20 09:00:00,74.48,77.43,
2026-01-20 09:15:00,73.13,75.13,
2026-01-20 09:30:00,71.22,73.22,
2026-01-20 09:45:00,74.65,76.65,
2026-01-20 10:00:00,76.42,80.0,
2026-01-20 10:15:00,75.89,77.89,
2026-01-20 10:30:00,75.2,78.75,
2026-01-20 10:45:00,76.14,78.34,
2026-01-20 11:00:00,65.42,80.41,
2026-01-20 11:15:00,75.22,84.5,
2026-01-20 11:30:00,74.48,86.23,
2026-01-20 11:45:00,75.01,86.18,
2026-01-20 12:00:00,87.4,88.93,69.13
2026-01-20 12:15:00,80.71,87.77,74.27
2026-01-20 12:30:00,84.65,91.3,64.97
2026-01-20 12:45:00,82.82,92.13,82.13
2026-01-20 13:00:00,89.24,90.87,41.02
2026-01-20 13:15:00,89.97,92.24,42.1
2026-01-20 13:30:00,97.04,98.28,45.15
2026-01-20 13:45:00,91.72,95.7,57.14
2026-01-20 14:00:00,90.21,85.21,79.33
2026-01-20 14:15:00,91.37,88.37,58.37
2026-01-20 14:30:00,95.92,92.92,84.0
2026-01-20 14:45:00,94.66,91.66,83.0
2026-01-20 15:00:00,89.28,87.28,64.41
2026-01-20 15:15:00,102.79,99.79,90.0
2026-01-20 15:30:00,125.07,127.04,116.66
2026-01-20 15:45:00,137.0,133.0,107.0
2026-01-20 16:00:00,112.78,109.18,102.0
2026-01-20 16:15:00,150.0,140.45,144.42
2026-01-20 16:30:00,150.94,163.04,167.96
2026-01-20 16:45:00,178.37,182.13,191.66
2026-01-20 17:00:00,145.6,140.66,142.0
2026-01-20 17:15:00,150.0,152.03,169.2
2026-01-20 17:30:00,161.94,183.42,194.98
2026-01-20 17:45:00,198.6,193.6,214.2
2026-01-20 18:00:00,185.64,171.64,160.09
2026-01-20 18:15:00,164.13,170.67,178.07
2026-01-20 18:30:00,156.44,171.0,178.4
2026-01-20 18:45:00,154.3,168.85,183.02
2026-01-20 19:00:00,172.31,187.05,190.88
2026-01-20 19:15:00,158.36,172.34,176.65
2026-01-20 19:30:00,150.0,153.12,163.95
2026-01-20 19:45:00,150.0,140.66,146.4
2026-01-20 20:00:00,167.98,170.29,166.29
2026-01-20 20:15:00,150.0,142.2,142.2
2026-01-20 20:30:00,138.02,148.69,151.49
2026-01-20 20:45:00,138.07,148.32,153.0
2026-01-20 21:00:00,151.7,152.7,142.0
2026-01-20 21:15:00,140.51,141.51,161.01
2026-01-20 21:30:00,137.2,139.91,158.1
2026-01-20 21:45:00,121.13,120.82,128.97
2026-01-20 22:00:00,111.85,108.85,100.0
2026-01-20 22:15:00,147.53,133.4,140.16
2026-01-20 22:30:00,123.46,125.18,134.76
2026-01-20 22:45:00,131.1,119.72,129.36
2026-01-20 23:00:00,145.7,131.69,131.79
2026-01-20 23:15:00,131.15,124.22,129.34
2026-01-20 23:30:00,124.0,115.89,106.41
2026-01-20 23:45:00,97.79,99.59,93.4
2026-01-21 00:00:00,129.56,144.02,
2026-01-21 00:15:00,123.18,135.1,
2026-01-21 00:30:00,124.61,133.5,
2026-01-21 00:45:00,126.59,139.0,
2026-01-21 01:00:00,120.74,126.45,
2026-01-21 01:15:00,120.93,123.69,
2026-01-21 01:30:00,110.36,117.81,
2026-01-21 01:45:00,112.87,117.7,
2026-01-21 02:00:00,110.13,115.05,
2026-01-21 02:15:00,116.34,118.74,
2026-01-21 02:30:00,115.94,117.62,
2026-01-21 02:45:00,112.89,115.28,
2026-01-21 03:00:00,107.24,111.7,
2026-01-21 03:15:00,106.45,113.1,
2026-01-21 03:30:00,108.18,111.65,
2026-01-21 03:45:00,108.68,117.01,
2026-01-21 04:00:00,108.56,119.43,
2026-01-21 04:15:00,115.66,125.69,
2026-01-21 04:30:00,105.6,122.66,
2026-01-21 04:45:00,114.91,130.22,
2026-01-21 05:00:00,123.95,133.68,
2026-01-21 05:15:00,123.64,134.1,
2026-01-21 05:30:00,128.07,136.45,
2026-01-21 05:45:00,143.48,143.46,
2026-01-21 06:00:00,134.07,142.6,
2026-01-21 06:15:00,150.21,171.78,
2026-01-21 06:30:00,109.54,106.92,
2026-01-21 06:45:00,132.44,131.62,
2026-01-21 07:00:00,115.36,131.86,
2026-01-21 07:15:00,135.6,140.6,
2026-01-21 07:30:00,144.45,150.08,
2026-01-21 07:45:00,151.67,182.33,
2026-01-21 08:00:00,147.81,155.67,
2026-01-21 08:15:00,139.5,149.12,
2026-01-21 08:30:00,137.08,139.17,
2026-01-21 08:45:00,139.5,142.53,
2026-01-21 09:00:00,145.93,155.25,
2026-01-21 09:15:00,139.5,143.6,
2026-01-21 09:30:00,140.43,145.72,
2026-01-21 09:45:00,139.5,139.91,
2026-01-21 10:00:00,166.91,162.88,
2026-01-21 10:15:00,154.34,150.73,
2026-01-21 10:30:00,139.5,141.28,
2026-01-21 10:45:00,133.53,133.53,
2026-01-21 11:00:00,147.44,145.92,
2026-01-21 11:15:00,139.5,143.52,
2026-01-21 11:30:00,146.89,139.25,
2026-01-21 11:45:00,139.5,146.12,
2026-01-21 12:00:00,141.34,141.98,175.82
2026-01-21 12:15:00,139.5,138.66,189.47
2026-01-21 12:30:00,142.83,140.72,172.05
2026-01-21 12:45:00,139.48,137.03,148.48
2026-01-21 13:00:00,139.49,137.03,146.32
2026-01-21 13:15:00,139.5,137.03,143.85
2026-01-21 13:30:00,140.72,139.82,155.16
2026-01-21 13:45:00,142.98,140.58,175.12
2026-01-21 14:00:00,130.13,127.62,169.6
2026-01-21 14:15:00,140.89,141.32,177.41
2026-01-21 14:30:00,149.87,146.89,188.94
2026-01-21 14:45:00,163.63,162.62,173.63
2026-01-21 15:00:00,149.15,150.14,192.3
2026-01-21 15:15:00,156.27,156.89,201.98
2026-01-21 15:30:00,155.7,156.17,189.75
2026-01-21 15:45:00,186.8,188.24,211.24
2026-01-21 16:00:00,168.63,165.7,205.71
2026-01-21 16:15:00,224.97,208.54,246.33
2026-01-21 16:30:00,169.97,165.29,205.7
2026-01-21 16:45:00,169.17,164.6,206.11
2026-01-21 17:00:00,153.21,151.7,172.19
2026-01-21 17:15:00,162.25,162.25,201.25
2026-01-21 17:30:00,194.8,195.04,231.95
2026-01-21 17:45:00,238.09,222.31,253.03
2026-01-21 18:00:00,164.36,162.99,182.13
2026-01-21 18:15:00,177.93,177.51,194.51
2026-01-21 18:30:00,175.05,174.05,192.05
2026-01-21 18:45:00,218.9,202.0,234.91
2026-01-21 19:00:00,219.62,196.9,234.63
2026-01-21 19:15:00,211.18,193.76,231.76
2026-01-21 19:30:00,184.13,180.0,219.62
2026-01-21 19:45:00,154.19,150.74,171.51
2026-01-21 20:00:00,226.73,219.71,229.71
2026-01-21 20:15:00,166.88,166.67,176.67
2026-01-21 20:30:00,152.21,152.21,160.63
2026-01-21 20:45:00,151.89,148.76,151.89
2026-01-21 21:00:00,173.72,175.84,188.72
2026-01-21 21:15:00,161.47,161.47,173.95
2026-01-21 21:30:00,152.81,152.71,162.71
2026-01-21 21:45:00,152.31,150.29,161.87
2026-01-21 22:00:00,149.24,151.36,166.99
2026-01-21 22:15:00,148.35,151.89,164.8
2026-01-21 22:30:00,148.18,148.38,156.48
2026-01-21 22:45:00,139.47,139.28,143.98
2026-01-21 23:00:00,144.29,144.18,149.18
2026-01-21 23:15:00,140.92,141.82,143.39
2026-01-21 23:30:00,138.13,135.48,143.0
2026-01-21 23:45:00,122.65,121.65,128.93
2026-01-22 00:00:00,158.43,139.7,
2026-01-22 00:15:00,133.77,139.32,
2026-01-22 00:30:00,122.91,130.1,
2026-01-22 00:45:00,119.09,128.4,
2026-01-22 01:00:00,129.54,132.86,
2026-01-22 01:15:00,125.59,127.43,
2026-01-22 01:30:00,124.87,124.85,
2026-01-22 01:45:00,134.16,137.0,
2026-01-22 02:00:00,122.95,129.21,
2026-01-22 02:15:00,121.69,127.27,
2026-01-22 02:30:00,123.7,130.33,
2026-01-22 02:45:00,127.96,131.83,
2026-01-22 03:00:00,123.93,128.88,
2026-01-22 03:15:00,127.38,137.42,
2026-01-22 03:30:00,116.92,120.64,
2026-01-22 03:45:00,123.01,129.42,
2026-01-22 04:00:00,119.71,120.58,
2026-01-22 04:15:00,125.76,130.59,
2026-01-22 04:30:00,126.41,129.56,
2026-01-22 04:45:00,151.12,143.01,
2026-01-22 05:00:00,128.48,128.48,
2026-01-22 05:15:00,141.75,138.45,
2026-01-22 05:30:00,143.0,138.86,
2026-01-22 05:45:00,153.46,163.08,
2026-01-22 06:00:00,148.2,164.08,
2026-01-22 06:15:00,177.94,201.94,
2026-01-22 06:30:00,158.02,182.5,
2026-01-22 06:45:00,137.59,242.37,
2026-01-22 07:00:00,191.48,211.7,
2026-01-22 07:15:00,144.83,172.61,
2026-01-22 07:30:00,154.21,287.14,
2026-01-22 07:45:00,153.31,350.39,
2026-01-22 08:00:00,264.04,282.92,
2026-01-22 08:15:00,207.26,217.98,
2026-01-22 08:30:00,134.3,144.01,
2026-01-22 08:45:00,136.17,134.14,
2026-01-22 09:00:00,158.4,166.02,
2026-01-22 09:15:00,144.73,154.0,
2026-01-22 09:30:00,146.21,224.44,
2026-01-22 09:45:00,143.64,151.24,
2026-01-22 10:00:00,135.64,143.58,
2026-01-22 10:15:00,136.0,150.2,
2026-01-22 10:30:00,124.0,128.03,
2026-01-22 10:45:00,136.0,145.0,
2026-01-22 11:00:00,142.12,146.98,
2026-01-22 11:15:00,136.0,142.77,
2026-01-22 11:30:00,130.02,136.73,
2026-01-22 11:45:00,134.66,139.92,
2026-01-22 12:00:00,119.4,126.54,147.13
2026-01-22 12:15:00,140.43,144.79,174.12
2026-01-22 12:30:00,139.8,146.93,165.3
2026-01-22 12:45:00,152.21,177.02,202.21
2026-01-22 13:00:00,128.26,165.81,151.07
2026-01-22 13:15:00,145.34,197.76,175.6
2026-01-22 13:30:00,148.35,193.55,242.61
2026-01-22 13:45:00,149.21,199.12,238.12
2026-01-22 14:00:00,141.65,179.12,219.96
2026-01-22 14:15:00,142.71,251.0,245.73
2026-01-22 14:30:00,146.05,284.71,366.45
2026-01-22 14:45:00,185.59,327.21,397.39
2026-01-22 15:00:00,145.62,272.55,267.32
2026-01-22 15:15:00,196.39,345.44,364.25
2026-01-22 15:30:00,149.21,384.47,312.49
2026-01-22 15:45:00,144.06,409.05,258.83
2026-01-22 16:00:00,128.46,197.65,209.19
2026-01-22 16:15:00,146.61,308.46,259.27
2026-01-22 16:30:00,191.76,399.97,324.31
2026-01-22 16:45:00,296.93,442.65,445.0
2026-01-22 17:00:00,243.31,399.29,406.31
2026-01-22 17:15:00,302.93,369.24,414.0
2026-01-22 17:30:00,328.19,409.13,411.35
2026-01-22 17:45:00,300.86,415.02,420.84
2026-01-22 18:00:00,323.54,386.95,409.81
2026-01-22 18:15:00,321.22,412.28,414.68
2026-01-22 18:30:00,318.64,355.24,409.2
2026-01-22 18:45:00,315.81,308.59,407.56
2026-01-22 19:00:00,312.98,380.09,407.97
2026-01-22 19:15:00,283.68,395.0,408.73
2026-01-22 19:30:00,270.37,359.0,401.89
2026-01-22 19:45:00,236.92,333.1,363.87
2026-01-22 20:00:00,262.81,401.0,396.58
2026-01-22 20:15:00,181.57,349.93,353.31
2026-01-22 20:30:00,144.35,247.17,261.03
2026-01-22 20:45:00,131.02,161.96,165.12
2026-01-22 21:00:00,208.82,206.61,218.82
2026-01-22 21:15:00,189.02,189.02,204.16
2026-01-22 21:30:00,141.94,86.37,117.2
2026-01-22 21:45:00,157.71,161.95,159.08
2026-01-22 22:00:00,143.72,165.1,194.87
2026-01-22 22:15:00,145.48,164.9,180.0
2026-01-22 22:30:00,125.79,151.25,171.35
2026-01-22 22:45:00,117.78,141.8,155.0
2026-01-22 23:00:00,156.2,154.1,174.18
2026-01-22 23:15:00,154.61,149.19,146.0
2026-01-22 23:30:00,145.69,141.8,141.6
2026-01-22 23:45:00,124.38,127.47,138.38
2026-01-23 00:00:00,138.31,143.9,
2026-01-23 00:15:00,140.86,144.0,
2026-01-23 00:30:00,145.45,139.26,
2026-01-23 00:45:00,140.12,141.38,
2026-01-23 01:00:00,135.17,136.3,
2026-01-23 01:15:00,139.3,138.1,
2026-01-23 01:30:00,138.56,138.26,
2026-01-23 01:45:00,134.87,138.2,
2026-01-23 02:00:00,139.99,139.52,
2026-01-23 02:15:00,141.7,143.27,
2026-01-23 02:30:00,138.92,141.42,
2026-01-23 02:45:00,138.42,141.36,
2026-01-23 03:00:00,143.22,141.68,
2026-01-23 03:15:00,140.58,141.43,
2026-01-23 03:30:00,140.98,141.43,
2026-01-23 03:45:00,134.24,141.41,
2026-01-23 04:00:00,132.69,141.42,
2026-01-23 04:15:00,139.87,144.64,
2026-01-23 04:30:00,142.93,144.55,
2026-01-23 04:45:00,146.43,143.79,
2026-01-23 05:00:00,144.46,138.23,
2026-01-23 05:15:00,144.58,148.49,
2026-01-23 05:30:00,121.1,118.43,
2026-01-23 05:45:00,147.66,155.65,
2026-01-23 06:00:00,114.48,111.81,
2026-01-23 06:15:00,134.13,131.97,
2026-01-23 06:30:00,132.76,147.8,
2026-01-23 06:45:00,212.26,209.36,
2026-01-23 07:00:00,205.85,200.85,
2026-01-23 07:15:00,219.35,207.38,
2026-01-23 07:30:00,138.04,153.57,
2026-01-23 07:45:00,142.2,139.24,
2026-01-23 08:00:00,165.07,175.75,
2026-01-23 08:15:00,146.29,162.21,
2026-01-23 08:30:00,124.65,120.7,
2026-01-23 08:45:00,324.0,320.79,
2026-01-23 09:00:00,315.16,298.88,
2026-01-23 09:15:00,169.74,139.51,
2026-01-23 09:30:00,147.21,131.77,
2026-01-23 09:45:00,124.68,155.58,
2026-01-23 10:00:00,290.82,257.79,
2026-01-23 10:15:00,135.0,144.02,
2026-01-23 10:30:00,127.3,143.11,
2026-01-23 10:45:00,109.83,129.43,
2026-01-23 11:00:00,110.0,110.0,
2026-01-23 11:15:00,110.0,110.0,
2026-01-23 11:30:00,110.0,110.0,
2026-01-23 11:45:00,110.0,109.0,
2026-01-23 12:00:00,95.84,106.05,120.01
2026-01-23 12:15:00,97.26,96.61,109.39
2026-01-23 12:30:00,101.39,100.89,114.09
2026-01-23 12:45:00,104.74,103.56,117.58
2026-01-23 13:00:00,103.75,96.62,155.36
2026-01-23 13:15:00,106.1,98.5,155.02
2026-01-23 13:30:00,111.65,101.65,140.0
2026-01-23 13:45:00,123.18,118.86,155.48
2026-01-23 14:00:00,121.37,118.01,143.71
2026-01-23 14:15:00,125.0,128.01,157.21
2026-01-23 14:30:00,112.58,117.49,146.62
2026-01-23 14:45:00,110.41,118.74,155.38
2026-01-23 15:00:00,103.26,108.88,116.26
2026-01-23 15:15:00,260.33,257.41,227.08
2026-01-23 15:30:00,159.51,163.55,171.59
2026-01-23 15:45:00,162.19,158.65,152.27
2026-01-23 16:00:00,110.0,117.24,135.9
2026-01-23 16:15:00,241.05,247.05,220.7
2026-01-23 16:30:00,313.24,321.41,250.53
2026-01-23 16:45:00,336.08,345.32,266.39
2026-01-23 17:00:00,255.37,267.1,241.8
2026-01-23 17:15:00,340.95,340.95,251.85
2026-01-23 17:30:00,263.5,293.5,235.99
2026-01-23 17:45:00,253.18,287.32,244.04
2026-01-23 18:00:00,335.25,361.41,275.57
2026-01-23 18:15:00,269.7,292.12,252.45
2026-01-23 18:30:00,255.1,282.16,199.96
2026-01-23 18:45:00,237.84,243.49,194.34
2026-01-23 19:00:00,288.18,287.07,218.15
2026-01-23 19:15:00,246.24,241.24,211.36
2026-01-23 19:30:00,230.68,222.41,198.84
2026-01-23 19:45:00,226.63,211.9,197.32
2026-01-23 20:00:00,242.87,246.29,191.62
2026-01-23 20:15:00,220.46,220.44,192.29
2026-01-23 20:30:00,205.96,203.12,184.56
2026-01-23 20:45:00,155.93,151.3,130.41
2026-01-23 21:00:00,179.47,184.06,176.12
2026-01-23 21:15:00,171.09,165.78,166.18
2026-01-23 21:30:00,150.98,160.0,156.9
2026-01-23 21:45:00,143.61,132.88,132.64
2026-01-23 22:00:00,152.87,160.0,151.73
2026-01-23 22:15:00,141.9,145.82,141.52
2026-01-23 22:30:00,136.76,139.51,139.2
2026-01-23 22:45:00,133.43,139.51,138.46
2026-01-23 23:00:00,142.5,140.48,144.65
2026-01-23 23:15:00,140.06,137.82,142.73
2026-01-23 23:30:00,129.7,116.16,107.53
2026-01-23 23:45:00,116.86,107.5,103.1
2026-01-24 00:00:00,147.11,141.4,
2026-01-24 00:15:00,139.45,133.13,
2026-01-24 00:30:00,132.41,130.47,
2026-01-24 00:45:00,124.08,128.33,
2026-01-24 01:00:00,132.9,118.11,
2026-01-24 01:15:00,131.51,122.61,
2026-01-24 01:30:00,127.89,114.96,
2026-01-24 01:45:00,120.6,112.0,
2026-01-24 02:00:00,131.14,122.51,
2026-01-24 02:15:00,131.41,122.69,
2026-01-24 02:30:00,122.51,115.0,
2026-01-24 02:45:00,120.44,110.3,
2026-01-24 03:00:00,128.86,115.0,
2026-01-24 03:15:00,133.32,120.51,
2026-01-24 03:30:00,127.09,114.94,
2026-01-24 03:45:00,129.74,118.68,
2026-01-24 04:00:00,124.98,112.98,
2026-01-24 04:15:00,122.33,116.79,
2026-01-24 04:30:00,130.96,118.0,
2026-01-24 04:45:00,136.82,125.2,
2026-01-24 05:00:00,123.23,126.73,
2026-01-24 05:15:00,128.78,128.09,
2026-01-24 05:30:00,134.39,138.76,
2026-01-24 05:45:00,132.92,131.69,
2026-01-24 06:00:00,115.21,128.01,
2026-01-24 06:15:00,134.18,131.57,
2026-01-24 06:30:00,138.64,133.98,
2026-01-24 06:45:00,145.0,149.0,
2026-01-24 07:00:00,123.01,121.0,
2026-01-24 07:15:00,137.91,130.34,
2026-01-24 07:30:00,148.23,143.44,
2026-01-24 07:45:00,146.71,151.37,
2026-01-24 08:00:00,153.45,147.37,
2026-01-24 08:15:00,173.4,152.05,
2026-01-24 08:30:00,150.84,162.19,
2026-01-24 08:45:00,128.16,154.69,
2026-01-24 09:00:00,149.93,154.03,
2026-01-24 09:15:00,139.29,144.04,
2026-01-24 09:30:00,126.83,139.31,
2026-01-24 09:45:00,117.52,121.25,
2026-01-24 10:00:00,96.55,124.76,
2026-01-24 10:15:00,94.95,115.97,
2026-01-24 10:30:00,125.28,141.04,
2026-01-24 10:45:00,138.81,154.58,
2026-01-24 11:00:00,124.96,143.13,
2026-01-24 11:15:00,129.76,145.13,
2026-01-24 11:30:00,127.97,134.91,
2026-01-24 11:45:00,124.18,127.71,
2026-01-24 12:00:00,125.57,131.0,139.17
2026-01-24 12:15:00,123.38,125.76,136.52
2026-01-24 12:30:00,126.27,124.45,133.69
2026-01-24 12:45:00,137.22,121.55,132.23
2026-01-24 13:00:00,124.58,119.23,128.7
2026-01-24 13:15:00,143.79,121.78,129.45
2026-01-24 13:30:00,133.55,120.44,128.55
2026-01-24 13:45:00,129.35,114.89,129.64
2026-01-24 14:00:00,103.43,96.43,117.21
2026-01-24 14:15:00,126.26,119.38,134.84
2026-01-24 14:30:00,140.34,134.41,141.96
2026-01-24 14:45:00,151.74,152.18,158.15
2026-01-24 15:00:00,127.58,131.72,138.67
2026-01-24 15:15:00,144.87,142.0,143.93
2026-01-24 15:30:00,139.27,148.12,152.36
2026-01-24 15:45:00,157.64,154.0,158.82
2026-01-24 16:00:00,143.98,146.4,150.82
2026-01-24 16:15:00,136.88,140.73,151.81
2026-01-24 16:30:00,123.65,128.85,138.84
2026-01-24 16:45:00,147.29,151.97,156.72
2026-01-24 17:00:00,137.84,144.55,150.13
2026-01-24 17:15:00,148.95,151.94,152.45
2026-01-24 17:30:00,151.95,151.85,155.14
2026-01-24 17:45:00,152.45,151.45,155.94
2026-01-24 18:00:00,149.69,147.19,134.14
2026-01-24 18:15:00,149.45,146.95,133.58
2026-01-24 18:30:00,142.57,139.95,134.85
2026-01-24 18:45:00,145.48,141.54,134.14
2026-01-24 19:00:00,147.24,142.18,138.08
2026-01-24 19:15:00,142.2,139.1,131.0
2026-01-24 19:30:00,144.87,135.56,129.46
2026-01-24 19:45:00,133.39,126.8,120.7
2026-01-24 20:00:00,162.12,155.61,150.66
2026-01-24 20:15:00,151.3,139.67,130.79
2026-01-24 20:30:00,141.07,134.52,130.78
2026-01-24 20:45:00,120.62,110.01,108.94
2026-01-24 21:00:00,139.17,137.14,137.14
2026-01-24 21:15:00,138.42,132.84,133.44
2026-01-24 21:30:00,131.17,126.76,131.08
2026-01-24 21:45:00,124.69,102.05,124.19
2026-01-24 22:00:00,129.18,128.9,125.87
2026-01-24 22:15:00,134.44,119.87,130.79
2026-01-24 22:30:00,130.01,112.01,130.79
2026-01-24 22:45:00,122.21,105.47,123.09
2026-01-24 23:00:00,133.74,109.11,110.6
2026-01-24 23:15:00,123.82,101.6,109.62
2026-01-24 23:30:00,119.06,102.0,108.57
2026-01-24 23:45:00,113.79,98.14,103.8
2026-01-25 00:00:00,99.38,94.14,
2026-01-25 00:15:00,110.97,106.4,
2026-01-25 00:30:00,106.45,103.87,
2026-01-25 00:45:00,102.73,100.96,
2026-01-25 01:00:00,105.38,106.6,
2026-01-25 01:15:00,103.2,103.01,
2026-01-25 01:30:00,102.5,101.67,
2026-01-25 01:45:00,100.5,99.84,
2026-01-25 02:00:00,108.5,105.0,
2026-01-25 02:15:00,106.39,101.84,
2026-01-25 02:30:00,103.1,101.01,
2026-01-25 02:45:00,101.3,100.02,
2026-01-25 03:00:00,103.82,102.01,
2026-01-25 03:15:00,99.86,101.26,
2026-01-25 03:30:00,101.6,102.26,
2026-01-25 03:45:00,102.0,101.75,
2026-01-25 04:00:00,100.58,102.29,
2026-01-25 04:15:00,99.99,104.36,
2026-01-25 04:30:00,100.37,101.56,
2026-01-25 04:45:00,103.06,104.52,
2026-01-25 05:00:00,102.98,104.03,
2026-01-25 05:15:00,103.17,104.96,
2026-01-25 05:30:00,102.51,105.0,
2026-01-25 05:45:00,105.2,105.74,
2026-01-25 06:00:00,99.3,103.24,
2026-01-25 06:15:00,101.68,104.0,
2026-01-25 06:30:00,103.2,104.0,
2026-01-25 06:45:00,104.31,104.0,
2026-01-25 07:00:00,101.4,102.81,
2026-01-25 07:15:00,103.18,104.99,
2026-01-25 07:30:00,107.08,106.06,
2026-01-25 07:45:00,108.55,105.99,
2026-01-25 08:00:00,111.87,108.13,
2026-01-25 08:15:00,118.07,113.05,
2026-01-25 08:30:00,118.09,118.06,
2026-01-25 08:45:00,116.86,114.34,
2026-01-25 09:00:00,115.16,119.64,
2026-01-25 09:15:00,104.08,108.41,
2026-01-25 09:30:00,109.96,108.78,
2026-01-25 09:45:00,107.78,106.42,
2026-01-25 10:00:00,127.96,131.79,
2026-01-25 10:15:00,127.7,130.32,
2026-01-25 10:30:00,126.16,127.04,
2026-01-25 10:45:00,115.32,115.67,
2026-01-25 11:00:00,108.55,105.82,
2026-01-25 11:15:00,88.85,85.13,
2026-01-25 11:30:00,80.13,77.12,
2026-01-25 11:45:00,76.15,74.51,
2026-01-25 12:00:00,70.03,68.32,90.07
2026-01-25 12:15:00,70.0,68.68,90.0
2026-01-25 12:30:00,69.96,72.12,85.0
2026-01-25 12:45:00,69.76,70.54,80.0
2026-01-25 13:00:00,69.76,71.55,80.0
2026-01-25 13:15:00,69.76,72.12,80.0
2026-01-25 13:30:00,69.94,72.73,85.0
2026-01-25 13:45:00,85.17,83.44,96.26
2026-01-25 14:00:00,84.31,82.7,93.7
2026-01-25 14:15:00,102.01,130.32,114.39
2026-01-25 14:30:00,128.38,130.83,129.84
2026-01-25 14:45:00,130.73,130.56,128.91
2026-01-25 15:00:00,118.63,121.13,118.48
2026-01-25 15:15:00,121.59,121.33,120.0
2026-01-25 15:30:00,136.03,132.0,129.83
2026-01-25 15:45:00,136.7,136.1,131.81
2026-01-25 16:00:00,122.2,122.58,117.73
2026-01-25 16:15:00,128.09,129.25,128.06
2026-01-25 16:30:00,132.51,136.7,129.84
2026-01-25 16:45:00,146.3,144.51,138.36
2026-01-25 17:00:00,137.45,129.18,133.34
2026-01-25 17:15:00,136.26,134.52,134.98
2026-01-25 17:30:00,136.09,144.62,134.36
2026-01-25 17:45:00,138.42,135.0,129.33
2026-01-25 18:00:00,141.73,136.6,135.89
2026-01-25 18:15:00,140.02,135.0,132.01
2026-01-25 18:30:00,111.0,110.94,109.59
2026-01-25 18:45:00,93.0,92.06,92.16
2026-01-25 19:00:00,92.47,91.1,91.91
2026-01-25 19:15:00,91.05,90.05,90.99
2026-01-25 19:30:00,89.65,87.03,87.65
2026-01-25 19:45:00,87.56,83.59,84.55
2026-01-25 20:00:00,83.32,78.35,80.34
2026-01-25 20:15:00,85.17,80.75,82.15
2026-01-25 20:30:00,90.06,85.72,85.96
2026-01-25 20:45:00,85.86,80.0,82.74
2026-01-25 21:00:00,82.84,77.0,80.43
2026-01-25 21:15:00,89.19,84.19,83.54
2026-01-25 21:30:00,88.15,83.23,82.0
2026-01-25 21:45:00,82.39,77.0,79.41
2026-01-25 22:00:00,76.54,72.12,83.77
2026-01-25 22:15:00,76.91,72.25,82.75
2026-01-25 22:30:00,53.62,45.0,82.0
2026-01-25 22:45:00,0.02,0.02,2.9
2026-01-25 23:00:00,36.26,30.0,82.0
2026-01-25 23:15:00,71.91,67.34,82.0
2026-01-25 23:30:00,76.08,71.54,82.0
2026-01-25 23:45:00,74.96,70.41,82.0
2026-01-26 00:00:00,93.91,102.97,
2026-01-26 00:15:00,92.76,101.88,
2026-01-26 00:30:00,91.68,103.44,
2026-01-26 00:45:00,89.93,103.11,
2026-01-26 01:00:00,84.55,107.61,
2026-01-26 01:15:00,83.44,104.11,
2026-01-26 01:30:00,82.01,101.9,
2026-01-26 01:45:00,80.21,99.09,
2026-01-26 02:00:00,82.87,104.47,
2026-01-26 02:15:00,82.26,102.68,
2026-01-26 02:30:00,81.34,100.2,
2026-01-26 02:45:00,80.98,97.72,
2026-01-26 03:00:00,80.98,98.47,
2026-01-26 03:15:00,82.37,95.77,
2026-01-26 03:30:00,82.83,99.08,
2026-01-26 03:45:00,83.09,96.34,
2026-01-26 04:00:00,81.49,97.78,
2026-01-26 04:15:00,82.77,98.86,
2026-01-26 04:30:00,83.11,100.01,
2026-01-26 04:45:00,86.24,100.3,
2026-01-26 05:00:00,86.03,98.22,
2026-01-26 05:15:00,86.04,99.17,
2026-01-26 05:30:00,80.86,93.58,
2026-01-26 05:45:00,81.69,96.77,
2026-01-26 06:00:00,87.96,81.96,
2026-01-26 06:15:00,93.17,88.73,
2026-01-26 06:30:00,113.18,108.35,
2026-01-26 06:45:00,117.67,110.12,
2026-01-26 07:00:00,93.62,88.98,
2026-01-26 07:15:00,116.46,111.57,
2026-01-26 07:30:00,109.34,103.34,
2026-01-26 07:45:00,114.57,107.62,
2026-01-26 08:00:00,117.04,110.12,
2026-01-26 08:15:00,119.05,111.59,
2026-01-26 08:30:00,118.36,110.84,
2026-01-26 08:45:00,113.49,106.19,
2026-01-26 09:00:00,115.5,127.66,
2026-01-26 09:15:00,113.8,126.67,
2026-01-26 09:30:00,93.44,94.79,
2026-01-26 09:45:00,88.91,92.94,
2026-01-26 10:00:00,83.54,86.51,
2026-01-26 10:15:00,91.63,104.0,
2026-01-26 10:30:00,90.32,103.23,
2026-01-26 10:45:00,108.61,118.61,
2026-01-26 11:00:00,99.04,109.09,
2026-01-26 11:15:00,92.76,104.64,
2026-01-26 11:30:00,91.76,103.76,
2026-01-26 11:45:00,88.84,101.88,
2026-01-26 12:00:00,93.9,105.37,115.47
2026-01-26 12:15:00,95.87,107.15,117.15
2026-01-26 12:30:00,89.68,102.74,107.74
2026-01-26 12:45:00,90.99,107.3,111.28
2026-01-26 13:00:00,83.06,84.12,90.85
2026-01-26 13:15:00,83.64,89.12,94.97
2026-01-26 13:30:00,83.55,88.52,89.81
2026-01-26 13:45:00,84.98,87.4,89.03
2026-01-26 14:00:00,82.44,83.5,83.44
2026-01-26 14:15:00,82.82,84.09,83.89
2026-01-26 14:30:00,83.71,85.29,85.84
2026-01-26 14:45:00,85.85,86.88,88.9
2026-01-26 15:00:00,77.81,93.71,91.26
2026-01-26 15:15:00,135.79,134.67,144.67
2026-01-26 15:30:00,197.38,195.49,191.94
2026-01-26 15:45:00,196.44,186.35,207.65
2026-01-26 16:00:00,151.38,148.77,148.66
2026-01-26 16:15:00,147.99,145.03,143.28
2026-01-26 16:30:00,145.49,143.51,140.07
2026-01-26 16:45:00,151.49,148.49,145.46
2026-01-26 17:00:00,110.48,107.05,102.11
2026-01-26 17:15:00,114.91,111.26,115.07
2026-01-26 17:30:00,126.86,123.82,123.54
2026-01-26 17:45:00,129.32,126.94,130.46
2026-01-26 18:00:00,166.69,55.72,159.63
2026-01-26 18:15:00,151.88,52.37,142.72
2026-01-26 18:30:00,147.91,51.9,138.72
2026-01-26 18:45:00,126.18,55.03,117.18
2026-01-26 19:00:00,126.08,53.53,126.82
2026-01-26 19:15:00,147.04,51.6,137.86
2026-01-26 19:30:00,115.24,75.03,82.57
2026-01-26 19:45:00,114.93,71.35,80.0
2026-01-26 20:00:00,108.06,71.17,81.01
2026-01-26 20:15:00,90.64,71.0,80.0
2026-01-26 20:30:00,89.46,48.02,80.0
2026-01-26 20:45:00,88.39,70.99,65.04
2026-01-26 21:00:00,106.04,71.0,83.78
2026-01-26 21:15:00,90.23,48.26,80.0
2026-01-26 21:30:00,88.73,48.67,80.0
2026-01-26 21:45:00,88.82,48.97,80.0
2026-01-26 22:00:00,90.39,49.12,80.0
2026-01-26 22:15:00,107.2,50.03,80.0
2026-01-26 22:30:00,92.96,49.25,80.0
2026-01-26 22:45:00,93.29,48.64,58.16
2026-01-26 23:00:00,89.02,73.07,80.0
2026-01-26 23:15:00,88.27,70.37,79.78
2026-01-26 23:30:00,86.95,70.3,72.08
2026-01-26 23:45:00,85.66,48.1,76.87
2026-01-27 00:00:00,80.02,73.02,
2026-01-27 00:15:00,79.84,72.84,
2026-01-27 00:30:00,79.54,72.54,
2026-01-27 00:45:00,79.33,72.33,
2026-01-27 01:00:00,79.67,72.67,
2026-01-27 01:15:00,80.17,73.17,
2026-01-27 01:30:00,80.46,73.46,
2026-01-27 01:45:00,80.61,73.61,
2026-01-27 02:00:00,82.44,65.27,
2026-01-27 02:15:00,83.22,65.57,
2026-01-27 02:30:00,84.6,66.6,
2026-01-27 02:45:00,87.07,68.07,
2026-01-27 03:00:00,88.14,71.31,
2026-01-27 03:15:00,88.1,69.1,
2026-01-27 03:30:00,87.94,68.94,
2026-01-27 03:45:00,97.18,77.18,
2026-01-27 04:00:00,80.72,64.58,
2026-01-27 04:15:00,82.05,65.12,
2026-01-27 04:30:00,82.78,65.56,
2026-01-27 04:45:00,81.78,65.19,
2026-01-27 05:00:00,82.98,65.83,
2026-01-27 05:15:00,96.49,76.49,
2026-01-27 05:30:00,96.51,76.51,
2026-01-27 05:45:00,96.9,77.9,
2026-01-27 06:00:00,98.86,91.86,
2026-01-27 06:15:00,108.59,101.59,
2026-01-27 06:30:00,147.52,138.03,
2026-01-27 06:45:00,214.99,198.88,
2026-01-27 07:00:00,212.8,194.83,
2026-01-27 07:15:00,242.0,224.54,
2026-01-27 07:30:00,126.12,119.12,
2026-01-27 07:45:00,125.62,132.68,
2026-01-27 08:00:00,274.21,224.64,
2026-01-27 08:15:00,218.21,211.21,
2026-01-27 08:30:00,134.03,148.58,
2026-01-27 08:45:00,122.53,148.4,
2026-01-27 09:00:00,121.16,140.0,
2026-01-27 09:15:00,119.59,141.81,
2026-01-27 09:30:00,197.99,179.11,
2026-01-27 09:45:00,177.0,161.11,
2026-01-27 10:00:00,170.9,169.76,
2026-01-27 10:15:00,131.31,135.28,
2026-01-27 10:30:00,114.07,111.27,
2026-01-27 10:45:00,100.67,95.67,
2026-01-27 11:00:00,110.09,108.64,
2026-01-27 11:15:00,100.05,105.0,
2026-01-27 11:30:00,96.59,95.07,
2026-01-27 11:45:00,96.5,94.9,
2026-01-27 12:00:00,96.67,93.67,90.67
2026-01-27 12:15:00,96.58,93.58,93.58
2026-01-27 12:30:00,96.39,93.39,93.39
2026-01-27 12:45:00,95.43,92.43,92.43
2026-01-27 13:00:00,93.7,90.0,90.0
2026-01-27 13:15:00,93.8,90.0,90.0
2026-01-27 13:30:00,95.49,92.49,92.49
2026-01-27 13:45:00,96.5,93.5,93.5
2026-01-27 14:00:00,90.45,89.55,89.55
2026-01-27 14:15:00,90.07,92.19,90.07
2026-01-27 14:30:00,116.95,116.29,116.29
2026-01-27 14:45:00,142.84,143.37,142.84
2026-01-27 15:00:00,87.58,97.17,93.56
2026-01-27 15:15:00,95.79,107.07,95.95
2026-01-27 15:30:00,115.99,111.01,111.01
2026-01-27 15:45:00,202.62,202.55,200.91
2026-01-27 16:00:00,97.19,92.19,92.19
2026-01-27 16:15:00,133.5,138.88,162.71
2026-01-27 16:30:00,171.6,168.65,181.14
2026-01-27 16:45:00,256.65,248.64,208.5
2026-01-27 17:00:00,177.6,154.34,135.34
2026-01-27 17:15:00,201.14,181.14,164.84
2026-01-27 17:30:00,269.85,250.0,200.84
2026-01-27 17:45:00,242.8,222.8,196.76
2026-01-27 18:00:00,262.0,242.0,172.0
2026-01-27 18:15:00,268.01,248.01,153.93
2026-01-27 18:30:00,263.34,243.34,184.24
2026-01-27 18:45:00,247.44,227.44,190.0
2026-01-27 19:00:00,253.34,233.34,190.03
2026-01-27 19:15:00,240.75,220.75,180.76
2026-01-27 19:30:00,232.56,212.56,182.31
2026-01-27 19:45:00,206.86,186.86,186.86
2026-01-27 20:00:00,228.15,229.18,207.56
2026-01-27 20:15:00,193.97,191.96,185.64
2026-01-27 20:30:00,126.77,121.77,123.13
2026-01-27 20:45:00,92.85,87.85,87.77
2026-01-27 21:00:00,168.46,158.22,154.88
2026-01-27 21:15:00,155.14,150.82,143.95
2026-01-27 21:30:00,147.19,127.43,96.58
2026-01-27 21:45:00,118.87,100.92,72.08
2026-01-27 22:00:00,100.06,99.02,43.58
2026-01-27 22:15:00,98.18,97.24,43.4
2026-01-27 22:30:00,98.51,97.86,44.57
2026-01-27 22:45:00,101.65,96.36,46.12
2026-01-27 23:00:00,86.34,82.74,43.91
2026-01-27 23:15:00,85.73,82.21,45.31
2026-01-27 23:30:00,86.5,83.02,48.23
2026-01-27 23:45:00,81.45,77.78,44.7
2026-01-28 00:00:00,89.74,103.66,
2026-01-28 00:15:00,93.49,109.36,
2026-01-28 00:30:00,96.99,101.03,
2026-01-28 00:45:00,96.39,100.91,
2026-01-28 01:00:00,86.58,108.0,
2026-01-28 01:15:00,89.9,103.45,
2026-01-28 01:30:00,91.45,103.41,
2026-01-28 01:45:00,86.33,100.14,
2026-01-28 02:00:00,84.38,92.09,
2026-01-28 02:15:00,87.34,93.22,
2026-01-28 02:30:00,88.09,97.88,
2026-01-28 02:45:00,88.15,97.51,
2026-01-28 03:00:00,82.78,88.71,
2026-01-28 03:15:00,82.53,87.73,
2026-01-28 03:30:00,82.67,87.54,
2026-01-28 03:45:00,83.34,87.37,
2026-01-28 04:00:00,78.67,75.91,
2026-01-28 04:15:00,79.69,78.53,
2026-01-28 04:30:00,79.99,78.77,
2026-01-28 04:45:00,80.65,82.24,
2026-01-28 05:00:00,80.22,84.4,
2026-01-28 05:15:00,87.25,86.3,
2026-01-28 05:30:00,85.46,87.79,
2026-01-28 05:45:00,87.67,88.43,
2026-01-28 06:00:00,97.25,98.12,
2026-01-28 06:15:00,99.87,99.3,
2026-01-28 06:30:00,103.93,103.48,
2026-01-28 06:45:00,105.15,105.52,
2026-01-28 07:00:00,113.64,113.69,
2026-01-28 07:15:00,105.94,110.94,
2026-01-28 07:30:00,100.42,109.92,
2026-01-28 07:45:00,88.97,100.78,
2026-01-28 08:00:00,94.45,95.0,
2026-01-28 08:15:00,85.26,82.31,
2026-01-28 08:30:00,82.49,76.44,
2026-01-28 08:45:00,76.67,71.14,
2026-01-28 09:00:00,77.58,55.97,
2026-01-28 09:15:00,75.93,59.49,
2026-01-28 09:30:00,94.81,74.0,
2026-01-28 09:45:00,88.0,66.66,
2026-01-28 10:00:00,78.01,78.0,
2026-01-28 10:15:00,72.91,71.59,
2026-01-28 10:30:00,50.5,31.21,
2026-01-28 10:45:00,79.86,51.58,
2026-01-28 11:00:00,70.1,51.58,
2026-01-28 11:15:00,26.52,17.85,
2026-01-28 11:30:00,73.71,66.36,
2026-01-28 11:45:00,73.72,56.0,
2026-01-28 12:00:00,77.6,60.0,88.17
2026-01-28 12:15:00,77.76,66.18,89.88
2026-01-28 12:30:00,80.14,74.82,103.76
2026-01-28 12:45:00,88.21,78.0,111.99
2026-01-28 13:00:00,77.51,62.15,90.1
2026-01-28 13:15:00,86.78,71.96,111.78
2026-01-28 13:30:00,96.49,86.61,130.91
2026-01-28 13:45:00,102.13,90.24,121.7
2026-01-28 14:00:00,107.45,92.45,112.68
2026-01-28 14:15:00,113.92,111.37,124.91
2026-01-28 14:30:00,121.41,118.87,131.4
2026-01-28 14:45:00,128.15,122.29,134.33
2026-01-28 15:00:00,95.38,90.38,84.67
2026-01-28 15:15:00,98.16,93.16,87.16
2026-01-28 15:30:00,91.07,89.07,84.14
2026-01-28 15:45:00,95.0,90.0,84.0
2026-01-28 16:00:00,96.57,98.84,93.36
2026-01-28 16:15:00,113.22,118.15,111.22
2026-01-28 16:30:00,135.94,159.99,131.45
2026-01-28 16:45:00,157.78,196.0,145.25
2026-01-28 17:00:00,154.0,167.24,152.0
2026-01-28 17:15:00,151.3,165.58,149.3
2026-01-28 17:30:00,149.91,164.83,147.91
2026-01-28 17:45:00,127.79,131.12,125.79
2026-01-28 18:00:00,135.86,130.86,128.86
2026-01-28 18:15:00,134.85,125.12,119.81
2026-01-28 18:30:00,130.6,118.44,112.44
2026-01-28 18:45:00,108.8,97.01,91.01
2026-01-28 19:00:00,102.16,97.16,91.16
2026-01-28 19:15:00,99.64,94.64,84.07
2026-01-28 19:30:00,90.04,87.6,81.6
2026-01-28 19:45:00,89.0,86.3,87.62
2026-01-28 20:00:00,91.5,87.94,77.44
2026-01-28 20:15:00,90.1,86.1,80.1
2026-01-28 20:30:00,89.0,75.4,93.0
2026-01-28 20:45:00,89.44,80.82,103.0
2026-01-28 21:00:00,85.37,64.06,69.06
2026-01-28 21:15:00,75.2,65.2,65.2
2026-01-28 21:30:00,75.23,60.23,65.23
2026-01-28 21:45:00,74.18,64.18,78.23
2026-01-28 22:00:00,61.12,66.11,66.11
2026-01-28 22:15:00,59.41,64.4,64.4
2026-01-28 22:30:00,68.72,62.12,63.52
2026-01-28 22:45:00,74.45,60.41,62.24
2026-01-28 23:00:00,54.32,54.07,49.88
2026-01-28 23:15:00,54.4,54.11,50.34
2026-01-28 23:30:00,54.64,54.12,50.35
2026-01-28 23:45:00,54.38,53.6,51.0
2026-01-29 00:00:00,73.39,75.01,
2026-01-29 00:15:00,73.6,75.01,
2026-01-29 00:30:00,25.01,52.91,
2026-01-29 00:45:00,28.5,57.8,
2026-01-29 01:00:00,52.86,78.0,
2026-01-29 01:15:00,52.97,78.0,
2026-01-29 01:30:00,54.22,79.95,
2026-01-29 01:45:00,70.02,85.9,
2026-01-29 02:00:00,60.09,95.15,
2026-01-29 02:15:00,59.97,93.46,
2026-01-29 02:30:00,59.66,87.58,
2026-01-29 02:45:00,58.49,87.39,
2026-01-29 03:00:00,63.38,86.57,
2026-01-29 03:15:00,59.73,86.75,
2026-01-29 03:30:00,59.98,87.54,
2026-01-29 03:45:00,71.97,91.82,
2026-01-29 04:00:00,54.17,80.17,
2026-01-29 04:15:00,56.34,82.92,
2026-01-29 04:30:00,60.12,86.8,
2026-01-29 04:45:00,61.21,87.78,
2026-01-29 05:00:00,79.17,102.22,
2026-01-29 05:15:00,77.56,103.48,
2026-01-29 05:30:00,105.81,109.0,
2026-01-29 05:45:00,130.51,129.07,
2026-01-29 06:00:00,83.82,106.0,
2026-01-29 06:15:00,69.74,104.61,
2026-01-29 06:30:00,69.74,105.14,
2026-01-29 06:45:00,75.13,110.48,
2026-01-29 07:00:00,83.51,128.5,
2026-01-29 07:15:00,75.89,121.03,
2026-01-29 07:30:00,106.36,137.84,
2026-01-29 07:45:00,118.29,147.0,
2026-01-29 08:00:00,169.52,164.51,
2026-01-29 08:15:00,177.61,177.0,
2026-01-29 08:30:00,154.18,167.43,
2026-01-29 08:45:00,153.6,168.19,
2026-01-29 09:00:00,124.67,169.68,
2026-01-29 09:15:00,88.96,167.29,
2026-01-29 09:30:00,83.55,169.86,
2026-01-29 09:45:00,80.46,119.36,
2026-01-29 10:00:00,85.0,168.28,
2026-01-29 10:15:00,80.64,103.83,
2026-01-29 10:30:00,90.25,110.54,
2026-01-29 10:45:00,89.04,111.04,
2026-01-29 11:00:00,90.06,117.99,
2026-01-29 11:15:00,88.9,114.08,
2026-01-29 11:30:00,89.79,113.93,
2026-01-29 11:45:00,89.94,113.65,
2026-01-29 12:00:00,79.92,104.45,115.58
2026-01-29 12:15:00,74.0,105.67,114.04
2026-01-29 12:30:00,73.97,107.79,114.55
2026-01-29 12:45:00,75.28,111.97,113.95
2026-01-29 13:00:00,76.79,110.39,105.34
2026-01-29 13:15:00,75.38,110.0,104.39
2026-01-29 13:30:00,64.72,100.76,101.02
2026-01-29 13:45:00,75.09,107.49,103.7
2026-01-29 14:00:00,76.54,79.17,78.0
2026-01-29 14:15:00,77.26,81.52,79.06
2026-01-29 14:30:00,78.55,82.68,81.6
2026-01-29 14:45:00,82.55,85.52,81.09
2026-01-29 15:00:00,96.87,118.87,114.49
2026-01-29 15:15:00,94.68,113.11,106.31
2026-01-29 15:30:00,92.44,111.92,103.09
2026-01-29 15:45:00,93.0,108.52,100.71
2026-01-29 16:00:00,95.98,106.55,75.0
2026-01-29 16:15:00,97.34,104.89,62.49
2026-01-29 16:30:00,100.01,107.12,79.1
2026-01-29 16:45:00,101.19,107.52,77.49
2026-01-29 17:00:00,104.14,108.47,82.55
2026-01-29 17:15:00,109.84,114.27,83.1
2026-01-29 17:30:00,125.56,129.26,80.31
2026-01-29 17:45:00,109.3,109.18,70.26
2026-01-29 18:00:00,148.14,151.29,69.05
2026-01-29 18:15:00,132.89,133.78,56.52
2026-01-29 18:30:00,131.02,131.7,55.07
2026-01-29 18:45:00,130.18,130.18,51.09
2026-01-29 19:00:00,100.14,91.7,52.88
2026-01-29 19:15:00,100.57,92.1,54.84
2026-01-29 19:30:00,97.35,97.29,70.99
2026-01-29 19:45:00,97.9,98.59,76.67
2026-01-29 20:00:00,94.89,95.7,54.04
2026-01-29 20:15:00,96.18,89.83,48.91
2026-01-29 20:30:00,96.45,88.94,52.32
2026-01-29 20:45:00,96.2,83.83,52.58
2026-01-29 21:00:00,92.85,79.55,42.18
2026-01-29 21:15:00,95.92,88.5,52.45
2026-01-29 21:30:00,94.41,87.2,51.34
2026-01-29 21:45:00,94.14,95.0,59.79
2026-01-29 22:00:00,82.59,86.19,78.0
2026-01-29 22:15:00,77.49,77.65,49.23
2026-01-29 22:30:00,75.14,75.15,75.09
2026-01-29 22:45:00,75.0,75.01,75.01
2026-01-29 23:00:00,52.66,75.04,78.0
2026-01-29 23:15:00,51.51,77.26,78.0
2026-01-29 23:30:00,26.23,32.5,56.7
2026-01-29 23:45:00,-7.99,0.01,0.1
2026-01-30 00:00:00,74.33,87.31,
2026-01-30 00:15:00,72.72,89.8,
2026-01-30 00:30:00,70.65,91.46,
2026-01-30 00:45:00,69.6,87.52,
2026-01-30 01:00:00,69.03,98.79,
2026-01-30 01:15:00,68.63,98.63,
2026-01-30 01:30:00,73.35,100.83,
2026-01-30 01:45:00,65.67,92.05,
2026-01-30 02:00:00,39.81,88.26,
2026-01-30 02:15:00,63.71,79.86,
2026-01-30 02:30:00,67.53,79.0,
2026-01-30 02:45:00,65.71,78.98,
2026-01-30 03:00:00,69.56,78.79,
2026-01-30 03:15:00,73.29,79.33,
2026-01-30 03:30:00,74.71,79.95,
2026-01-30 03:45:00,76.45,85.46,
2026-01-30 04:00:00,58.73,77.01,
2026-01-30 04:15:00,35.04,58.52,
2026-01-30 04:30:00,35.01,49.79,
2026-01-30 04:45:00,75.08,78.99,
2026-01-30 05:00:00,79.08,77.96,
2026-01-30 05:15:00,87.26,83.16,
2026-01-30 05:30:00,91.86,97.18,
2026-01-30 05:45:00,91.49,87.78,
2026-01-30 06:00:00,91.0,86.0,
2026-01-30 06:15:00,84.96,79.96,
2026-01-30 06:30:00,94.94,97.94,
2026-01-30 06:45:00,92.88,92.9,
2026-01-30 07:00:00,102.39,100.68,
2026-01-30 07:15:00,101.82,100.21,
2026-01-30 07:30:00,101.26,101.76,
2026-01-30 07:45:00,85.68,79.68,
2026-01-30 08:00:00,97.34,99.14,
2026-01-30 08:15:00,85.06,80.03,
2026-01-30 08:30:00,86.08,83.01,
2026-01-30 08:45:00,92.18,104.27,
2026-01-30 09:00:00,149.71,155.23,
2026-01-30 09:15:00,86.24,108.91,
2026-01-30 09:30:00,80.24,100.0,
2026-01-30 09:45:00,80.03,100.0,
2026-01-30 10:00:00,82.32,104.32,
2026-01-30 10:15:00,67.9,90.0,
2026-01-30 10:30:00,33.98,58.0,
2026-01-30 10:45:00,39.75,58.0,
2026-01-30 11:00:00,39.47,58.0,
2026-01-30 11:15:00,33.0,58.0,
2026-01-30 11:30:00,33.0,58.0,
2026-01-30 11:45:00,44.0,61.6,
2026-01-30 12:00:00,33.0,58.0,45.17
2026-01-30 12:15:00,43.95,62.5,50.82
2026-01-30 12:30:00,78.0,100.0,84.2
2026-01-30 12:45:00,82.53,104.53,84.53
2026-01-30 13:00:00,86.38,108.03,81.09
2026-01-30 13:15:00,89.83,111.45,82.81
2026-01-30 13:30:00,99.32,99.18,86.52
2026-01-30 13:45:00,145.63,142.3,116.45
2026-01-30 14:00:00,85.27,84.54,81.02
2026-01-30 14:15:00,145.94,139.4,126.57
2026-01-30 14:30:00,84.96,79.65,66.96
2026-01-30 14:45:00,100.16,92.81,70.44
2026-01-30 15:00:00,77.1,76.11,76.75
2026-01-30 15:15:00,81.05,75.23,53.23
2026-01-30 15:30:00,79.72,77.0,52.33
2026-01-30 15:45:00,126.47,117.13,67.23
2026-01-30 16:00:00,81.95,77.0,58.0
2026-01-30 16:15:00,117.32,111.32,73.16
2026-01-30 16:30:00,105.38,104.6,128.54
2026-01-30 16:45:00,144.25,149.25,138.3
2026-01-30 17:00:00,138.72,143.72,142.64
2026-01-30 17:15:00,138.07,143.07,147.85
2026-01-30 17:30:00,147.18,151.98,148.98
2026-01-30 17:45:00,157.16,160.09,150.97
2026-01-30 18:00:00,150.81,155.81,144.8
2026-01-30 18:15:00,151.49,151.43,150.44
2026-01-30 18:30:00,144.02,140.2,146.6
2026-01-30 18:45:00,149.02,143.36,141.63
2026-01-30 19:00:00,141.53,146.53,146.6
2026-01-30 19:15:00,154.58,152.75,148.04
2026-01-30 19:30:00,149.55,147.0,142.6
2026-01-30 19:45:00,121.93,116.94,138.66
2026-01-30 20:00:00,163.33,151.67,122.34
2026-01-30 20:15:00,151.56,150.56,150.6
2026-01-30 20:30:00,143.76,141.14,150.0
2026-01-30 20:45:00,125.42,124.6,140.4
2026-01-30 21:00:00,125.43,119.84,123.29
2026-01-30 21:15:00,119.63,114.46,109.46
2026-01-30 21:30:00,114.34,109.34,110.41
2026-01-30 21:45:00,91.0,85.0,92.0
2026-01-30 22:00:00,91.0,85.0,79.0
2026-01-30 22:15:00,91.0,87.93,78.12
2026-01-30 22:30:00,91.0,92.0,92.0
2026-01-30 22:45:00,91.0,92.1,94.7
2026-01-30 23:00:00,110.81,136.0,126.39
2026-01-30 23:15:00,106.45,113.99,114.1
2026-01-30 23:30:00,96.11,97.19,103.22
2026-01-30 23:45:00,91.83,92.0,96.29
2026-01-31 00:00:00,73.12,77.17,
2026-01-31 00:15:00,77.0,79.32,
2026-01-31 00:30:00,84.98,80.98,
2026-01-31 00:45:00,78.69,79.34,
2026-01-31 01:00:00,71.51,76.13,
2026-01-31 01:15:00,85.81,92.79,
2026-01-31 01:30:00,71.64,77.48,
2026-01-31 01:45:00,90.48,86.48,
2026-01-31 02:00:00,91.41,87.41,
2026-01-31 02:15:00,90.42,93.24,
2026-01-31 02:30:00,72.76,82.96,
2026-01-31 02:45:00,92.13,97.13,
2026-01-31 03:00:00,93.56,96.6,
2026-01-31 03:15:00,93.19,96.07,
2026-01-31 03:30:00,93.15,95.79,
2026-01-31 03:45:00,88.16,96.25,
2026-01-31 04:00:00,88.17,93.86,
2026-01-31 04:15:00,88.17,88.24,
2026-01-31 04:30:00,73.19,73.57,
2026-01-31 04:45:00,80.43,75.94,
2026-01-31 05:00:00,93.19,74.86,
2026-01-31 05:15:00,94.9,72.83,
2026-01-31 05:30:00,98.01,63.36,
2026-01-31 05:45:00,93.78,54.67,
2026-01-31 06:00:00,93.13,54.65,
2026-01-31 06:15:00,105.76,58.86,
2026-01-31 06:30:00,102.13,55.15,
2026-01-31 06:45:00,113.97,98.16,
2026-01-31 07:00:00,108.34,91.05,
2026-01-31 07:15:00,117.09,98.42,
2026-01-31 07:30:00,120.08,65.46,
2026-01-31 07:45:00,121.3,98.67,
2026-01-31 08:00:00,118.92,104.0,
2026-01-31 08:15:00,122.74,116.01,
2026-01-31 08:30:00,126.78,137.23,
2026-01-31 08:45:00,138.27,145.51,
2026-01-31 09:00:00,126.86,139.49,
2026-01-31 09:15:00,94.51,110.2,
2026-01-31 09:30:00,84.17,84.4,
2026-01-31 09:45:00,84.91,84.93,
2026-01-31 10:00:00,88.92,90.27,
2026-01-31 10:15:00,81.46,76.66,
2026-01-31 10:30:00,78.17,76.0,
2026-01-31 10:45:00,79.72,75.85,
2026-01-31 11:00:00,66.69,66.54,
2026-01-31 11:15:00,65.76,50.0,
2026-01-31 11:30:00,65.76,44.29,
2026-01-31 11:45:00,44.51,27.5,
2026-01-31 12:00:00,43.71,27.5,-3.42
2026-01-31 12:15:00,65.76,50.0,8.85
2026-01-31 12:30:00,65.87,55.63,18.32
2026-01-31 12:45:00,69.98,59.98,22.88
2026-01-31 13:00:00,81.63,62.58,24.6
2026-01-31 13:15:00,79.26,59.51,25.96
2026-01-31 13:30:00,79.1,64.38,25.41
2026-01-31 13:45:00,82.61,67.93,18.01
2026-01-31 14:00:00,75.97,63.05,25.37
2026-01-31 14:15:00,75.66,62.74,26.1
2026-01-31 14:30:00,74.1,59.06,33.61
2026-01-31 14:45:00,71.49,59.42,34.42
2026-01-31 15:00:00,77.22,56.68,34.23
2026-01-31 15:15:00,79.14,51.65,39.72
2026-01-31 15:30:00,84.94,49.14,44.08
2026-01-31 15:45:00,94.7,52.57,53.81
2026-01-31 16:00:00,111.23,64.95,85.01
2026-01-31 16:15:00,119.6,69.3,101.73
2026-01-31 16:30:00,125.31,95.49,121.78
2026-01-31 16:45:00,135.51,132.46,133.86
2026-01-31 17:00:00,138.33,128.44,128.49
2026-01-31 17:15:00,145.09,139.06,139.11
2026-01-31 17:30:00,144.65,139.19,135.53
2026-01-31 17:45:00,146.89,132.04,128.04
2026-01-31 18:00:00,152.6,139.57,147.22
2026-01-31 18:15:00,148.39,137.81,137.71
2026-01-31 18:30:00,144.1,139.71,135.55
2026-01-31 18:45:00,140.9,136.82,123.43
2026-01-31 19:00:00,139.05,130.76,123.11
2026-01-31 19:15:00,138.02,134.76,119.44
2026-01-31 19:30:00,126.6,116.44,106.99
2026-01-31 19:45:00,122.91,117.05,95.27
2026-01-31 20:00:00,131.95,118.18,112.33
2026-01-31 20:15:00,127.49,109.05,94.37
2026-01-31 20:30:00,120.07,100.05,95.07
2026-01-31 20:45:00,109.34,85.5,81.5
2026-01-31 21:00:00,118.14,100.06,84.0
2026-01-31 21:15:00,111.85,98.1,83.04
2026-01-31 21:30:00,108.15,75.92,83.05
2026-01-31 21:45:00,100.83,69.22,76.0
2026-01-31 22:00:00,95.58,77.58,70.18
2026-01-31 22:15:00,94.85,76.85,68.33
2026-01-31 22:30:00,96.15,78.15,68.92
2026-01-31 22:45:00,96.1,78.1,69.49
2026-01-31 23:00:00,93.16,89.16,78.16
2026-01-31 23:15:00,107.07,103.23,89.71
2026-01-31 23:30:00,100.94,96.94,87.28
2026-01-31 23:45:00,93.17,89.17,78.17
2026-02-01 00:00:00,105.92,,
2026-02-01 00:15:00,101.01,,
2026-02-01 00:30:00,92.44,,
2026-02-01 00:45:00,91.7,,
2026-02-01 01:00:00,95.36,,
2026-02-01 01:15:00,95.21,,
2026-02-01 01:30:00,94.12,,
2026-02-01 01:45:00,93.81,,
2026-02-01 02:00:00,92.02,,
2026-02-01 02:15:00,89.81,,
2026-02-01 02:30:00,88.01,,
2026-02-01 02:45:00,85.05,,
2026-02-01 03:00:00,84.62,,
2026-02-01 03:15:00,67.21,,
2026-02-01 03:30:00,60.0,,
2026-02-01 03:45:00,60.0,,
2026-02-01 04:00:00,60.0,,
2026-02-01 04:15:00,60.0,,
2026-02-01 04:30:00,84.16,,
2026-02-01 04:45:00,85.98,,
2026-02-01 05:00:00,89.99,,
2026-02-01 05:15:00,91.83,,
2026-02-01 05:30:00,93.76,,
2026-02-01 05:45:00,88.2,,
2026-02-01 06:00:00,89.47,,
2026-02-01 06:15:00,91.68,,
2026-02-01 06:30:00,91.22,,
2026-02-01 06:45:00,103.0,,
2026-02-01 07:00:00,97.85,,
2026-02-01 07:15:00,101.89,,
2026-02-01 07:30:00,105.03,,
2026-02-01 07:45:00,113.82,,
2026-02-01 08:00:00,103.24,,
2026-02-01 08:15:00,106.45,,
2026-02-01 08:30:00,110.23,,
2026-02-01 08:45:00,106.97,,
2026-02-01 09:00:00,111.77,,
2026-02-01 09:15:00,102.11,,
2026-02-01 09:30:00,111.29,,
2026-02-01 09:45:00,105.99,,
2026-02-01 10:00:00,98.61,,
2026-02-01 10:15:00,99.76,,
2026-02-01 10:30:00,98.11,,
2026-02-01 10:45:00,98.77,,
2026-02-01 11:00:00,90.53,,
2026-02-01 11:15:00,95.81,,
2026-02-01 11:30:00,97.04,,
2026-02-01 11:45:00,95.89,,
2026-02-01 12:00:00,96.89,,92.09
2026-02-01 12:15:00,99.2,,90.75
2026-02-01 12:30:00,109.64,,100.62
2026-02-01 12:45:00,105.89,,97.09
2026-02-01 13:00:00,91.49,,81.8
2026-02-01 13:15:00,92.17,,81.91
2026-02-01 13:30:00,94.76,,85.49
2026-02-01 13:45:00,96.25,,89.25
2026-02-01 14:00:00,89.59,,81.27
2026-02-01 14:15:00,89.88,,81.88
2026-02-01 14:30:00,89.29,,81.29
2026-02-01 14:45:00,95.54,,88.54
2026-02-01 15:00:00,98.28,,86.75
2026-02-01 15:15:00,97.38,,87.07
2026-02-01 15:30:00,97.58,,88.69
2026-02-01 15:45:00,101.64,,91.78
2026-02-01 16:00:00,103.97,,81.49
2026-02-01 16:15:00,104.94,,94.5
2026-02-01 16:30:00,117.16,,106.16
2026-02-01 16:45:00,128.07,,120.69
2026-02-01 17:00:00,120.93,,113.93
2026-02-01 17:15:00,125.44,,118.44
2026-02-01 17:30:00,127.4,,119.81
2026-02-01 17:45:00,130.73,,121.66
2026-02-01 18:00:00,122.25,,113.92
2026-02-01 18:15:00,123.04,,113.92
2026-02-01 18:30:00,123.36,,113.92
2026-02-01 18:45:00,123.06,,113.05
2026-02-01 19:00:00,143.74,,126.94
2026-02-01 19:15:00,136.96,,123.8
2026-02-01 19:30:00,135.0,,125.4
2026-02-01 19:45:00,126.95,,117.52
2026-02-01 20:00:00,117.6,,109.6
2026-02-01 20:15:00,123.77,,115.77
2026-02-01 20:30:00,117.11,,109.11
2026-02-01 20:45:00,117.65,,105.7
2026-02-01 21:00:00,104.24,,97.24
2026-02-01 21:15:00,98.74,,91.74
2026-02-01 21:30:00,96.46,,89.46
2026-02-01 21:45:00,97.64,,88.72
2026-02-01 22:00:00,96.21,,87.38
2026-02-01 22:15:00,95.11,,88.11
2026-02-01 22:30:00,87.03,,80.03
2026-02-01 22:45:00,95.11,,88.11
2026-02-01 23:00:00,97.78,,90.78
2026-02-01 23:15:00,94.28,,87.28
2026-02-01 23:30:00,88.61,,81.61
2026-02-01 23:45:00,87.05,,80.05
2026-02-02 00:00:00,94.66,90.0,
2026-02-02 00:15:00,89.23,87.68,
2026-02-02 00:30:00,85.72,83.79,
2026-02-02 00:45:00,80.04,79.88,
2026-02-02 01:00:00,86.17,84.7,
2026-02-02 01:15:00,86.18,86.73,
2026-02-02 01:30:00,86.17,86.18,
2026-02-02 01:45:00,87.77,86.19,
2026-02-02 02:00:00,90.0,88.78,
2026-02-02 02:15:00,89.05,86.99,
2026-02-02 02:30:00,86.6,87.17,
2026-02-02 02:45:00,85.49,86.58,
2026-02-02 03:00:00,82.63,85.53,
2026-02-02 03:15:00,82.08,85.31,
2026-02-02 03:30:00,81.84,85.09,
2026-02-02 03:45:00,82.51,85.11,
2026-02-02 04:00:00,84.01,86.1,
2026-02-02 04:15:00,87.64,88.28,
2026-02-02 04:30:00,89.81,89.31,
2026-02-02 04:45:00,94.61,90.5,
2026-02-02 05:00:00,93.67,90.58,
2026-02-02 05:15:00,97.22,90.8,
2026-02-02 05:30:00,100.32,90.62,
2026-02-02 05:45:00,115.0,86.19,
2026-02-02 06:00:00,107.51,91.41,
2026-02-02 06:15:00,108.81,104.81,
2026-02-02 06:30:00,108.48,104.48,
2026-02-02 06:45:00,109.96,105.96,
2026-02-02 07:00:00,111.98,99.44,
2026-02-02 07:15:00,111.71,94.97,
2026-02-02 07:30:00,110.03,96.16,
2026-02-02 07:45:00,100.22,95.3,
2026-02-02 08:00:00,97.66,89.86,
2026-02-02 08:15:00,96.23,92.04,
2026-02-02 08:30:00,92.33,91.0,
2026-02-02 08:45:00,88.65,87.99,
2026-02-02 09:00:00,90.05,89.28,
2026-02-02 09:15:00,93.67,92.74,
2026-02-02 09:30:00,88.78,88.78,
2026-02-02 09:45:00,90.0,89.57,
2026-02-02 10:00:00,98.33,99.33,
2026-02-02 10:15:00,91.86,91.5,
2026-02-02 10:30:00,96.9,96.59,
2026-02-02 10:45:00,97.22,96.43,
2026-02-02 11:00:00,96.65,96.17,
2026-02-02 11:15:00,96.43,95.29,
2026-02-02 11:30:00,98.52,97.91,
2026-02-02 11:45:00,98.74,98.47,
2026-02-02 12:00:00,90.36,90.65,79.43
2026-02-02 12:15:00,90.92,90.92,84.16
2026-02-02 12:30:00,89.54,89.83,61.08
2026-02-02 12:45:00,89.3,89.35,74.61
2026-02-02 13:00:00,88.94,88.94,72.65
2026-02-02 13:15:00,89.09,89.11,77.01
2026-02-02 13:30:00,88.4,88.55,71.72
2026-02-02 13:45:00,88.73,88.73,67.56
2026-02-02 14:00:00,88.03,88.03,67.09
2026-02-02 14:15:00,89.2,89.17,72.66
2026-02-02 14:30:00,89.2,89.15,70.42
2026-02-02 14:45:00,88.81,89.01,68.49
2026-02-02 15:00:00,88.46,78.26,66.8
2026-02-02 15:15:00,94.66,80.05,61.78
2026-02-02 15:30:00,102.86,85.49,81.86
2026-02-02 15:45:00,122.89,93.58,68.24
2026-02-02 16:00:00,90.62,82.2,91.0
2026-02-02 16:15:00,109.16,96.61,91.32
2026-02-02 16:30:00,182.25,187.13,201.36
2026-02-02 16:45:00,222.55,238.59,241.8
2026-02-02 17:00:00,170.03,189.03,159.03
2026-02-02 17:15:00,221.45,220.24,207.66
2026-02-02 17:30:00,241.33,227.9,226.78
2026-02-02 17:45:00,251.72,228.3,199.39
2026-02-02 18:00:00,216.85,214.85,205.85
2026-02-02 18:15:00,227.22,225.22,216.03
2026-02-02 18:30:00,234.96,225.32,220.96
2026-02-02 18:45:00,237.65,235.65,226.58
2026-02-02 19:00:00,237.42,228.12,223.61
2026-02-02 19:15:00,203.8,200.0,192.67
2026-02-02 19:30:00,226.73,225.19,213.73
2026-02-02 19:45:00,187.62,188.92,176.62
2026-02-02 20:00:00,210.18,205.25,245.66
2026-02-02 20:15:00,165.71,149.7,163.71
2026-02-02 20:30:00,105.63,93.96,110.16
2026-02-02 20:45:00,106.39,96.82,97.3
2026-02-02 21:00:00,159.3,146.23,160.21
2026-02-02 21:15:00,154.14,142.09,153.93
2026-02-02 21:30:00,138.95,126.72,142.8
2026-02-02 21:45:00,110.49,104.49,104.49
2026-02-02 22:00:00,156.93,135.74,149.6
2026-02-02 22:15:00,130.38,120.68,131.4
2026-02-02 22:30:00,111.14,104.92,117.45
2026-02-02 22:45:00,105.93,101.06,107.0
2026-02-02 23:00:00,122.36,119.86,126.0
2026-02-02 23:15:00,105.68,100.17,107.68
2026-02-02 23:30:00,101.14,93.38,101.1
2026-02-02 23:45:00,93.56,91.0,98.84
2026-02-03 00:00:00,95.69,107.52,
2026-02-03 00:15:00,97.81,104.0,
2026-02-03 00:30:00,99.03,98.6,
2026-02-03 00:45:00,92.84,95.64,
2026-02-03 01:00:00,95.98,106.65,
2026-02-03 01:15:00,95.23,99.81,
2026-02-03 01:30:00,98.98,96.2,
2026-02-03 01:45:00,92.19,93.2,
2026-02-03 02:00:00,96.14,96.12,
2026-02-03 02:15:00,94.51,91.0,
2026-02-03 02:30:00,96.58,95.96,
2026-02-03 02:45:00,94.56,94.0,
2026-02-03 03:00:00,92.95,93.44,
2026-02-03 03:15:00,94.57,86.01,
2026-02-03 03:30:00,96.55,95.78,
2026-02-03 03:45:00,96.07,92.14,
2026-02-03 04:00:00,89.39,90.88,
2026-02-03 04:15:00,92.65,92.63,
2026-02-03 04:30:00,90.87,92.94,
2026-02-03 04:45:00,102.02,98.66,
2026-02-03 05:00:00,96.58,94.18,
2026-02-03 05:15:00,107.65,99.28,
2026-02-03 05:30:00,111.57,104.31,
2026-02-03 05:45:00,132.25,128.25,
2026-02-03 06:00:00,114.82,111.32,
2026-02-03 06:15:00,113.81,113.68,
2026-02-03 06:30:00,136.56,145.15,
2026-02-03 06:45:00,146.0,110.74,
2026-02-03 07:00:00,195.04,207.44,
2026-02-03 07:15:00,160.2,152.06,
2026-02-03 07:30:00,134.65,127.85,
2026-02-03 07:45:00,100.72,92.81,
2026-02-03 08:00:00,151.28,106.1,
2026-02-03 08:15:00,115.42,81.12,
2026-02-03 08:30:00,125.5,83.47,
2026-02-03 08:45:00,104.2,81.95,
2026-02-03 09:00:00,93.39,80.59,
2026-02-03 09:15:00,90.07,79.61,
2026-02-03 09:30:00,90.0,76.68,
2026-02-03 09:45:00,83.2,67.18,
2026-02-03 10:00:00,83.23,72.47,
2026-02-03 10:15:00,83.2,69.73,
2026-02-03 10:30:00,83.2,70.41,
2026-02-03 10:45:00,82.21,75.19,
2026-02-03 11:00:00,81.71,75.02,
2026-02-03 11:15:00,81.53,74.96,
2026-02-03 11:30:00,83.5,77.62,
2026-02-03 11:45:00,81.82,73.02,
2026-02-03 12:00:00,81.53,68.4,67.88
2026-02-03 12:15:00,81.81,71.11,69.93
2026-02-03 12:30:00,83.75,77.17,75.0
2026-02-03 12:45:00,82.5,77.23,75.0
2026-02-03 13:00:00,84.32,79.67,80.0
2026-02-03 13:15:00,85.88,80.89,80.4
2026-02-03 13:30:00,91.0,82.81,80.81
2026-02-03 13:45:00,91.0,79.76,82.0
2026-02-03 14:00:00,92.47,75.34,76.49
2026-02-03 14:15:00,98.72,77.74,80.79
2026-02-03 14:30:00,99.87,80.48,80.91
2026-02-03 14:45:00,110.52,109.52,86.64
2026-02-03 15:00:00,98.97,57.32,67.86
2026-02-03 15:15:00,111.03,60.62,72.05
2026-02-03 15:30:00,119.96,81.93,86.45
2026-02-03 15:45:00,161.96,159.05,128.46
2026-02-03 16:00:00,110.52,90.95,96.02
2026-02-03 16:15:00,144.79,140.79,164.99
2026-02-03 16:30:00,145.6,141.6,198.96
2026-02-03 16:45:00,216.88,226.78,222.9
2026-02-03 17:00:00,174.43,153.84,160.74
2026-02-03 17:15:00,174.73,154.23,162.2
2026-02-03 17:30:00,204.06,163.49,196.11
2026-02-03 17:45:00,210.06,162.12,199.06
2026-02-03 18:00:00,189.57,156.39,176.4
2026-02-03 18:15:00,190.36,158.22,177.06
2026-02-03 18:30:00,191.92,159.83,180.92
2026-02-03 18:45:00,199.62,166.6,188.28
2026-02-03 19:00:00,203.84,205.41,199.2
2026-02-03 19:15:00,199.51,197.7,192.92
2026-02-03 19:30:00,178.56,176.06,172.56
2026-02-03 19:45:00,143.5,140.96,135.0
2026-02-03 20:00:00,165.55,173.18,175.71
2026-02-03 20:15:00,122.0,122.82,150.85
2026-02-03 20:30:00,143.5,135.67,167.99
2026-02-03 20:45:00,119.91,118.93,134.32
2026-02-03 21:00:00,157.01,145.2,165.0
2026-02-03 21:15:00,138.61,135.41,155.08
2026-02-03 21:30:00,114.02,131.75,122.96
2026-02-03 21:45:00,100.25,113.0,123.16
2026-02-03 22:00:00,128.18,126.61,122.61
2026-02-03 22:15:00,118.14,115.19,115.32
2026-02-03 22:30:00,111.08,110.83,112.31
2026-02-03 22:45:00,113.22,108.0,116.88
2026-02-03 23:00:00,112.55,113.2,118.41
2026-02-03 23:15:00,105.0,102.0,107.71
2026-02-03 23:30:00,102.05,98.79,99.99
2026-02-03 23:45:00,95.13,93.5,93.38
2026-02-04 00:00:00,100.24,101.1,
2026-02-04 00:15:00,99.05,96.24,
2026-02-04 00:30:00,99.06,96.0,
2026-02-04 00:45:00,99.33,96.52,
2026-02-04 01:00:00,106.02,100.38,
2026-02-04 01:15:00,104.27,99.86,
2026-02-04 01:30:00,92.51,93.84,
2026-02-04 01:45:00,99.82,95.11,
2026-02-04 02:00:00,102.05,99.64,
2026-02-04 02:15:00,101.88,96.9,
2026-02-04 02:30:00,96.52,94.31,
2026-02-04 02:45:00,94.28,93.13,
2026-02-04 03:00:00,96.46,95.63,
2026-02-04 03:15:00,98.92,96.69,
2026-02-04 03:30:00,95.12,96.74,
2026-02-04 03:45:00,90.12,93.34,
2026-02-04 04:00:00,95.31,93.4,
2026-02-04 04:15:00,93.58,93.63,
2026-02-04 04:30:00,98.58,96.69,
2026-02-04 04:45:00,104.98,100.12,
2026-02-04 05:00:00,85.34,93.5,
2026-02-04 05:15:00,103.71,98.82,
2026-02-04 05:30:00,100.97,99.25,
2026-02-04 05:45:00,98.66,96.78,
2026-02-04 06:00:00,106.11,102.75,
2026-02-04 06:15:00,115.12,116.9,
2026-02-04 06:30:00,102.96,99.71,
2026-02-04 06:45:00,102.54,98.15,
2026-02-04 07:00:00,128.84,143.17,
2026-02-04 07:15:00,118.09,139.87,
2026-02-04 07:30:00,89.67,94.0,
2026-02-04 07:45:00,93.37,93.24,
2026-02-04 08:00:00,99.56,99.07,
2026-02-04 08:15:00,87.12,87.14,
2026-02-04 08:30:00,83.59,87.0,
2026-02-04 08:45:00,85.57,88.0,
2026-02-04 09:00:00,82.5,87.0,
2026-02-04 09:15:00,82.07,82.9,
2026-02-04 09:30:00,80.82,87.0,
2026-02-04 09:45:00,82.09,86.93,
2026-02-04 10:00:00,86.18,90.53,
2026-02-04 10:15:00,84.74,90.73,
2026-02-04 10:30:00,83.2,89.28,
2026-02-04 10:45:00,81.58,88.21,
2026-02-04 11:00:00,85.41,88.13,
2026-02-04 11:15:00,76.32,87.0,
2026-02-04 11:30:00,70.48,86.57,
2026-02-04 11:45:00,65.92,80.92,
2026-02-04 12:00:00,61.32,76.5,33.67
2026-02-04 12:15:00,59.54,59.36,29.2
2026-02-04 12:30:00,29.68,35.0,24.26
2026-02-04 12:45:00,29.77,40.62,24.47
2026-02-04 13:00:00,24.58,24.69,20.64
2026-02-04 13:15:00,49.54,49.68,27.88
2026-02-04 13:30:00,65.66,73.21,32.19
2026-02-04 13:45:00,65.94,71.26,30.54
2026-02-04 14:00:00,61.36,76.59,61.63
2026-02-04 14:15:00,65.44,65.57,65.95
2026-02-04 14:30:00,66.74,67.17,70.66
2026-02-04 14:45:00,63.95,63.61,63.07
2026-02-04 15:00:00,55.12,52.78,34.72
2026-02-04 15:15:00,29.72,30.01,0.1
2026-02-04 15:30:00,73.8,72.87,72.99
2026-02-04 15:45:00,80.89,80.6,80.9
2026-02-04 16:00:00,89.03,85.52,85.75
2026-02-04 16:15:00,103.14,97.9,95.24
2026-02-04 16:30:00,103.18,98.18,96.18
2026-02-04 16:45:00,105.34,100.34,98.34
2026-02-04 17:00:00,139.29,125.68,124.24
2026-02-04 17:15:00,141.94,128.91,127.73
2026-02-04 17:30:00,139.19,127.32,125.81
2026-02-04 17:45:00,140.36,129.2,127.39
2026-02-04 18:00:00,128.63,134.1,127.82
2026-02-04 18:15:00,134.89,135.43,133.33
2026-02-04 18:30:00,122.24,122.39,120.3
2026-02-04 18:45:00,121.62,112.31,112.91
2026-02-04 19:00:00,123.26,120.77,112.26
2026-02-04 19:15:00,124.8,136.67,113.8
2026-02-04 19:30:00,119.29,132.08,109.29
2026-02-04 19:45:00,104.27,100.11,84.42
2026-02-04 20:00:00,96.01,92.05,87.0
2026-02-04 20:15:00,95.33,92.06,74.84
2026-02-04 20:30:00,90.28,87.0,87.0
2026-02-04 20:45:00,88.45,86.28,86.54
2026-02-04 21:00:00,84.28,83.03,82.29
2026-02-04 21:15:00,81.31,81.08,80.37
2026-02-04 21:30:00,80.63,80.41,69.06
2026-02-04 21:45:00,83.3,81.76,69.96
2026-02-04 22:00:00,82.21,81.65,81.88
2026-02-04 22:15:00,85.92,83.78,84.0
2026-02-04 22:30:00,86.66,83.48,83.54
2026-02-04 22:45:00,79.89,77.94,77.94
2026-02-04 23:00:00,85.42,82.84,82.95
2026-02-04 23:15:00,85.14,81.04,81.14
2026-02-04 23:30:00,78.6,75.09,75.09
2026-02-04 23:45:00,73.85,70.25,69.76
2026-02-05 00:00:00,57.5,47.5,
2026-02-05 00:15:00,65.55,62.61,
2026-02-05 00:30:00,81.12,78.04,
2026-02-05 00:45:00,81.6,70.62,
2026-02-05 01:00:00,81.13,71.05,
2026-02-05 01:15:00,81.16,80.94,
2026-02-05 01:30:00,79.51,77.53,
2026-02-05 01:45:00,78.83,76.01,
2026-02-05 02:00:00,90.55,72.66,
2026-02-05 02:15:00,90.26,72.38,
2026-02-05 02:30:00,92.5,74.21,
2026-02-05 02:45:00,92.33,74.33,
2026-02-05 03:00:00,91.0,66.94,
2026-02-05 03:15:00,92.5,71.06,
2026-02-05 03:30:00,92.5,80.0,
2026-02-05 03:45:00,92.98,73.29,
2026-02-05 04:00:00,85.82,75.41,
2026-02-05 04:15:00,88.42,82.4,
2026-02-05 04:30:00,88.35,87.35,
2026-02-05 04:45:00,90.75,87.46,
2026-02-05 05:00:00,88.99,88.62,
2026-02-05 05:15:00,89.54,89.83,
2026-02-05 05:30:00,87.54,86.62,
2026-02-05 05:45:00,90.33,90.26,
2026-02-05 06:00:00,90.55,80.0,
2026-02-05 06:15:00,90.85,85.22,
2026-02-05 06:30:00,91.0,74.91,
2026-02-05 06:45:00,91.09,85.2,
2026-02-05 07:00:00,86.0,62.7,
2026-02-05 07:15:00,86.48,62.9,
2026-02-05 07:30:00,87.1,62.46,
2026-02-05 07:45:00,86.98,81.98,
2026-02-05 08:00:00,89.94,86.0,
2026-02-05 08:15:00,89.87,86.0,
2026-02-05 08:30:00,87.7,84.95,
2026-02-05 08:45:00,89.62,86.0,
2026-02-05 09:00:00,89.89,86.0,
2026-02-05 09:15:00,89.84,86.0,
2026-02-05 09:30:00,89.74,86.0,
2026-02-05 09:45:00,87.36,81.75,
2026-02-05 10:00:00,89.65,84.77,
2026-02-05 10:15:00,89.75,85.65,
2026-02-05 10:30:00,89.65,84.93,
2026-02-05 10:45:00,89.35,84.35,
2026-02-05 11:00:00,94.06,83.94,
2026-02-05 11:15:00,95.2,84.46,
2026-02-05 11:30:00,95.17,84.39,
2026-02-05 11:45:00,95.75,84.73,
2026-02-05 12:00:00,95.4,86.2,79.01
2026-02-05 12:15:00,95.63,86.6,75.14
2026-02-05 12:30:00,95.27,86.4,80.04
2026-02-05 12:45:00,95.52,84.33,75.77
2026-02-05 13:00:00,93.95,83.26,73.33
2026-02-05 13:15:00,93.76,89.08,73.08
2026-02-05 13:30:00,93.38,88.89,72.89
2026-02-05 13:45:00,92.92,87.66,72.57
2026-02-05 14:00:00,91.59,86.0,70.36
2026-02-05 14:15:00,88.4,86.0,70.06
2026-02-05 14:30:00,86.0,85.0,68.47
2026-02-05 14:45:00,86.0,85.0,67.3
2026-02-05 15:00:00,89.18,86.0,71.47
2026-02-05 15:15:00,89.19,84.65,71.64
2026-02-05 15:30:00,89.26,86.0,72.89
2026-02-05 15:45:00,89.23,86.62,72.97
2026-02-05 16:00:00,89.45,86.0,86.2
2026-02-05 16:15:00,96.43,91.5,93.43
2026-02-05 16:30:00,99.54,94.2,99.29
2026-02-05 16:45:00,102.36,94.91,104.29
2026-02-05 17:00:00,118.85,118.85,128.85
2026-02-05 17:15:00,129.4,150.47,138.0
2026-02-05 17:30:00,151.92,150.5,147.76
2026-02-05 17:45:00,157.51,158.85,158.31
2026-02-05 18:00:00,146.16,145.5,145.51
2026-02-05 18:15:00,146.08,156.24,148.0
2026-02-05 18:30:00,146.4,155.17,151.17
2026-02-05 18:45:00,151.57,160.61,158.92
2026-02-05 19:00:00,130.64,146.16,143.16
2026-02-05 19:15:00,158.84,149.0,145.48
2026-02-05 19:30:00,143.01,143.49,141.89
2026-02-05 19:45:00,139.36,158.85,140.15
2026-02-05 20:00:00,156.83,154.54,143.36
2026-02-05 20:15:00,146.16,146.74,144.19
2026-02-05 20:30:00,125.44,125.53,129.14
2026-02-05 20:45:00,115.55,112.57,124.55
2026-02-05 21:00:00,109.33,104.33,113.02
2026-02-05 21:15:00,119.69,121.59,128.59
2026-02-05 21:30:00,113.67,109.26,123.67
2026-02-05 21:45:00,117.06,114.41,115.0
2026-02-05 22:00:00,96.98,91.4,105.98
2026-02-05 22:15:00,98.27,93.89,106.77
2026-02-05 22:30:00,90.34,86.0,104.34
2026-02-05 22:45:00,89.4,86.0,103.85
2026-02-05 23:00:00,88.77,86.0,89.87
2026-02-05 23:15:00,87.99,86.0,88.9
2026-02-05 23:30:00,88.19,86.0,89.13
2026-02-05 23:45:00,87.49,86.0,88.72
2026-02-06 00:00:00,97.54,98.14,
2026-02-06 00:15:00,94.18,93.36,
2026-02-06 00:30:00,92.56,93.36,
2026-02-06 00:45:00,92.39,93.36,
2026-02-06 01:00:00,89.72,88.62,
2026-02-06 01:15:00,89.94,88.57,
2026-02-06 01:30:00,90.01,88.09,
2026-02-06 01:45:00,89.96,87.91,
2026-02-06 02:00:00,93.25,90.69,
2026-02-06 02:15:00,92.78,90.78,
2026-02-06 02:30:00,94.54,93.36,
2026-02-06 02:45:00,95.62,95.99,
2026-02-06 03:00:00,96.73,95.99,
2026-02-06 03:15:00,96.73,95.99,
2026-02-06 03:30:00,96.67,95.78,
2026-02-06 03:45:00,97.1,94.64,
2026-02-06 04:00:00,96.52,93.36,
2026-02-06 04:15:00,97.26,93.36,
2026-02-06 04:30:00,96.4,92.96,
2026-02-06 04:45:00,94.93,92.68,
2026-02-06 05:00:00,93.71,89.32,
2026-02-06 05:15:00,93.31,89.08,
2026-02-06 05:30:00,96.1,92.5,
2026-02-06 05:45:00,94.34,88.37,
2026-02-06 06:00:00,102.49,97.86,
2026-02-06 06:15:00,109.85,107.12,
2026-02-06 06:30:00,129.47,127.19,
2026-02-06 06:45:00,140.77,138.97,
2026-02-06 07:00:00,133.04,130.92,
2026-02-06 07:15:00,121.26,119.21,
2026-02-06 07:30:00,103.9,99.0,
2026-02-06 07:45:00,93.11,90.22,
2026-02-06 08:00:00,90.49,89.95,
2026-02-06 08:15:00,90.21,94.0,
2026-02-06 08:30:00,89.63,90.41,
2026-02-06 08:45:00,89.63,89.84,
2026-02-06 09:00:00,90.0,91.49,
2026-02-06 09:15:00,87.11,97.42,
2026-02-06 09:30:00,90.24,97.42,
2026-02-06 09:45:00,85.0,95.0,
2026-02-06 10:00:00,8.4,100.76,
2026-02-06 10:15:00,68.35,100.76,
2026-02-06 10:30:00,68.51,100.76,
2026-02-06 10:45:00,67.79,100.76,
2026-02-06 11:00:00,66.45,103.37,
2026-02-06 11:15:00,64.0,108.9,
2026-02-06 11:30:00,64.0,108.9,
2026-02-06 11:45:00,85.89,105.6,
2026-02-06 12:00:00,85.0,114.43,96.72
2026-02-06 12:15:00,85.14,97.42,92.43
2026-02-06 12:30:00,86.71,97.42,93.48
2026-02-06 12:45:00,87.65,106.77,87.01
2026-02-06 13:00:00,92.24,105.82,89.48
2026-02-06 13:15:00,92.68,103.84,89.64
2026-02-06 13:30:00,93.22,97.37,89.88
2026-02-06 13:45:00,93.24,93.42,93.66
2026-02-06 14:00:00,91.49,84.61,92.84
2026-02-06 14:15:00,92.15,83.9,92.07
2026-02-06 14:30:00,87.83,74.53,85.78
2026-02-06 14:45:00,85.09,69.09,79.09
2026-02-06 15:00:00,59.88,40.0,50.0
2026-02-06 15:15:00,57.32,40.0,50.0
2026-02-06 15:30:00,56.39,36.39,46.39
2026-02-06 15:45:00,60.0,40.0,50.0
2026-02-06 16:00:00,88.97,74.06,80.55
2026-02-06 16:15:00,90.34,80.17,63.54
2026-02-06 16:30:00,98.9,84.0,71.22
2026-02-06 16:45:00,100.53,91.53,88.53
2026-02-06 17:00:00,115.13,99.51,70.96
2026-02-06 17:15:00,133.35,125.3,109.35
2026-02-06 17:30:00,141.6,134.43,127.68
2026-02-06 17:45:00,144.9,138.09,130.67
2026-02-06 18:00:00,143.5,133.14,128.91
2026-02-06 18:15:00,141.29,131.07,126.88
2026-02-06 18:30:00,138.53,128.79,124.54
2026-02-06 18:45:00,134.02,123.06,110.51
2026-02-06 19:00:00,139.23,123.14,90.37
2026-02-06 19:15:00,124.95,108.11,75.68
2026-02-06 19:30:00,108.85,93.11,65.18
2026-02-06 19:45:00,106.83,91.05,0.0
2026-02-06 20:00:00,94.37,79.37,56.55
2026-02-06 20:15:00,93.35,78.44,54.91
2026-02-06 20:30:00,94.2,79.29,65.93
2026-02-06 20:45:00,91.06,76.15,69.95
2026-02-06 21:00:00,86.89,70.89,62.15
2026-02-06 21:15:00,87.73,71.73,68.25
2026-02-06 21:30:00,87.07,71.07,68.79
2026-02-06 21:45:00,85.99,69.99,58.51
2026-02-06 22:00:00,86.96,85.0,80.96
2026-02-06 22:15:00,87.51,85.0,81.51
2026-02-06 22:30:00,86.97,85.0,80.97
2026-02-06 22:45:00,87.93,85.0,81.93
2026-02-06 23:00:00,89.21,85.88,83.21
2026-02-06 23:15:00,89.88,86.4,83.88
2026-02-06 23:30:00,89.1,85.85,83.1
2026-02-06 23:45:00,87.71,85.0,81.71
2026-02-07 00:00:00,76.96,102.17,
2026-02-07 00:15:00,100.0,99.92,
2026-02-07 00:30:00,100.1,103.96,
2026-02-07 00:45:00,98.09,96.0,
2026-02-07 01:00:00,101.14,98.37,
2026-02-07 01:15:00,101.14,96.3,
2026-02-07 01:30:00,101.45,98.91,
2026-02-07 01:45:00,101.12,97.94,
2026-02-07 02:00:00,101.0,98.98,
2026-02-07 02:15:00,101.56,100.21,
2026-02-07 02:30:00,100.33,97.96,
2026-02-07 02:45:00,106.96,102.12,
2026-02-07 03:00:00,106.86,103.22,
2026-02-07 03:15:00,106.82,109.42,
2026-02-07 03:30:00,106.76,103.39,
2026-02-07 03:45:00,104.3,106.8,
2026-02-07 04:00:00,106.82,101.61,
2026-02-07 04:15:00,98.05,96.31,
2026-02-07 04:30:00,49.69,98.72,
2026-02-07 04:45:00,97.55,94.73,
2026-02-07 05:00:00,66.6,89.23,
2026-02-07 05:15:00,93.32,92.99,
2026-02-07 05:30:00,96.13,95.43,
2026-02-07 05:45:00,94.77,93.35,
2026-02-07 06:00:00,95.23,92.14,
2026-02-07 06:15:00,97.0,89.57,
2026-02-07 06:30:00,102.35,93.01,
2026-02-07 06:45:00,105.0,95.78,
2026-02-07 07:00:00,98.61,91.12,
2026-02-07 07:15:00,100.35,93.34,
2026-02-07 07:30:00,90.6,89.0,
2026-02-07 07:45:00,75.0,88.95,
2026-02-07 08:00:00,89.83,89.0,
2026-02-07 08:15:00,89.3,89.0,
2026-02-07 08:30:00,35.1,49.35,
2026-02-07 08:45:00,35.0,70.63,
2026-02-07 09:00:00,0.8,6.22,
2026-02-07 09:15:00,0.01,-2.23,
2026-02-07 09:30:00,-2.5,0.0,
2026-02-07 09:45:00,-2.5,0.0,
2026-02-07 10:00:00,0.0,2.18,
2026-02-07 10:15:00,0.05,2.14,
2026-02-07 10:30:00,0.16,2.16,
2026-02-07 10:45:00,0.3,2.0,
2026-02-07 11:00:00,0.29,1.05,
2026-02-07 11:15:00,0.11,0.43,
2026-02-07 11:30:00,0.0,0.1,
2026-02-07 11:45:00,0.0,0.1,
2026-02-07 12:00:00,0.0,0.17,-25.81
2026-02-07 12:15:00,0.0,0.1,-23.61
2026-02-07 12:30:00,0.0,0.1,-16.47
2026-02-07 12:45:00,0.23,1.16,-24.09
2026-02-07 13:00:00,0.58,2.58,-7.68
2026-02-07 13:15:00,0.5,2.5,0.0
2026-02-07 13:30:00,0.44,3.77,1.06
2026-02-07 13:45:00,0.66,10.0,3.74
2026-02-07 14:00:00,1.04,10.0,61.54
2026-02-07 14:15:00,1.43,11.53,67.45
2026-02-07 14:30:00,1.67,12.21,58.01
2026-02-07 14:45:00,0.95,9.83,95.86
2026-02-07 15:00:00,1.0,3.72,105.23
2026-02-07 15:15:00,35.75,38.28,95.36
2026-02-07 15:30:00,95.26,98.29,124.94
2026-02-07 15:45:00,98.43,95.14,123.46
2026-02-07 16:00:00,90.2,89.59,83.22
2026-02-07 16:15:00,101.99,110.99,130.58
2026-02-07 16:30:00,123.87,129.18,121.28
2026-02-07 16:45:00,135.33,140.82,133.17
2026-02-07 17:00:00,130.7,129.15,121.9
2026-02-07 17:15:00,117.18,127.63,118.94
2026-02-07 17:30:00,127.75,140.09,137.69
2026-02-07 17:45:00,136.6,147.5,138.67
2026-02-07 18:00:00,122.62,136.62,134.12
2026-02-07 18:15:00,125.24,140.01,135.75
2026-02-07 18:30:00,124.68,137.49,128.98
2026-02-07 18:45:00,123.47,130.0,124.23
2026-02-07 19:00:00,125.44,135.63,136.15
2026-02-07 19:15:00,122.47,133.05,128.97
2026-02-07 19:30:00,112.65,122.65,123.49
2026-02-07 19:45:00,108.77,111.75,116.78
2026-02-07 20:00:00,103.76,127.45,126.8
2026-02-07 20:15:00,102.68,116.86,134.73
2026-02-07 20:30:00,101.13,107.42,120.5
2026-02-07 20:45:00,98.01,102.11,105.21
2026-02-07 21:00:00,90.0,116.48,120.5
2026-02-07 21:15:00,90.0,109.4,114.05
2026-02-07 21:30:00,90.0,103.85,107.7
2026-02-07 21:45:00,90.0,102.71,102.22
2026-02-07 22:00:00,90.0,108.44,112.81
2026-02-07 22:15:00,90.0,108.44,109.84
2026-02-07 22:30:00,90.0,105.81,107.74
2026-02-07 22:45:00,90.0,100.95,98.46
2026-02-07 23:00:00,90.0,107.77,114.15
2026-02-07 23:15:00,90.0,108.44,108.25
2026-02-07 23:30:00,90.0,106.32,105.72
2026-02-07 23:45:00,90.0,97.71,97.91
2026-02-08 00:00:00,92.46,91.96,
2026-02-08 00:15:00,91.46,89.86,
2026-02-08 00:30:00,91.73,90.28,
2026-02-08 00:45:00,91.06,89.14,
2026-02-08 01:00:00,93.32,95.52,
2026-02-08 01:15:00,94.77,96.64,
2026-02-08 01:30:00,96.1,96.1,
2026-02-08 01:45:00,94.52,95.84,
2026-02-08 02:00:00,98.58,99.0,
2026-02-08 02:15:00,98.12,101.69,
2026-02-08 02:30:00,98.47,100.66,
2026-02-08 02:45:00,98.58,99.53,
2026-02-08 03:00:00,97.61,99.93,
2026-02-08 03:15:00,98.79,98.79,
2026-02-08 03:30:00,95.86,95.86,
2026-02-08 03:45:00,93.84,93.84,
2026-02-08 04:00:00,95.83,96.34,
2026-02-08 04:15:00,92.84,92.84,
2026-02-08 04:30:00,92.94,92.94,
2026-02-08 04:45:00,93.1,93.1,
2026-02-08 05:00:00,97.05,98.76,
2026-02-08 05:15:00,97.23,99.23,
2026-02-08 05:30:00,98.13,98.13,
2026-02-08 05:45:00,98.99,98.99,
2026-02-08 06:00:00,92.82,91.56,
2026-02-08 06:15:00,95.12,93.2,
2026-02-08 06:30:00,99.0,97.03,
2026-02-08 06:45:00,99.0,97.05,
2026-02-08 07:00:00,94.84,94.84,
2026-02-08 07:15:00,99.0,99.0,
2026-02-08 07:30:00,94.11,94.11,
2026-02-08 07:45:00,86.0,89.99,
2026-02-08 08:00:00,51.22,93.84,
2026-02-08 08:15:00,1.21,84.04,
2026-02-08 08:30:00,1.48,35.0,
2026-02-08 08:45:00,53.34,103.1,
2026-02-08 09:00:00,101.0,105.92,
2026-02-08 09:15:00,88.42,93.52,
2026-02-08 09:30:00,86.0,90.62,
2026-02-08 09:45:00,12.12,102.0,
2026-02-08 10:00:00,74.26,95.85,
2026-02-08 10:15:00,9.22,28.61,
2026-02-08 10:30:00,4.11,25.11,
2026-02-08 10:45:00,3.37,12.9,
2026-02-08 11:00:00,28.46,56.0,
2026-02-08 11:15:00,13.8,43.8,
2026-02-08 11:30:00,12.34,32.77,
2026-02-08 11:45:00,7.88,28.44,
2026-02-08 12:00:00,0.02,10.01,-2.41
2026-02-08 12:15:00,0.31,10.01,-1.07
2026-02-08 12:30:00,5.3,13.0,0.1
2026-02-08 12:45:00,34.23,57.27,22.78
2026-02-08 13:00:00,-3.8,8.64,-1.09
2026-02-08 13:15:00,4.44,18.44,0.1
2026-02-08 13:30:00,81.58,81.58,69.07
2026-02-08 13:45:00,45.47,48.75,51.39
2026-02-08 14:00:00,90.94,97.92,101.94
2026-02-08 14:15:00,100.97,100.59,110.63
2026-02-08 14:30:00,99.27,99.93,102.91
2026-02-08 14:45:00,105.8,103.04,102.31
2026-02-08 15:00:00,93.4,95.12,95.53
2026-02-08 15:15:00,102.01,100.5,97.57
2026-02-08 15:30:00,104.37,104.01,100.12
2026-02-08 15:45:00,112.06,109.91,103.44
2026-02-08 16:00:00,94.42,97.77,94.95
2026-02-08 16:15:00,107.78,106.74,101.51
2026-02-08 16:30:00,104.45,104.45,105.31
2026-02-08 16:45:00,125.69,126.0,113.8
2026-02-08 17:00:00,113.95,109.01,106.15
2026-02-08 17:15:00,120.37,119.16,115.7
2026-02-08 17:30:00,135.92,136.14,127.9
2026-02-08 17:45:00,154.78,135.01,132.01
2026-02-08 18:00:00,128.8,130.7,122.79
2026-02-08 18:15:00,133.99,131.65,124.66
2026-02-08 18:30:00,127.55,128.75,125.34
2026-02-08 18:45:00,124.84,121.91,120.51
2026-02-08 19:00:00,129.81,132.32,125.66
2026-02-08 19:15:00,126.92,128.85,123.05
2026-02-08 19:30:00,121.6,119.05,119.1
2026-02-08 19:45:00,118.17,115.17,113.6
2026-02-08 20:00:00,121.78,121.16,119.91
2026-02-08 20:15:00,118.79,117.59,114.64
2026-02-08 20:30:00,117.38,119.23,121.26
2026-02-08 20:45:00,109.85,112.86,115.31
2026-02-08 21:00:00,113.77,117.18,111.68
2026-02-08 21:15:00,107.64,115.33,111.61
2026-02-08 21:30:00,104.41,108.41,105.01
2026-02-08 21:45:00,102.07,104.19,105.7
2026-02-08 22:00:00,117.88,109.95,109.99
2026-02-08 22:15:00,108.94,105.38,105.84
2026-02-08 22:30:00,103.14,105.73,105.99
2026-02-08 22:45:00,102.06,103.0,102.12
2026-02-08 23:00:00,108.64,104.41,112.37
2026-02-08 23:15:00,101.81,99.22,99.92
2026-02-08 23:30:00,100.29,100.25,101.3
2026-02-08 23:45:00,93.1,95.85,94.94
2026-02-09 00:00:00,101.12,98.47,
2026-02-09 00:15:00,100.01,97.53,
2026-02-09 00:30:00,95.48,105.06,
2026-02-09 00:45:00,96.81,99.97,
2026-02-09 01:00:00,101.15,97.78,
2026-02-09 01:15:00,96.0,93.98,
2026-02-09 01:30:00,95.85,93.01,
2026-02-09 01:45:00,95.96,91.39,
2026-02-09 02:00:00,96.0,97.9,
2026-02-09 02:15:00,97.58,95.19,
2026-02-09 02:30:00,97.9,94.61,
2026-02-09 02:45:00,97.74,94.54,
2026-02-09 03:00:00,96.58,92.01,
2026-02-09 03:15:00,103.69,94.49,
2026-02-09 03:30:00,103.02,94.5,
2026-02-09 03:45:00,93.93,92.01,
2026-02-09 04:00:00,103.1,94.96,
2026-02-09 04:15:00,97.74,94.29,
2026-02-09 04:30:00,94.7,93.36,
2026-02-09 04:45:00,99.11,96.11,
2026-02-09 05:00:00,97.74,94.18,
2026-02-09 05:15:00,98.31,97.69,
2026-02-09 05:30:00,99.77,101.63,
2026-02-09 05:45:00,107.98,107.0,
2026-02-09 06:00:00,107.11,105.74,
2026-02-09 06:15:00,123.62,122.6,
2026-02-09 06:30:00,139.57,136.76,
2026-02-09 06:45:00,154.11,161.0,
2026-02-09 07:00:00,143.69,145.69,
2026-02-09 07:15:00,160.54,160.44,
2026-02-09 07:30:00,174.39,165.49,
2026-02-09 07:45:00,168.65,172.81,
2026-02-09 08:00:00,172.39,170.29,
2026-02-09 08:15:00,184.31,182.12,
2026-02-09 08:30:00,179.62,175.25,
2026-02-09 08:45:00,164.36,172.1,
2026-02-09 09:00:00,181.01,180.91,
2026-02-09 09:15:00,169.36,166.35,
2026-02-09 09:30:00,160.73,161.31,
2026-02-09 09:45:00,141.73,149.81,
2026-02-09 10:00:00,113.8,133.8,
2026-02-09 10:15:00,110.0,117.64,
2026-02-09 10:30:00,110.4,120.37,
2026-02-09 10:45:00,102.55,105.35,
2026-02-09 11:00:00,132.57,134.57,
2026-02-09 11:15:00,114.53,116.53,
2026-02-09 11:30:00,113.04,115.04,
2026-02-09 11:45:00,111.56,113.56,
2026-02-09 12:00:00,110.0,112.0,88.66
2026-02-09 12:15:00,110.0,112.0,92.94
2026-02-09 12:30:00,111.06,112.53,95.01
2026-02-09 12:45:00,110.8,120.0,96.6
2026-02-09 13:00:00,111.11,120.0,98.19
2026-02-09 13:15:00,111.42,120.0,98.0
2026-02-09 13:30:00,111.69,120.0,99.96
2026-02-09 13:45:00,115.41,122.51,117.51
2026-02-09 14:00:00,105.68,119.24,98.53
2026-02-09 14:15:00,108.38,121.09,102.51
2026-02-09 14:30:00,111.64,122.5,99.95
2026-02-09 14:45:00,145.71,146.29,135.0
2026-02-09 15:00:00,108.43,114.82,105.55
2026-02-09 15:15:00,128.71,128.11,124.77
2026-02-09 15:30:00,142.72,148.79,146.83
2026-02-09 15:45:00,152.85,154.36,154.03
2026-02-09 16:00:00,131.43,128.43,122.42
2026-02-09 16:15:00,156.52,146.74,141.51
2026-02-09 16:30:00,185.63,177.66,173.41
2026-02-09 16:45:00,197.52,193.3,213.04
2026-02-09 17:00:00,149.0,158.9,159.0
2026-02-09 17:15:00,184.9,181.4,205.0
2026-02-09 17:30:00,216.06,211.96,236.16
2026-02-09 17:45:00,216.66,217.55,237.65
2026-02-09 18:00:00,201.39,182.96,207.94
2026-02-09 18:15:00,192.99,176.69,191.81
2026-02-09 18:30:00,197.49,174.1,175.12
2026-02-09 18:45:00,179.12,171.14,193.73
2026-02-09 19:00:00,188.63,174.92,196.07
2026-02-09 19:15:00,175.06,163.97,188.83
2026-02-09 19:30:00,166.99,161.8,185.99
2026-02-09 19:45:00,150.22,149.17,168.41
2026-02-09 20:00:00,166.36,161.78,186.46
2026-02-09 20:15:00,153.13,144.55,173.23
2026-02-09 20:30:00,143.0,143.27,163.71
2026-02-09 20:45:00,126.95,124.95,149.0
2026-02-09 21:00:00,150.32,143.67,145.0
2026-02-09 21:15:00,145.75,139.94,143.69
2026-02-09 21:30:00,133.08,131.5,140.0
2026-02-09 21:45:00,126.36,126.22,129.06
2026-02-09 22:00:00,135.35,131.44,141.84
2026-02-09 22:15:00,129.42,130.79,140.97
2026-02-09 22:30:00,125.09,124.95,127.7
2026-02-09 22:45:00,114.68,120.43,119.83
2026-02-09 23:00:00,114.96,113.02,127.77
2026-02-09 23:15:00,109.4,119.55,119.5
2026-02-09 23:30:00,103.35,101.49,114.19
2026-02-09 23:45:00,95.19,92.19,108.19
2026-02-10 00:00:00,76.7,94.06,
2026-02-10 00:15:00,75.93,94.05,
2026-02-10 00:30:00,75.33,94.05,
2026-02-10 00:45:00,75.69,94.05,
2026-02-10 01:00:00,109.76,98.45,
2026-02-10 01:15:00,106.3,99.6,
2026-02-10 01:30:00,106.18,96.99,
2026-02-10 01:45:00,109.08,96.65,
2026-02-10 02:00:00,105.48,95.47,
2026-02-10 02:15:00,104.0,95.54,
2026-02-10 02:30:00,103.7,96.54,
2026-02-10 02:45:00,89.68,94.66,
2026-02-10 03:00:00,109.91,97.66,
2026-02-10 03:15:00,109.94,97.39,
2026-02-10 03:30:00,106.35,95.01,
2026-02-10 03:45:00,101.0,94.17,
2026-02-10 04:00:00,97.15,94.11,
2026-02-10 04:15:00,97.49,94.16,
2026-02-10 04:30:00,97.67,94.16,
2026-02-10 04:45:00,97.09,94.15,
2026-02-10 05:00:00,96.17,94.12,
2026-02-10 05:15:00,91.4,86.98,
2026-02-10 05:30:00,90.43,85.93,
2026-02-10 05:45:00,89.99,85.49,
2026-02-10 06:00:00,98.33,98.4,
2026-02-10 06:15:00,105.0,105.0,
2026-02-10 06:30:00,105.0,105.89,
2026-02-10 06:45:00,106.47,107.48,
2026-02-10 07:00:00,121.62,122.55,
2026-02-10 07:15:00,117.84,118.76,
2026-02-10 07:30:00,112.03,112.17,
2026-02-10 07:45:00,108.44,108.97,
2026-02-10 08:00:00,105.0,106.28,
2026-02-10 08:15:00,105.0,105.89,
2026-02-10 08:30:00,106.89,107.51,
2026-02-10 08:45:00,105.71,106.12,
2026-02-10 09:00:00,91.91,90.65,
2026-02-10 09:15:00,90.02,87.45,
2026-02-10 09:30:00,90.02,89.46,
2026-02-10 09:45:00,90.01,87.97,
2026-02-10 10:00:00,89.81,89.27,
2026-02-10 10:15:00,88.84,88.43,
2026-02-10 10:30:00,87.77,87.0,
2026-02-10 10:45:00,87.68,87.0,
2026-02-10 11:00:00,87.52,88.05,
2026-02-10 11:15:00,88.06,88.52,
2026-02-10 11:30:00,88.35,89.0,
2026-02-10 11:45:00,89.67,89.0,
2026-02-10 12:00:00,91.84,89.71,83.83
2026-02-10 12:15:00,91.97,89.86,83.94
2026-02-10 12:30:00,92.05,90.1,84.0
2026-02-10 12:45:00,92.09,93.64,89.61
2026-02-10 13:00:00,95.26,98.34,93.32
2026-02-10 13:15:00,107.44,105.78,100.99
2026-02-10 13:30:00,108.6,112.21,103.6
2026-02-10 13:45:00,101.09,101.14,94.66
2026-02-10 14:00:00,105.19,103.26,99.87
2026-02-10 14:15:00,104.96,102.51,99.6
2026-02-10 14:30:00,105.38,103.4,103.62
2026-02-10 14:45:00,112.72,109.72,107.84
2026-02-10 15:00:00,110.2,98.16,93.62
2026-02-10 15:15:00,113.49,108.49,105.62
2026-02-10 15:30:00,113.25,108.25,105.65
2026-02-10 15:45:00,151.93,157.64,158.61
2026-02-10 16:00:00,107.2,94.29,89.29
2026-02-10 16:15:00,119.39,122.95,115.77
2026-02-10 16:30:00,151.04,150.04,154.68
2026-02-10 16:45:00,177.2,182.7,176.2
2026-02-10 17:00:00,135.06,152.86,154.92
2026-02-10 17:15:00,161.57,167.84,164.61
2026-02-10 17:30:00,174.88,180.59,170.07
2026-02-10 17:45:00,168.06,172.94,161.98
2026-02-10 18:00:00,157.0,162.95,158.43
2026-02-10 18:15:00,154.76,159.03,156.67
2026-02-10 18:30:00,163.48,167.98,159.45
2026-02-10 18:45:00,165.94,168.54,160.77
2026-02-10 19:00:00,168.94,172.94,162.03
2026-02-10 19:15:00,168.07,171.49,162.58
2026-02-10 19:30:00,182.8,184.09,166.1
2026-02-10 19:45:00,158.23,162.38,155.27
2026-02-10 20:00:00,158.24,163.41,157.28
2026-02-10 20:15:00,135.13,142.68,140.09
2026-02-10 20:30:00,124.79,125.27,126.66
2026-02-10 20:45:00,121.93,118.93,117.93
2026-02-10 21:00:00,123.23,133.75,137.44
2026-02-10 21:15:00,119.76,134.22,132.22
2026-02-10 21:30:00,117.67,126.7,125.22
2026-02-10 21:45:00,113.49,114.13,105.63
2026-02-10 22:00:00,120.35,136.47,146.63
2026-02-10 22:15:00,114.39,119.9,116.25
2026-02-10 22:30:00,111.26,110.39,109.5
2026-02-10 22:45:00,107.24,106.76,104.14
2026-02-10 23:00:00,112.0,114.84,115.76
2026-02-10 23:15:00,109.04,107.02,106.35
2026-02-10 23:30:00,102.45,101.45,100.87
2026-02-10 23:45:00,96.66,94.68,94.83
2026-02-11 00:00:00,96.2,98.32,
2026-02-11 00:15:00,93.71,91.03,
2026-02-11 00:30:00,90.45,92.72,
2026-02-11 00:45:00,89.96,91.41,
2026-02-11 01:00:00,88.97,91.96,
2026-02-11 01:15:00,88.61,91.04,
2026-02-11 01:30:00,88.5,89.57,
2026-02-11 01:45:00,88.32,89.18,
2026-02-11 02:00:00,89.34,91.26,
2026-02-11 02:15:00,88.41,87.6,
2026-02-11 02:30:00,88.27,88.06,
2026-02-11 02:45:00,88.12,89.42,
2026-02-11 03:00:00,88.3,89.38,
2026-02-11 03:15:00,88.23,88.77,
2026-02-11 03:30:00,83.46,86.0,
2026-02-11 03:45:00,88.25,87.45,
2026-02-11 04:00:00,88.36,88.11,
2026-02-11 04:15:00,83.7,86.09,
2026-02-11 04:30:00,89.0,88.23,
2026-02-11 04:45:00,90.12,89.24,
2026-02-11 05:00:00,92.9,88.83,
2026-02-11 05:15:00,106.34,91.03,
2026-02-11 05:30:00,110.3,101.27,
2026-02-11 05:45:00,115.51,108.51,
2026-02-11 06:00:00,108.22,99.57,
2026-02-11 06:15:00,109.87,102.37,
2026-02-11 06:30:00,110.99,103.49,
2026-02-11 06:45:00,120.78,113.28,
2026-02-11 07:00:00,115.0,117.45,
2026-02-11 07:15:00,131.46,128.74,
2026-02-11 07:30:00,134.8,131.22,
2026-02-11 07:45:00,116.59,115.59,
2026-02-11 08:00:00,128.64,121.14,
2026-02-11 08:15:00,110.93,108.56,
2026-02-11 08:30:00,94.66,120.0,
2026-02-11 08:45:00,88.16,89.48,
2026-02-11 09:00:00,91.85,94.18,
2026-02-11 09:15:00,90.21,104.01,
2026-02-11 09:30:00,87.19,95.57,
2026-02-11 09:45:00,86.32,88.83,
2026-02-11 10:00:00,90.14,102.82,
2026-02-11 10:15:00,86.5,96.19,
2026-02-11 10:30:00,88.11,95.27,
2026-02-11 10:45:00,87.24,94.0,
2026-02-11 11:00:00,72.23,91.23,
2026-02-11 11:15:00,55.79,68.97,
2026-02-11 11:30:00,54.21,64.89,
2026-02-11 11:45:00,60.26,78.76,
2026-02-11 12:00:00,86.64,98.51,80.2
2026-02-11 12:15:00,84.09,96.03,88.12
2026-02-11 12:30:00,86.39,99.15,92.69
2026-02-11 12:45:00,85.57,97.26,92.26
2026-02-11 13:00:00,69.24,91.59,83.94
2026-02-11 13:15:00,78.01,96.03,90.38
2026-02-11 13:30:00,78.95,90.41,87.0
2026-02-11 13:45:00,78.01,89.34,87.0
2026-02-11 14:00:00,35.3,55.29,60.29
2026-02-11 14:15:00,76.86,94.5,91.07
2026-02-11 14:30:00,84.7,94.6,88.61
2026-02-11 14:45:00,84.46,101.81,74.45
2026-02-11 15:00:00,86.17,89.45,89.12
2026-02-11 15:15:00,93.02,89.18,89.47
2026-02-11 15:30:00,97.7,60.08,87.0
2026-02-11 15:45:00,117.07,111.07,102.58
2026-02-11 16:00:00,100.37,111.09,98.14
2026-02-11 16:15:00,115.77,110.64,108.5
2026-02-11 16:30:00,128.64,122.64,121.05
2026-02-11 16:45:00,138.82,159.65,136.82
2026-02-11 17:00:00,115.93,121.93,130.93
2026-02-11 17:15:00,130.98,130.2,136.69
2026-02-11 17:30:00,133.46,141.92,134.92
2026-02-11 17:45:00,136.4,134.3,145.63
2026-02-11 18:00:00,131.45,136.45,141.66
2026-02-11 18:15:00,130.52,130.26,145.26
2026-02-11 18:30:00,128.03,122.03,137.03
2026-02-11 18:45:00,123.92,117.92,132.92
2026-02-11 19:00:00,133.19,127.19,126.02
2026-02-11 19:15:00,132.18,125.98,124.76
2026-02-11 19:30:00,126.39,120.39,119.21
2026-02-11 19:45:00,117.93,111.17,110.93
2026-02-11 20:00:00,130.52,92.3,110.79
2026-02-11 20:15:00,127.08,90.1,63.65
2026-02-11 20:30:00,122.22,58.82,61.11
2026-02-11 20:45:00,110.42,57.46,59.56
2026-02-11 21:00:00,111.6,57.47,59.39
2026-02-11 21:15:00,96.8,57.57,58.31
2026-02-11 21:30:00,89.37,56.53,55.11
2026-02-11 21:45:00,89.23,56.12,50.85
2026-02-11 22:00:00,87.25,73.37,58.36
2026-02-11 22:15:00,86.28,72.5,57.5
2026-02-11 22:30:00,82.01,72.71,12.72
2026-02-11 22:45:00,82.23,73.56,13.57
2026-02-11 23:00:00,82.4,71.8,16.69
2026-02-11 23:15:00,81.93,71.25,17.97
2026-02-11 23:30:00,81.04,70.27,20.12
2026-02-11 23:45:00,80.86,70.1,-35.0
2026-02-12 00:00:00,93.06,74.13,
2026-02-12 00:15:00,92.43,74.23,
2026-02-12 00:30:00,93.01,75.0,
2026-02-12 00:45:00,93.68,75.0,
2026-02-12 01:00:00,97.82,86.89,
2026-02-12 01:15:00,98.0,82.71,
2026-02-12 01:30:00,95.76,76.26,
2026-02-12 01:45:00,98.57,77.7,
2026-02-12 02:00:00,97.95,82.71,
2026-02-12 02:15:00,92.34,75.0,
2026-02-12 02:30:00,95.7,75.14,
2026-02-12 02:45:00,97.51,74.5,
2026-02-12 03:00:00,91.25,74.68,
2026-02-12 03:15:00,90.86,73.29,
2026-02-12 03:30:00,90.41,72.81,
2026-02-12 03:45:00,90.36,72.05,
2026-02-12 04:00:00,92.97,73.48,
2026-02-12 04:15:00,93.9,71.7,
2026-02-12 04:30:00,91.36,70.09,
2026-02-12 04:45:00,89.9,70.4,
2026-02-12 05:00:00,80.99,74.99,
2026-02-12 05:15:00,88.63,78.32,
2026-02-12 05:30:00,88.94,83.3,
2026-02-12 05:45:00,92.53,86.68,
2026-02-12 06:00:00,100.0,93.67,
2026-02-12 06:15:00,105.22,102.73,
2026-02-12 06:30:00,108.18,108.18,
2026-02-12 06:45:00,110.84,112.99,
2026-02-12 07:00:00,102.09,96.0,
2026-02-12 07:15:00,95.0,91.0,
2026-02-12 07:30:00,95.0,91.0,
2026-02-12 07:45:00,90.66,87.75,
2026-02-12 08:00:00,88.16,86.92,
2026-02-12 08:15:00,86.76,85.57,
2026-02-12 08:30:00,81.1,79.96,
2026-02-12 08:45:00,56.0,59.89,
2026-02-12 09:00:00,88.87,85.87,
2026-02-12 09:15:00,86.18,85.38,
2026-02-12 09:30:00,63.65,68.58,
2026-02-12 09:45:00,0.01,0.01,
2026-02-12 10:00:00,100.11,91.66,
2026-02-12 10:15:00,79.94,85.67,
2026-02-12 10:30:00,53.99,62.83,
2026-02-12 10:45:00,5.0,10.0,
2026-02-12 11:00:00,36.97,40.0,
2026-02-12 11:15:00,2.86,5.2,
2026-02-12 11:30:00,36.25,36.26,
2026-02-12 11:45:00,36.86,38.16,
2026-02-12 12:00:00,3.15,6.08,-24.99
2026-02-12 12:15:00,41.84,43.95,13.95
2026-02-12 12:30:00,80.92,86.3,55.42
2026-02-12 12:45:00,85.25,94.82,59.82
2026-02-12 13:00:00,78.6,87.59,65.04
2026-02-12 13:15:00,85.14,97.93,69.83
2026-02-12 13:30:00,92.13,101.6,75.09
2026-02-12 13:45:00,87.66,107.05,72.42
2026-02-12 14:00:00,77.4,81.9,60.0
2026-02-12 14:15:00,86.33,85.56,67.65
2026-02-12 14:30:00,73.29,79.77,59.77
2026-02-12 14:45:00,-4.17,5.01,-10.99
2026-02-12 15:00:00,2.49,10.01,-4.99
2026-02-12 15:15:00,76.01,76.73,67.89
2026-02-12 15:30:00,85.21,82.21,79.21
2026-02-12 15:45:00,85.51,84.47,79.51
2026-02-12 16:00:00,86.68,85.8,80.56
2026-02-12 16:15:00,86.96,86.74,80.96
2026-02-12 16:30:00,88.49,85.0,82.49
2026-02-12 16:45:00,90.0,87.0,75.0
2026-02-12 17:00:00,90.0,96.59,84.0
2026-02-12 17:15:00,90.0,95.37,75.0
2026-02-12 17:30:00,90.0,95.0,75.0
2026-02-12 17:45:00,90.27,96.65,76.65
2026-02-12 18:00:00,97.23,103.59,83.28
2026-02-12 18:15:00,97.28,103.89,92.89
2026-02-12 18:30:00,97.33,104.19,84.19
2026-02-12 18:45:00,97.29,104.02,84.02
2026-02-12 19:00:00,97.32,103.74,101.74
2026-02-12 19:15:00,97.28,103.11,93.11
2026-02-12 19:30:00,95.49,99.3,90.49
2026-02-12 19:45:00,90.0,93.28,84.0
2026-02-12 20:00:00,90.16,92.0,84.0
2026-02-12 20:15:00,90.07,88.1,84.0
2026-02-12 20:30:00,90.12,87.26,84.0
2026-02-12 20:45:00,90.24,87.24,90.25
2026-02-12 21:00:00,90.95,85.0,79.81
2026-02-12 21:15:00,90.71,87.53,80.54
2026-02-12 21:30:00,89.95,86.22,80.36
2026-02-12 21:45:00,90.88,89.38,84.1
2026-02-12 22:00:00,85.73,90.73,84.93
2026-02-12 22:15:00,77.73,87.47,74.07
2026-02-12 22:30:00,81.29,81.78,70.6
2026-02-12 22:45:00,77.82,81.55,70.4
2026-02-12 23:00:00,84.08,82.1,70.9
2026-02-12 23:15:00,78.14,81.61,68.0
2026-02-12 23:30:00,77.48,81.52,68.0
2026-02-12 23:45:00,84.48,79.55,69.48
2026-02-13 00:00:00,90.62,93.02,
2026-02-13 00:15:00,88.84,90.92,
2026-02-13 00:30:00,87.1,86.33,
2026-02-13 00:45:00,86.23,84.36,
2026-02-13 01:00:00,90.05,87.4,
2026-02-13 01:15:00,90.58,86.0,
2026-02-13 01:30:00,90.05,85.82,
2026-02-13 01:45:00,88.14,84.78,
2026-02-13 02:00:00,86.01,84.25,
2026-02-13 02:15:00,86.51,83.8,
2026-02-13 02:30:00,85.81,84.0,
2026-02-13 02:45:00,87.51,84.0,
2026-02-13 03:00:00,91.27,83.27,
2026-02-13 03:15:00,87.84,86.16,
2026-02-13 03:30:00,90.7,88.63,
2026-02-13 03:45:00,91.49,86.08,
2026-02-13 04:00:00,91.57,84.05,
2026-02-13 04:15:00,92.09,85.97,
2026-02-13 04:30:00,87.39,87.0,
2026-02-13 04:45:00,90.76,86.07,
2026-02-13 05:00:00,90.97,83.93,
2026-02-13 05:15:00,87.67,82.37,
2026-02-13 05:30:00,91.29,86.98,
2026-02-13 05:45:00,91.65,93.04,
2026-02-13 06:00:00,92.09,101.07,
2026-02-13 06:15:00,103.12,114.2,
2026-02-13 06:30:00,116.35,120.0,
2026-02-13 06:45:00,120.77,126.73,
2026-02-13 07:00:00,133.16,113.81,
2026-02-13 07:15:00,119.75,130.44,
2026-02-13 07:30:00,110.94,118.5,
2026-02-13 07:45:00,107.08,109.63,
2026-02-13 08:00:00,95.4,98.87,
2026-02-13 08:15:00,93.65,93.65,
2026-02-13 08:30:00,95.49,108.03,
2026-02-13 08:45:00,93.6,107.74,
2026-02-13 09:00:00,93.87,63.43,
2026-02-13 09:15:00,92.92,81.3,
2026-02-13 09:30:00,91.23,79.38,
2026-02-13 09:45:00,92.5,71.8,
2026-02-13 10:00:00,83.38,83.84,
2026-02-13 10:15:00,76.55,73.9,
2026-02-13 10:30:00,67.49,70.49,
2026-02-13 10:45:00,67.19,65.0,
2026-02-13 11:00:00,68.58,99.43,
2026-02-13 11:15:00,40.35,45.35,
2026-02-13 11:30:00,3.01,20.01,
2026-02-13 11:45:00,28.54,48.54,
2026-02-13 12:00:00,45.7,48.7,65.7
2026-02-13 12:15:00,37.95,40.95,57.95
2026-02-13 12:30:00,37.37,47.5,47.95
2026-02-13 12:45:00,53.57,65.81,65.9
2026-02-13 13:00:00,67.71,39.67,81.89
2026-02-13 13:15:00,61.77,16.41,75.33
2026-02-13 13:30:00,70.42,41.58,78.79
2026-02-13 13:45:00,41.24,-15.43,65.85
2026-02-13 14:00:00,88.01,35.4,72.97
2026-02-13 14:15:00,87.45,61.57,86.57
2026-02-13 14:30:00,81.73,50.89,91.86
2026-02-13 14:45:00,82.28,59.04,95.3
2026-02-13 15:00:00,65.0,79.27,89.61
2026-02-13 15:15:00,52.87,71.5,80.51
2026-02-13 15:30:00,66.11,84.39,100.0
2026-02-13 15:45:00,81.0,87.98,100.19
2026-02-13 16:00:00,87.34,90.1,110.06
2026-02-13 16:15:00,89.57,92.28,103.29
2026-02-13 16:30:00,90.71,90.79,90.21
2026-02-13 16:45:00,98.83,102.19,113.83
2026-02-13 17:00:00,111.83,112.15,108.47
2026-02-13 17:15:00,116.07,120.0,120.0
2026-02-13 17:30:00,129.45,135.7,133.83
2026-02-13 17:45:00,145.19,146.81,148.4
2026-02-13 18:00:00,122.98,122.41,131.27
2026-02-13 18:15:00,131.38,130.78,127.74
2026-02-13 18:30:00,136.83,134.62,132.79
2026-02-13 18:45:00,138.91,134.62,140.63
2026-02-13 19:00:00,144.83,143.21,144.04
2026-02-13 19:15:00,134.58,132.01,132.37
2026-02-13 19:30:00,132.58,129.75,126.61
2026-02-13 19:45:00,118.68,115.03,111.66
2026-02-13 20:00:00,122.83,136.39,139.74
2026-02-13 20:15:00,119.0,130.35,135.44
2026-02-13 20:30:00,112.24,115.7,126.86
2026-02-13 20:45:00,111.14,113.01,123.24
2026-02-13 21:00:00,95.0,94.9,100.0
2026-02-13 21:15:00,90.77,89.55,90.58
2026-02-13 21:30:00,90.0,89.91,90.9
2026-02-13 21:45:00,90.09,89.91,90.86
2026-02-13 22:00:00,87.6,87.51,88.63
2026-02-13 22:15:00,85.71,87.55,87.86
2026-02-13 22:30:00,85.32,87.24,87.59
2026-02-13 22:45:00,85.4,85.34,87.41
2026-02-13 23:00:00,85.94,85.02,87.22
2026-02-13 23:15:00,85.39,84.91,87.35
2026-02-13 23:30:00,85.5,84.91,87.42
2026-02-13 23:45:00,85.78,84.79,87.5
2026-02-14 00:00:00,88.04,81.52,
2026-02-14 00:15:00,87.76,81.57,
2026-02-14 00:30:00,90.67,83.99,
2026-02-14 00:45:00,90.85,84.28,
2026-02-14 01:00:00,91.14,84.22,
2026-02-14 01:15:00,91.14,84.54,
2026-02-14 01:30:00,90.96,85.08,
2026-02-14 01:45:00,90.09,84.68,
2026-02-14 02:00:00,90.33,84.5,
2026-02-14 02:15:00,88.9,83.54,
2026-02-14 02:30:00,87.09,80.8,
2026-02-14 02:45:00,86.9,81.87,
2026-02-14 03:00:00,86.21,80.55,
2026-02-14 03:15:00,86.87,81.98,
2026-02-14 03:30:00,86.21,80.63,
2026-02-14 03:45:00,86.2,81.28,
2026-02-14 04:00:00,86.79,84.44,
2026-02-14 04:15:00,87.05,84.95,
2026-02-14 04:30:00,88.12,85.22,
2026-02-14 04:45:00,88.32,85.68,
2026-02-14 05:00:00,86.7,85.84,
2026-02-14 05:15:00,88.3,86.21,
2026-02-14 05:30:00,87.18,84.29,
2026-02-14 05:45:00,88.78,84.65,
2026-02-14 06:00:00,86.36,83.0,
2026-02-14 06:15:00,90.46,86.1,
2026-02-14 06:30:00,91.38,87.21,
2026-02-14 06:45:00,92.38,94.6,
2026-02-14 07:00:00,94.22,91.33,
2026-02-14 07:15:00,93.83,92.76,
2026-02-14 07:30:00,92.38,93.13,
2026-02-14 07:45:00,93.38,94.99,
2026-02-14 08:00:00,103.78,96.76,
2026-02-14 08:15:00,63.0,80.0,
2026-02-14 08:30:00,16.01,28.43,
2026-02-14 08:45:00,16.0,22.52,
2026-02-14 09:00:00,36.94,44.73,
2026-02-14 09:15:00,15.52,28.43,
2026-02-14 09:30:00,8.38,22.56,
2026-02-14 09:45:00,-3.8,-1.8,
2026-02-14 10:00:00,11.44,14.85,
2026-02-14 10:15:00,11.16,16.41,
2026-02-14 10:30:00,9.25,16.1,
2026-02-14 10:45:00,9.23,16.2,
2026-02-14 11:00:00,8.71,15.53,
2026-02-14 11:15:00,5.13,12.48,
2026-02-14 11:30:00,5.37,10.21,
2026-02-14 11:45:00,6.05,12.5,
2026-02-14 12:00:00,5.12,8.67,3.52
2026-02-14 12:15:00,8.05,1.96,5.19
2026-02-14 12:30:00,11.43,6.18,6.43
2026-02-14 12:45:00,11.31,5.18,8.43
2026-02-14 13:00:00,10.65,2.93,14.39
2026-02-14 13:15:00,5.01,-3.75,1.44
2026-02-14 13:30:00,9.82,2.91,2.44
2026-02-14 13:45:00,29.83,22.35,9.62
2026-02-14 14:00:00,11.43,2.3,5.97
2026-02-14 14:15:00,46.65,37.67,21.68
2026-02-14 14:30:00,89.18,82.69,81.37
2026-02-14 14:45:00,111.01,105.66,96.01
2026-02-14 15:00:00,51.0,35.0,15.5
2026-02-14 15:15:00,56.0,40.0,17.32
2026-02-14 15:30:00,61.13,55.0,52.77
2026-02-14 15:45:00,82.35,72.56,74.84
2026-02-14 16:00:00,75.34,74.63,58.5
2026-02-14 16:15:00,89.43,84.43,77.72
2026-02-14 16:30:00,93.4,89.7,84.23
2026-02-14 16:45:00,114.96,111.13,108.25
2026-02-14 17:00:00,102.96,95.73,90.73
2026-02-14 17:15:00,117.14,112.77,106.42
2026-02-14 17:30:00,112.43,104.94,101.04
2026-02-14 17:45:00,113.4,105.4,101.17
2026-02-14 18:00:00,105.03,98.53,93.85
2026-02-14 18:15:00,98.94,91.54,88.03
2026-02-14 18:30:00,94.23,88.75,80.33
2026-02-14 18:45:00,93.58,88.58,82.24
2026-02-14 19:00:00,93.81,88.81,79.93
2026-02-14 19:15:00,93.83,88.83,77.92
2026-02-14 19:30:00,93.75,88.39,75.96
2026-02-14 19:45:00,88.66,83.66,68.2
2026-02-14 20:00:00,91.97,84.22,64.62
2026-02-14 20:15:00,95.76,87.75,83.49
2026-02-14 20:30:00,89.95,81.82,77.78
2026-02-14 20:45:00,92.35,84.12,80.36
2026-02-14 21:00:00,91.56,81.93,77.11
2026-02-14 21:15:00,85.21,73.18,69.18
2026-02-14 21:30:00,27.36,13.62,11.44
2026-02-14 21:45:00,27.07,6.45,8.76
2026-02-14 22:00:00,74.39,71.59,86.35
2026-02-14 22:15:00,18.68,6.9,82.11
2026-02-14 22:30:00,54.17,41.02,67.5
2026-02-14 22:45:00,14.95,0.1,52.75
2026-02-14 23:00:00,77.88,74.19,86.68
2026-02-14 23:15:00,75.15,66.59,91.59
2026-02-14 23:30:00,50.5,38.74,61.5
2026-02-14 23:45:00,3.01,-8.55,8.01
2026-02-15 00:00:00,-2.62,9.91,
2026-02-15 00:15:00,-1.08,16.04,
2026-02-15 00:30:00,6.06,29.99,
2026-02-15 00:45:00,-2.1,16.36,
2026-02-15 01:00:00,31.79,55.23,
2026-02-15 01:15:00,18.99,39.83,
2026-02-15 01:30:00,5.11,25.11,
2026-02-15 01:45:00,0.01,20.01,
2026-02-15 02:00:00,23.8,43.8,
2026-02-15 02:15:00,0.0,4.01,
2026-02-15 02:30:00,0.0,2.33,
2026-02-15 02:45:00,0.0,2.29,
2026-02-15 03:00:00,0.0,2.33,
2026-02-15 03:15:00,0.0,1.47,
2026-02-15 03:30:00,-1.42,1.07,
2026-02-15 03:45:00,-3.37,0.46,
2026-02-15 04:00:00,-4.99,7.48,
2026-02-15 04:15:00,-4.98,7.02,
2026-02-15 04:30:00,-5.0,-24.99,
2026-02-15 04:45:00,-5.0,-24.99,
2026-02-15 05:00:00,-4.99,-4.98,
2026-02-15 05:15:00,-4.99,0.89,
2026-02-15 05:30:00,0.09,5.75,
2026-02-15 05:45:00,4.99,10.0,
2026-02-15 06:00:00,-4.99,0.02,
2026-02-15 06:15:00,-4.94,0.07,
2026-02-15 06:30:00,0.1,5.11,
2026-02-15 06:45:00,4.99,11.32,
2026-02-15 07:00:00,10.32,15.33,
2026-02-15 07:15:00,24.99,31.15,
2026-02-15 07:30:00,34.99,46.53,
2026-02-15 07:45:00,30.23,42.8,
2026-02-15 08:00:00,38.99,53.06,
2026-02-15 08:15:00,39.0,50.37,
2026-02-15 08:30:00,35.0,45.0,
2026-02-15 08:45:00,32.15,45.54,
2026-02-15 09:00:00,0.1,11.55,
2026-02-15 09:15:00,-4.98,18.29,
2026-02-15 09:30:00,-5.0,0.0,
2026-02-15 09:45:00,-5.0,0.01,
2026-02-15 10:00:00,0.01,-3.56,
2026-02-15 10:15:00,3.0,0.0,
2026-02-15 10:30:00,3.09,0.0,
2026-02-15 10:45:00,1.1,0.0,
2026-02-15 11:00:00,0.0,0.0,
2026-02-15 11:15:00,0.0,0.0,
2026-02-15 11:30:00,0.0,0.0,
2026-02-15 11:45:00,0.0,0.0,
2026-02-15 12:00:00,0.0,0.0,-7.5
2026-02-15 12:15:00,0.0,0.0,-7.42
2026-02-15 12:30:00,0.0,0.0,-7.81
2026-02-15 12:45:00,0.0,0.0,-8.53
2026-02-15 13:00:00,-0.1,-0.1,-3.53
2026-02-15 13:15:00,-0.1,-0.1,-2.6
2026-02-15 13:30:00,-0.1,-0.1,-3.33
2026-02-15 13:45:00,-0.1,-0.1,-3.78
2026-02-15 14:00:00,-0.1,-0.1,-1.08
2026-02-15 14:15:00,-0.1,-0.1,-0.1
2026-02-15 14:30:00,-0.1,-0.1,-0.92
2026-02-15 14:45:00,-0.1,-0.1,-1.05
2026-02-15 15:00:00,0.0,0.0,-7.32
2026-02-15 15:15:00,-0.4,0.0,-6.76
2026-02-15 15:30:00,-4.0,0.0,-7.4
2026-02-15 15:45:00,-4.0,0.0,-8.21
2026-02-15 16:00:00,0.01,-19.99,5.01
2026-02-15 16:15:00,5.21,-2.6,1.12
2026-02-15 16:30:00,44.29,30.0,44.19
2026-02-15 16:45:00,57.83,40.7,55.13
2026-02-15 17:00:00,50.0,33.22,48.14
2026-02-15 17:15:00,54.74,34.0,51.13
2026-02-15 17:30:00,54.67,35.78,53.99
2026-02-15 17:45:00,57.0,37.0,53.68
2026-02-15 18:00:00,67.41,44.48,69.91
2026-02-15 18:15:00,76.84,52.55,77.57
2026-02-15 18:30:00,75.55,52.55,77.56
2026-02-15 18:45:00,90.66,67.66,79.54
2026-02-15 19:00:00,89.99,65.49,91.08
2026-02-15 19:15:00,90.25,65.72,92.78
2026-02-15 19:30:00,81.52,56.52,82.14
2026-02-15 19:45:00,79.52,56.52,77.78
2026-02-15 20:00:00,85.15,67.48,69.4
2026-02-15 20:15:00,94.1,75.69,86.11
2026-02-15 20:30:00,86.03,67.53,80.65
2026-02-15 20:45:00,42.78,24.0,46.0
2026-02-15 21:00:00,91.8,72.3,87.83
2026-02-15 21:15:00,86.91,77.08,90.63
2026-02-15 21:30:00,84.68,66.6,85.09
2026-02-15 21:45:00,42.04,24.02,45.64
2026-02-15 22:00:00,95.58,76.3,81.06
2026-02-15 22:15:00,92.61,73.15,77.35
2026-02-15 22:30:00,75.91,56.77,67.9
2026-02-15 22:45:00,70.42,51.58,61.98
2026-02-15 23:00:00,92.9,73.54,75.97
2026-02-15 23:15:00,90.79,71.64,72.97
2026-02-15 23:30:00,84.38,66.02,66.02
2026-02-15 23:45:00,60.86,48.8,54.12
2026-02-16 00:00:00,87.93,84.25,
2026-02-16 00:15:00,87.93,84.33,
2026-02-16 00:30:00,88.32,86.51,
2026-02-16 00:45:00,88.01,85.92,
2026-02-16 01:00:00,89.84,89.04,
2026-02-16 01:15:00,87.96,85.22,
2026-02-16 01:30:00,86.95,82.93,
2026-02-16 01:45:00,87.89,83.23,
2026-02-16 02:00:00,87.84,74.02,
2026-02-16 02:15:00,84.38,72.81,
2026-02-16 02:30:00,85.31,72.91,
2026-02-16 02:45:00,87.78,72.0,
2026-02-16 03:00:00,78.37,81.92,
2026-02-16 03:15:00,85.47,82.95,
2026-02-16 03:30:00,87.84,85.65,
2026-02-16 03:45:00,87.06,83.78,
2026-02-16 04:00:00,84.55,81.27,
2026-02-16 04:15:00,78.46,75.92,
2026-02-16 04:30:00,84.09,81.17,
2026-02-16 04:45:00,95.46,95.91,
2026-02-16 05:00:00,55.0,70.02,
2026-02-16 05:15:00,80.05,82.72,
2026-02-16 05:30:00,87.84,88.0,
2026-02-16 05:45:00,87.93,99.26,
2026-02-16 06:00:00,79.64,82.78,
2026-02-16 06:15:00,81.6,84.51,
2026-02-16 06:30:00,89.26,91.31,
2026-02-16 06:45:00,86.72,86.18,
2026-02-16 07:00:00,122.47,130.21,
2026-02-16 07:15:00,94.39,98.08,
2026-02-16 07:30:00,83.64,86.99,
2026-02-16 07:45:00,70.0,85.2,
2026-02-16 08:00:00,44.14,51.65,
2026-02-16 08:15:00,-4.76,2.45,
2026-02-16 08:30:00,-12.83,-19.29,
2026-02-16 08:45:00,-7.63,-14.05,
2026-02-16 09:00:00,-4.38,2.59,
2026-02-16 09:15:00,-5.04,7.35,
2026-02-16 09:30:00,-7.81,-4.84,
2026-02-16 09:45:00,-18.37,-8.11,
2026-02-16 10:00:00,-1.55,0.75,
2026-02-16 10:15:00,-5.29,-4.99,
2026-02-16 10:30:00,-6.72,-6.07,
2026-02-16 10:45:00,-8.81,-7.77,
2026-02-16 11:00:00,-8.93,-8.0,
2026-02-16 11:15:00,-8.93,-7.78,
2026-02-16 11:30:00,-8.94,-8.0,
2026-02-16 11:45:00,-8.98,-8.04,
2026-02-16 12:00:00,-8.53,-7.13,-35.0
2026-02-16 12:15:00,-8.61,-7.2,-35.0
2026-02-16 12:30:00,-8.66,-5.48,-30.64
2026-02-16 12:45:00,-8.0,-4.99,-26.57
2026-02-16 13:00:00,-4.29,0.0,-13.44
2026-02-16 13:15:00,-3.27,2.7,-15.25
2026-02-16 13:30:00,-1.19,7.16,-9.99
2026-02-16 13:45:00,-1.07,6.61,-10.0
2026-02-16 14:00:00,5.01,9.91,-7.92
2026-02-16 14:15:00,7.89,11.0,7.47
2026-02-16 14:30:00,10.62,10.9,10.01
2026-02-16 14:45:00,108.62,110.0,98.88
2026-02-16 15:00:00,0.36,9.86,5.44
2026-02-16 15:15:00,77.36,84.82,70.03
2026-02-16 15:30:00,91.63,88.92,81.45
2026-02-16 15:45:00,94.51,95.59,61.79
2026-02-16 16:00:00,99.66,96.93,68.7
2026-02-16 16:15:00,131.03,126.58,135.74
2026-02-16 16:30:00,93.76,93.92,99.58
2026-02-16 16:45:00,158.98,163.22,163.98
2026-02-16 17:00:00,120.5,117.51,117.3
2026-02-16 17:15:00,130.48,128.14,129.98
2026-02-16 17:30:00,122.78,121.18,124.0
2026-02-16 17:45:00,135.75,133.06,137.16
2026-02-16 18:00:00,125.0,125.69,129.59
2026-02-16 18:15:00,129.11,124.75,133.79
2026-02-16 18:30:00,121.36,116.95,104.13
2026-02-16 18:45:00,117.05,112.22,122.05
2026-02-16 19:00:00,111.17,110.18,115.35
2026-02-16 19:15:00,109.45,108.43,120.0
2026-02-16 19:30:00,114.24,111.53,116.65
2026-02-16 19:45:00,108.88,106.04,120.0
2026-02-16 20:00:00,133.62,130.28,123.58
2026-02-16 20:15:00,106.65,102.69,111.77
2026-02-16 20:30:00,100.02,95.91,109.98
2026-02-16 20:45:00,93.11,88.55,98.11
2026-02-16 21:00:00,91.81,86.81,96.81
2026-02-16 21:15:00,85.0,79.09,90.0
2026-02-16 21:30:00,89.86,84.86,96.13
2026-02-16 21:45:00,85.0,75.22,90.0
2026-02-16 22:00:00,93.71,80.72,88.71
2026-02-16 22:15:00,93.65,78.61,96.13
2026-02-16 22:30:00,87.49,70.42,87.83
2026-02-16 22:45:00,93.37,76.23,98.21
2026-02-16 23:00:00,88.35,74.96,84.96
2026-02-16 23:15:00,84.85,70.0,90.35
2026-02-16 23:30:00,84.85,70.0,90.9
2026-02-16 23:45:00,83.23,67.93,70.77
2026-02-17 00:00:00,20.99,54.75,
2026-02-17 00:15:00,5.01,20.01,
2026-02-17 00:30:00,0.01,20.01,
2026-02-17 00:45:00,10.01,43.17,
2026-02-17 01:00:00,14.5,42.34,
2026-02-17 01:15:00,10.01,35.26,
2026-02-17 01:30:00,50.32,60.69,
2026-02-17 01:45:00,19.0,47.48,
2026-02-17 02:00:00,11.36,46.18,
2026-02-17 02:15:00,4.18,20.01,
2026-02-17 02:30:00,0.01,16.0,
2026-02-17 02:45:00,0.01,6.15,
2026-02-17 03:00:00,5.14,20.01,
2026-02-17 03:15:00,2.64,20.01,
2026-02-17 03:30:00,0.01,20.01,
2026-02-17 03:45:00,0.01,14.75,
2026-02-17 04:00:00,1.44,20.01,
2026-02-17 04:15:00,0.2,20.01,
2026-02-17 04:30:00,0.01,7.37,
2026-02-17 04:45:00,1.16,20.01,
2026-02-17 05:00:00,0.01,20.01,
2026-02-17 05:15:00,12.75,21.4,
2026-02-17 05:30:00,59.0,80.0,
2026-02-17 05:45:00,59.68,80.0,
2026-02-17 06:00:00,86.36,95.36,
2026-02-17 06:15:00,97.38,115.44,
2026-02-17 06:30:00,104.3,120.9,
2026-02-17 06:45:00,127.58,128.82,
2026-02-17 07:00:00,89.42,88.11,
2026-02-17 07:15:00,93.9,91.71,
2026-02-17 07:30:00,134.89,136.78,
2026-02-17 07:45:00,140.08,141.16,
2026-02-17 08:00:00,133.85,156.64,
2026-02-17 08:15:00,133.71,152.61,
2026-02-17 08:30:00,99.3,119.3,
2026-02-17 08:45:00,86.0,106.0,
2026-02-17 09:00:00,85.99,103.14,
2026-02-17 09:15:00,12.67,33.46,
2026-02-17 09:30:00,0.0,20.01,
2026-02-17 09:45:00,0.0,20.01,
2026-02-17 10:00:00,121.46,118.52,
2026-02-17 10:15:00,116.14,113.9,
2026-02-17 10:30:00,110.53,109.16,
2026-02-17 10:45:00,105.37,102.18,
2026-02-17 11:00:00,114.46,110.43,
2026-02-17 11:15:00,105.89,102.71,
2026-02-17 11:30:00,100.85,97.76,
2026-02-17 11:45:00,98.02,96.0,
2026-02-17 12:00:00,97.47,93.22,122.98
2026-02-17 12:15:00,53.27,68.27,73.27
2026-02-17 12:30:00,0.02,9.88,22.57
2026-02-17 12:45:00,-11.05,0.01,20.01
2026-02-17 13:00:00,0.65,0.01,20.01
2026-02-17 13:15:00,0.01,0.01,15.01
2026-02-17 13:30:00,1.71,0.01,20.01
2026-02-17 13:45:00,-2.67,-0.03,6.97
2026-02-17 14:00:00,0.17,2.16,2.21
2026-02-17 14:15:00,0.01,0.01,0.01
2026-02-17 14:30:00,0.01,0.01,0.01
2026-02-17 14:45:00,-9.39,-2.18,-2.33
2026-02-17 15:00:00,-2.56,0.0,0.0
2026-02-17 15:15:00,0.0,0.0,0.0
2026-02-17 15:30:00,0.0,0.0,-0.77
2026-02-17 15:45:00,2.46,0.01,-6.33
2026-02-17 16:00:00,100.63,90.0,110.21
2026-02-17 16:15:00,91.79,86.49,93.66
2026-02-17 16:30:00,95.79,99.66,105.84
2026-02-17 16:45:00,103.36,108.97,118.03
2026-02-17 17:00:00,94.59,96.42,99.24
2026-02-17 17:15:00,103.12,106.82,109.22
2026-02-17 17:30:00,118.04,122.87,127.97
2026-02-17 17:45:00,106.8,110.2,112.91
2026-02-17 18:00:00,124.15,120.5,120.0
2026-02-17 18:15:00,145.44,148.04,143.04
2026-02-17 18:30:00,128.37,121.03,120.86
2026-02-17 18:45:00,125.97,119.32,120.0
2026-02-17 19:00:00,147.89,145.01,149.1
2026-02-17 19:15:00,158.86,154.38,156.53
2026-02-17 19:30:00,109.82,107.23,116.27
2026-02-17 19:45:00,111.67,110.2,118.09
2026-02-17 20:00:00,106.4,110.2,112.0
2026-02-17 20:15:00,109.26,113.35,115.27
2026-02-17 20:30:00,96.23,96.95,98.87
2026-02-17 20:45:00,97.4,98.66,100.31
2026-02-17 21:00:00,94.01,82.33,92.22
2026-02-17 21:15:00,91.08,86.04,81.89
2026-02-17 21:30:00,81.8,80.31,81.85
2026-02-17 21:45:00,70.35,65.84,65.84
2026-02-17 22:00:00,87.37,80.34,81.52
2026-02-17 22:15:00,83.36,80.41,81.48
2026-02-17 22:30:00,81.81,79.22,80.52
2026-02-17 22:45:00,43.76,36.09,27.36
2026-02-17 23:00:00,22.72,0.04,0.1
2026-02-17 23:15:00,10.01,0.01,0.01
2026-02-17 23:30:00,0.01,0.0,-2.18
2026-02-17 23:45:00,0.0,0.0,-10.0
2026-02-18 00:00:00,-10.14,2.94,
2026-02-18 00:15:00,1.46,35.5,
2026-02-18 00:30:00,14.42,50.67,
2026-02-18 00:45:00,32.1,60.64,
2026-02-18 01:00:00,5.99,44.99,
2026-02-18 01:15:00,0.87,32.09,
2026-02-18 01:30:00,5.81,35.34,
2026-02-18 01:45:00,30.42,47.58,
2026-02-18 02:00:00,1.93,15.92,
2026-02-18 02:15:00,34.0,68.69,
2026-02-18 02:30:00,3.0,18.55,
2026-02-18 02:45:00,3.0,17.75,
2026-02-18 03:00:00,16.47,35.93,
2026-02-18 03:15:00,6.24,20.49,
2026-02-18 03:30:00,11.33,30.73,
2026-02-18 03:45:00,16.45,34.77,
2026-02-18 04:00:00,0.98,15.55,
2026-02-18 04:15:00,1.05,17.28,
2026-02-18 04:30:00,3.27,19.0,
2026-02-18 04:45:00,53.22,65.92,
2026-02-18 05:00:00,1.77,17.49,
2026-02-18 05:15:00,87.0,92.16,
2026-02-18 05:30:00,99.01,103.28,
2026-02-18 05:45:00,113.0,109.67,
2026-02-18 06:00:00,93.69,96.78,
2026-02-18 06:15:00,117.01,125.8,
2026-02-18 06:30:00,121.79,132.55,
2026-02-18 06:45:00,100.74,96.72,
2026-02-18 07:00:00,105.92,115.81,
2026-02-18 07:15:00,93.13,103.13,
2026-02-18 07:30:00,45.0,57.71,
2026-02-18 07:45:00,-1.0,-1.5,
2026-02-18 08:00:00,-1.0,-1.5,
2026-02-18 08:15:00,-1.0,-1.5,
2026-02-18 08:30:00,-1.78,-1.5,
2026-02-18 08:45:00,-1.81,-6.38,
2026-02-18 09:00:00,-2.5,-1.5,
2026-02-18 09:15:00,-2.5,-1.5,
2026-02-18 09:30:00,-9.77,-6.81,
2026-02-18 09:45:00,-10.0,-1.5,
2026-02-18 10:00:00,-10.69,-5.08,
2026-02-18 10:15:00,-10.91,-3.59,
2026-02-18 10:30:00,-11.4,-5.91,
2026-02-18 10:45:00,-10.94,-5.03,
2026-02-18 11:00:00,-12.07,-9.49,
2026-02-18 11:15:00,-11.74,-8.7,
2026-02-18 11:30:00,-11.76,-7.68,
2026-02-18 11:45:00,-12.02,-5.92,
2026-02-18 12:00:00,-12.29,-2.33,-15.48
2026-02-18 12:15:00,-13.31,-1.51,-14.68
2026-02-18 12:30:00,-11.85,-1.84,-14.85
2026-02-18 12:45:00,-11.87,-2.3,-14.46
2026-02-18 13:00:00,-11.0,-1.5,-12.89
2026-02-18 13:15:00,-10.95,-1.5,-12.1
2026-02-18 13:30:00,-11.21,-1.5,-12.35
2026-02-18 13:45:00,-10.93,-1.5,-12.29
2026-02-18 14:00:00,-19.88,-6.18,-20.97
2026-02-18 14:15:00,-21.98,-1.5,-20.71
2026-02-18 14:30:00,-21.98,-1.5,-20.98
2026-02-18 14:45:00,-16.84,-1.5,-21.17
2026-02-18 15:00:00,-2.5,-15.0,-22.89
2026-02-18 15:15:00,-1.0,-15.0,-22.96
2026-02-18 15:30:00,-1.0,-13.6,-29.99
2026-02-18 15:45:00,0.01,-4.99,-20.76
2026-02-18 16:00:00,-6.68,-12.18,-20.73
2026-02-18 16:15:00,91.06,86.06,80.0
2026-02-18 16:30:00,99.06,94.44,91.44
2026-02-18 16:45:00,148.87,145.78,153.91
2026-02-18 17:00:00,96.83,78.49,80.0
2026-02-18 17:15:00,111.68,110.76,100.15
2026-02-18 17:30:00,172.62,178.32,183.02
2026-02-18 17:45:00,128.05,138.05,138.35
2026-02-18 18:00:00,117.43,116.62,112.82
2026-02-18 18:15:00,117.44,117.66,118.2
2026-02-18 18:30:00,146.51,143.01,145.01
2026-02-18 18:45:00,162.21,161.51,162.45
2026-02-18 19:00:00,134.5,115.21,110.23
2026-02-18 19:15:00,129.8,121.79,121.56
2026-02-18 19:30:00,123.57,117.93,119.56
2026-02-18 19:45:00,130.84,125.07,120.07
2026-02-18 20:00:00,126.18,124.62,127.43
2026-02-18 20:15:00,137.03,133.78,130.03
2026-02-18 20:30:00,137.86,137.86,132.68
2026-02-18 20:45:00,115.0,111.32,100.0
2026-02-18 21:00:00,128.8,132.3,148.3
2026-02-18 21:15:00,115.0,125.0,129.14
2026-02-18 21:30:00,106.43,106.04,103.64
2026-02-18 21:45:00,100.77,99.24,88.13
2026-02-18 22:00:00,111.34,107.01,106.34
2026-02-18 22:15:00,99.41,94.73,91.73
2026-02-18 22:30:00,96.27,91.58,88.58
2026-02-18 22:45:00,92.81,88.21,85.21
2026-02-18 23:00:00,89.64,84.95,81.95
2026-02-18 23:15:00,89.02,84.3,83.99
2026-02-18 23:30:00,86.74,82.18,79.18
2026-02-18 23:45:00,85.9,79.5,79.33
2026-02-19 00:00:00,88.98,82.26,
2026-02-19 00:15:00,89.27,84.27,
2026-02-19 00:30:00,90.42,90.72,
2026-02-19 00:45:00,89.3,88.06,
2026-02-19 01:00:00,91.51,88.46,
2026-02-19 01:15:00,90.5,85.68,
2026-02-19 01:30:00,87.65,87.42,
2026-02-19 01:45:00,85.61,83.8,
2026-02-19 02:00:00,86.75,86.96,
2026-02-19 02:15:00,87.52,87.48,
2026-02-19 02:30:00,87.6,86.2,
2026-02-19 02:45:00,84.34,84.9,
2026-02-19 03:00:00,85.24,82.85,
2026-02-19 03:15:00,84.83,81.52,
2026-02-19 03:30:00,84.1,84.46,
2026-02-19 03:45:00,87.09,85.64,
2026-02-19 04:00:00,85.84,83.63,
2026-02-19 04:15:00,88.21,87.61,
2026-02-19 04:30:00,89.59,88.71,
2026-02-19 04:45:00,91.3,94.8,
2026-02-19 05:00:00,85.0,86.39,
2026-02-19 05:15:00,87.49,88.05,
2026-02-19 05:30:00,97.76,89.18,
2026-02-19 05:45:00,100.02,92.98,
2026-02-19 06:00:00,101.2,97.0,
2026-02-19 06:15:00,115.0,111.52,
2026-02-19 06:30:00,127.16,123.05,
2026-02-19 06:45:00,127.96,122.15,
2026-02-19 07:00:00,146.32,136.28,
2026-02-19 07:15:00,115.95,110.2,
2026-02-19 07:30:00,84.82,123.82,
2026-02-19 07:45:00,14.02,21.37,
2026-02-19 08:00:00,85.01,80.22,
2026-02-19 08:15:00,15.81,33.79,
2026-02-19 08:30:00,12.0,40.75,
2026-02-19 08:45:00,0.01,-10.23,
2026-02-19 09:00:00,-2.0,-11.36,
2026-02-19 09:15:00,-2.0,-11.22,
2026-02-19 09:30:00,-2.0,-10.73,
2026-02-19 09:45:00,-2.0,-10.91,
2026-02-19 10:00:00,-2.0,-10.58,
2026-02-19 10:15:00,-2.0,-10.87,
2026-02-19 10:30:00,-6.43,-14.21,
2026-02-19 10:45:00,-2.01,-10.98,
2026-02-19 11:00:00,-2.01,-10.92,
2026-02-19 11:15:00,-2.01,-10.92,
2026-02-19 11:30:00,-2.01,-10.92,
2026-02-19 11:45:00,-2.01,-10.93,
2026-02-19 12:00:00,-2.01,-11.11,-15.01
2026-02-19 12:15:00,-2.01,-11.14,-15.01
2026-02-19 12:30:00,-4.3,-11.15,-15.01
2026-02-19 12:45:00,-4.46,-11.17,-15.01
2026-02-19 13:00:00,-12.0,-14.1,-5.0
2026-02-19 13:15:00,-11.37,-13.32,-5.61
2026-02-19 13:30:00,-11.13,-13.11,-4.0
2026-02-19 13:45:00,-11.6,-13.06,-5.0
2026-02-19 14:00:00,-25.34,-25.07,-35.0
2026-02-19 14:15:00,-25.01,-24.43,-31.6
2026-02-19 14:30:00,-25.02,-20.01,-25.02
2026-02-19 14:45:00,-25.1,-20.0,-25.1
2026-02-19 15:00:00,2.2,-5.41,4.13
2026-02-19 15:15:00,82.0,92.77,76.98
2026-02-19 15:30:00,90.01,89.61,91.37
2026-02-19 15:45:00,94.79,94.3,96.18
2026-02-19 16:00:00,76.36,75.0,73.34
2026-02-19 16:15:00,80.05,77.7,70.75
2026-02-19 16:30:00,144.76,142.32,132.36
2026-02-19 16:45:00,173.45,170.8,153.38
2026-02-19 17:00:00,155.06,149.95,140.62
2026-02-19 17:15:00,116.53,124.77,110.4
2026-02-19 17:30:00,96.97,96.07,90.95
2026-02-19 17:45:00,99.05,101.39,93.74
2026-02-19 18:00:00,114.36,115.36,111.74
2026-02-19 18:15:00,139.61,142.19,135.15
2026-02-19 18:30:00,108.6,110.82,107.44
2026-02-19 18:45:00,104.07,106.77,106.01
2026-02-19 19:00:00,116.51,125.96,110.52
2026-02-19 19:15:00,145.07,147.03,140.15
2026-02-19 19:30:00,109.55,110.89,106.78
2026-02-19 19:45:00,100.56,103.68,97.6
2026-02-19 20:00:00,138.47,136.21,126.57
2026-02-19 20:15:00,113.67,111.59,110.38
2026-02-19 20:30:00,94.6,91.59,89.16
2026-02-19 20:45:00,93.94,93.48,87.4
2026-02-19 21:00:00,120.86,115.0,120.79
2026-02-19 21:15:00,94.92,92.69,98.11
2026-02-19 21:30:00,86.96,82.02,88.24
2026-02-19 21:45:00,82.95,77.95,82.62
2026-02-19 22:00:00,92.83,89.63,97.26
2026-02-19 22:15:00,84.62,79.62,92.54
2026-02-19 22:30:00,79.22,75.0,88.15
2026-02-19 22:45:00,70.01,68.48,78.68
2026-02-19 23:00:00,92.62,87.62,92.38
2026-02-19 23:15:00,81.33,76.33,88.35
2026-02-19 23:30:00,77.73,72.0,82.32
2026-02-19 23:45:00,69.99,65.0,70.77
2026-02-20 00:00:00,81.99,63.71,
2026-02-20 00:15:00,45.5,57.0,
2026-02-20 00:30:00,86.01,66.26,
2026-02-20 00:45:00,82.31,66.61,
2026-02-20 01:00:00,82.49,81.46,
2026-02-20 01:15:00,81.98,81.46,
2026-02-20 01:30:00,82.47,81.46,
2026-02-20 01:45:00,58.89,78.89,
2026-02-20 02:00:00,82.6,61.05,
2026-02-20 02:15:00,82.51,61.34,
2026-02-20 02:30:00,83.01,61.76,
2026-02-20 02:45:00,40.0,60.0,
2026-02-20 03:00:00,35.24,68.31,
2026-02-20 03:15:00,82.54,81.46,
2026-02-20 03:30:00,60.3,80.3,
2026-02-20 03:45:00,35.24,67.36,
2026-02-20 04:00:00,36.28,76.38,
2026-02-20 04:15:00,82.19,81.46,
2026-02-20 04:30:00,82.48,81.49,
2026-02-20 04:45:00,82.46,81.54,
2026-02-20 05:00:00,84.55,83.76,
2026-02-20 05:15:00,86.68,86.35,
2026-02-20 05:30:00,86.88,86.53,
2026-02-20 05:45:00,87.19,86.62,
2026-02-20 06:00:00,88.82,87.04,
2026-02-20 06:15:00,92.59,90.8,
2026-02-20 06:30:00,93.19,92.3,
2026-02-20 06:45:00,92.04,91.0,
2026-02-20 07:00:00,119.14,119.56,
2026-02-20 07:15:00,120.89,122.07,
2026-02-20 07:30:00,110.64,110.85,
2026-02-20 07:45:00,89.75,89.56,
2026-02-20 08:00:00,109.14,109.01,
2026-02-20 08:15:00,89.25,88.94,
2026-02-20 08:30:00,100.65,100.76,
2026-02-20 08:45:00,81.37,90.61,
2026-02-20 09:00:00,72.67,65.5,
2026-02-20 09:15:00,22.04,19.53,
2026-02-20 09:30:00,73.26,79.52,
2026-02-20 09:45:00,95.35,93.99,
2026-02-20 10:00:00,121.6,113.94,
2026-02-20 10:15:00,112.07,103.81,
2026-02-20 10:30:00,101.59,97.07,
2026-02-20 10:45:00,69.46,48.4,
2026-02-20 11:00:00,12.82,8.05,
2026-02-20 11:15:00,17.98,7.83,
2026-02-20 11:30:00,4.62,2.45,
2026-02-20 11:45:00,1.28,0.03,
2026-02-20 12:00:00,-10.55,-9.44,22.01
2026-02-20 12:15:00,-11.38,-10.54,20.01
2026-02-20 12:30:00,-11.3,-10.96,11.11
2026-02-20 12:45:00,-11.88,-11.99,10.01
2026-02-20 13:00:00,-12.13,-12.13,20.01
2026-02-20 13:15:00,-11.87,-12.67,17.79
2026-02-20 13:30:00,-11.16,-11.66,10.01
2026-02-20 13:45:00,-10.63,-13.29,20.01
2026-02-20 14:00:00,-10.74,-18.0,-4.99
2026-02-20 14:15:00,-9.87,-18.0,0.01
2026-02-20 14:30:00,-11.38,-18.0,-8.73
2026-02-20 14:45:00,-9.14,-18.0,8.02
2026-02-20 15:00:00,-10.1,-15.97,-2.06
2026-02-20 15:15:00,0.02,-9.98,22.02
2026-02-20 15:30:00,74.39,69.36,96.36
2026-02-20 15:45:00,83.12,76.61,95.22
2026-02-20 16:00:00,95.18,54.4,104.18
2026-02-20 16:15:00,102.0,53.82,98.12
2026-02-20 16:30:00,127.63,102.64,122.4
2026-02-20 16:45:00,129.79,105.81,120.35
2026-02-20 17:00:00,127.57,120.4,117.4
2026-02-20 17:15:00,131.82,121.04,120.1
2026-02-20 17:30:00,122.31,136.95,104.98
2026-02-20 17:45:00,118.36,134.42,115.36
2026-02-20 18:00:00,126.49,134.85,110.96
2026-02-20 18:15:00,137.36,138.2,126.38
2026-02-20 18:30:00,124.68,126.53,84.28
2026-02-20 18:45:00,123.86,122.74,90.05
2026-02-20 19:00:00,126.04,117.45,82.81
2026-02-20 19:15:00,120.62,117.67,114.67
2026-02-20 19:30:00,114.76,113.17,112.69
2026-02-20 19:45:00,97.67,102.65,100.04
2026-02-20 20:00:00,118.41,118.76,116.68
2026-02-20 20:15:00,113.03,114.9,118.22
2026-02-20 20:30:00,94.76,81.31,105.5
2026-02-20 20:45:00,85.95,82.65,80.34
2026-02-20 21:00:00,99.56,95.87,100.67
2026-02-20 21:15:00,93.06,90.7,95.25
2026-02-20 21:30:00,82.29,79.07,78.32
2026-02-20 21:45:00,61.68,58.48,73.34
2026-02-20 22:00:00,93.14,90.44,92.48
2026-02-20 22:15:00,82.78,78.62,86.27
2026-02-20 22:30:00,69.92,61.48,77.98
2026-02-20 22:45:00,46.11,41.69,68.11
2026-02-20 23:00:00,79.72,73.1,78.19
2026-02-20 23:15:00,69.33,63.52,78.1
2026-02-20 23:30:00,44.42,35.7,61.95
2026-02-20 23:45:00,35.23,28.58,61.26
2026-02-21 00:00:00,63.0,48.24,
2026-02-21 00:15:00,59.8,46.67,
2026-02-21 00:30:00,57.54,47.09,
2026-02-21 00:45:00,52.49,44.52,
2026-02-21 01:00:00,75.41,56.9,
2026-02-21 01:15:00,50.02,46.06,
2026-02-21 01:30:00,70.0,58.67,
2026-02-21 01:45:00,48.0,49.87,
2026-02-21 02:00:00,65.2,59.22,
2026-02-21 02:15:00,55.77,55.01,
2026-02-21 02:30:00,60.58,52.51,
2026-02-21 02:45:00,61.65,58.07,
2026-02-21 03:00:00,55.34,55.46,
2026-02-21 03:15:00,64.03,58.1,
2026-02-21 03:30:00,60.0,55.0,
2026-02-21 03:45:00,74.49,59.78,
2026-02-21 04:00:00,61.01,53.74,
2026-02-21 04:15:00,73.61,58.41,
2026-02-21 04:30:00,60.65,51.52,
2026-02-21 04:45:00,74.74,67.1,
2026-02-21 05:00:00,57.57,41.43,
2026-02-21 05:15:00,64.01,49.7,
2026-02-21 05:30:00,81.0,65.89,
2026-02-21 05:45:00,86.34,73.94,
2026-02-21 06:00:00,51.5,43.41,
2026-02-21 06:15:00,79.18,71.01,
2026-02-21 06:30:00,84.95,65.9,
2026-02-21 06:45:00,89.49,74.67,
2026-02-21 07:00:00,80.47,69.71,
2026-02-21 07:15:00,87.75,80.02,
2026-02-21 07:30:00,81.99,80.5,
2026-02-21 07:45:00,79.96,80.27,
2026-02-21 08:00:00,84.14,80.99,
2026-02-21 08:15:00,90.99,93.06,
2026-02-21 08:30:00,84.67,91.03,
2026-02-21 08:45:00,91.05,95.43,
2026-02-21 09:00:00,5.02,12.07,
2026-02-21 09:15:00,0.01,-0.25,
2026-02-21 09:30:00,-7.53,-6.84,
2026-02-21 09:45:00,-7.41,-5.05,
2026-02-21 10:00:00,-9.49,0.05,
2026-02-21 10:15:00,-10.75,-0.88,
2026-02-21 10:30:00,-12.6,-6.28,
2026-02-21 10:45:00,-13.05,-8.0,
2026-02-21 11:00:00,-15.12,-8.0,
2026-02-21 11:15:00,-15.12,-8.0,
2026-02-21 11:30:00,-15.19,-8.01,
2026-02-21 11:45:00,-14.84,-7.77,
2026-02-21 12:00:00,-11.58,-6.49,-19.99
2026-02-21 12:15:00,-9.74,-4.36,-19.99
2026-02-21 12:30:00,-9.3,-1.77,-19.99
2026-02-21 12:45:00,-8.9,0.1,-19.99
2026-02-21 13:00:00,0.2,4.26,-19.99
2026-02-21 13:15:00,3.84,9.02,-15.62
2026-02-21 13:30:00,6.59,13.45,-17.98
2026-02-21 13:45:00,71.0,65.72,68.29
2026-02-21 14:00:00,64.4,69.47,55.71
2026-02-21 14:15:00,67.01,73.85,61.34
2026-02-21 14:30:00,77.83,84.91,80.0
2026-02-21 14:45:00,-5.08,4.58,0.1
2026-02-21 15:00:00,70.88,72.43,75.16
2026-02-21 15:15:00,5.2,14.59,88.37
2026-02-21 15:30:00,78.07,88.79,90.6
2026-02-21 15:45:00,87.52,91.22,96.52
2026-02-21 16:00:00,87.76,85.8,83.55
2026-02-21 16:15:00,92.55,89.17,90.48
2026-02-21 16:30:00,101.4,97.22,105.07
2026-02-21 16:45:00,106.48,102.26,104.62
2026-02-21 17:00:00,101.21,97.03,105.0
2026-02-21 17:15:00,105.59,95.88,100.38
2026-02-21 17:30:00,111.73,99.75,106.12
2026-02-21 17:45:00,115.8,104.91,110.33
2026-02-21 18:00:00,116.41,106.11,108.08
2026-02-21 18:15:00,114.85,103.47,109.96
2026-02-21 18:30:00,115.54,105.12,109.66
2026-02-21 18:45:00,110.13,101.25,112.0
2026-02-21 19:00:00,112.69,100.11,107.54
2026-02-21 19:15:00,109.1,99.04,104.21
2026-02-21 19:30:00,104.37,96.65,98.8
2026-02-21 19:45:00,98.92,93.92,96.85
2026-02-21 20:00:00,105.43,100.58,101.25
2026-02-21 20:15:00,103.37,97.58,99.95
2026-02-21 20:30:00,94.92,90.05,89.73
2026-02-21 20:45:00,92.01,87.01,83.55
2026-02-21 21:00:00,97.0,89.22,96.26
2026-02-21 21:15:00,86.73,81.06,82.96
2026-02-21 21:30:00,84.26,76.76,84.31
2026-02-21 21:45:00,80.52,70.44,76.77
2026-02-21 22:00:00,87.43,78.59,89.87
2026-02-21 22:15:00,83.99,76.21,85.41
2026-02-21 22:30:00,76.81,65.14,72.0
2026-02-21 22:45:00,74.13,60.07,64.87
2026-02-21 23:00:00,80.92,76.99,78.7
2026-02-21 23:15:00,75.44,66.11,72.92
2026-02-21 23:30:00,68.0,58.52,65.31
2026-02-21 23:45:00,58.48,43.9,49.19
2026-02-22 00:00:00,71.0,54.3,
2026-02-22 00:15:00,60.0,44.53,
2026-02-22 00:30:00,48.97,35.26,
2026-02-22 00:45:00,44.67,30.28,
2026-02-22 01:00:00,56.13,71.51,
2026-02-22 01:15:00,52.43,50.91,
2026-02-22 01:30:00,42.54,46.83,
2026-02-22 01:45:00,40.43,40.43,
2026-02-22 02:00:00,54.44,58.0,
2026-02-22 02:15:00,54.4,55.9,
2026-02-22 02:30:00,51.0,57.0,
2026-02-22 02:45:00,53.0,54.03,
2026-02-22 03:00:00,51.0,48.31,
2026-02-22 03:15:00,58.55,56.62,
2026-02-22 03:30:00,58.82,56.32,
2026-02-22 03:45:00,59.52,55.72,
2026-02-22 04:00:00,53.4,31.12,
2026-02-22 04:15:00,61.34,38.97,
2026-02-22 04:30:00,59.92,36.94,
2026-02-22 04:45:00,69.47,49.0,
2026-02-22 05:00:00,42.0,17.25,
2026-02-22 05:15:00,58.0,31.23,
2026-02-22 05:30:00,71.61,46.58,
2026-02-22 05:45:00,69.31,46.85,
2026-02-22 06:00:00,67.77,37.0,
2026-02-22 06:15:00,71.0,33.07,
2026-02-22 06:30:00,67.47,24.52,
2026-02-22 06:45:00,73.43,43.43,
2026-02-22 07:00:00,72.01,39.92,
2026-02-22 07:15:00,67.32,41.16,
2026-02-22 07:30:00,54.6,39.64,
2026-02-22 07:45:00,23.43,29.43,
2026-02-22 08:00:00,15.0,-10.0,
2026-02-22 08:15:00,15.0,-15.0,
2026-02-22 08:30:00,15.0,-15.0,
2026-02-22 08:45:00,15.0,-15.0,
2026-02-22 09:00:00,-5.0,-2.21,
2026-02-22 09:15:00,-7.7,-3.63,
2026-02-22 09:30:00,-5.01,-0.87,
2026-02-22 09:45:00,-5.01,-1.34,
2026-02-22 10:00:00,-5.0,0.0,
2026-02-22 10:15:00,-5.0,0.0,
2026-02-22 10:30:00,-5.0,0.0,
2026-02-22 10:45:00,-5.0,-0.67,
2026-02-22 11:00:00,-5.01,-0.01,
2026-02-22 11:15:00,-5.01,-0.01,
2026-02-22 11:30:00,-11.88,-6.41,
2026-02-22 11:45:00,-11.62,-5.46,
2026-02-22 12:00:00,-10.11,-10.04,-13.32
2026-02-22 12:15:00,-10.54,-10.72,-14.47
2026-02-22 12:30:00,-13.72,-13.96,-17.05
2026-02-22 12:45:00,-13.88,-14.1,-17.07
2026-02-22 13:00:00,-13.53,-14.81,-16.55
2026-02-22 13:15:00,-13.36,-14.63,-16.42
2026-02-22 13:30:00,-12.86,-14.57,-16.08
2026-02-22 13:45:00,-12.98,-14.26,-15.95
2026-02-22 14:00:00,-13.85,-15.0,-17.29
2026-02-22 14:15:00,-10.0,-14.87,-20.0
2026-02-22 14:30:00,-9.99,-13.95,-20.0
2026-02-22 14:45:00,-9.8,-12.72,-20.0
2026-02-22 15:00:00,15.0,-10.0,-16.85
2026-02-22 15:15:00,15.0,-10.0,-16.98
2026-02-22 15:30:00,15.0,-10.0,-10.0
2026-02-22 15:45:00,15.0,-10.0,-10.0
2026-02-22 16:00:00,-4.38,-1.99,-4.99
2026-02-22 16:15:00,-1.23,5.0,49.33
2026-02-22 16:30:00,72.0,83.48,72.01
2026-02-22 16:45:00,77.99,74.41,72.0
2026-02-22 17:00:00,87.84,86.54,95.85
2026-02-22 17:15:00,94.15,99.58,100.9
2026-02-22 17:30:00,100.76,99.92,105.8
2026-02-22 17:45:00,112.01,102.9,107.81
2026-02-22 18:00:00,96.76,98.83,109.83
2026-02-22 18:15:00,102.8,105.42,109.84
2026-02-22 18:30:00,95.4,95.18,106.93
2026-02-22 18:45:00,96.07,97.13,107.99
2026-02-22 19:00:00,94.74,90.5,96.83
2026-02-22 19:15:00,92.35,88.8,100.0
2026-02-22 19:30:00,92.92,88.83,100.0
2026-02-22 19:45:00,88.02,84.5,91.0
2026-02-22 20:00:00,90.28,88.82,91.74
2026-02-22 20:15:00,88.03,84.77,83.0
2026-02-22 20:30:00,60.36,73.19,79.66
2026-02-22 20:45:00,80.75,78.01,82.56
2026-02-22 21:00:00,80.54,77.54,74.33
2026-02-22 21:15:00,74.39,72.72,84.6
2026-02-22 21:30:00,73.55,70.55,81.95
2026-02-22 21:45:00,69.15,68.43,80.7
2026-02-22 22:00:00,80.71,81.5,85.6
2026-02-22 22:15:00,78.63,75.75,75.85
2026-02-22 22:30:00,71.26,67.11,82.26
2026-02-22 22:45:00,57.43,52.29,69.9
2026-02-22 23:00:00,72.0,66.61,75.25
2026-02-22 23:15:00,58.56,22.0,67.2
2026-02-22 23:30:00,-1.07,0.0,3.02
2026-02-22 23:45:00,-3.64,-0.01,3.01
2026-02-23 00:00:00,57.07,48.0,
2026-02-23 00:15:00,52.65,47.0,
2026-02-23 00:30:00,51.84,46.62,
2026-02-23 00:45:00,58.0,46.03,
2026-02-23 01:00:00,60.15,50.38,
2026-02-23 01:15:00,55.06,47.18,
2026-02-23 01:30:00,53.91,45.24,
2026-02-23 01:45:00,59.79,45.96,
2026-02-23 02:00:00,57.35,47.83,
2026-02-23 02:15:00,52.52,45.41,
2026-02-23 02:30:00,54.46,44.3,
2026-02-23 02:45:00,49.43,43.26,
2026-02-23 03:00:00,55.93,44.68,
2026-02-23 03:15:00,58.9,43.41,
2026-02-23 03:30:00,55.25,43.74,
2026-02-23 03:45:00,56.04,43.68,
2026-02-23 04:00:00,52.34,46.71,
2026-02-23 04:15:00,55.19,46.84,
2026-02-23 04:30:00,56.94,46.69,
2026-02-23 04:45:00,60.11,48.0,
2026-02-23 05:00:00,60.82,60.09,
2026-02-23 05:15:00,58.91,65.34,
2026-02-23 05:30:00,78.78,90.4,
2026-02-23 05:45:00,50.01,93.36,
2026-02-23 06:00:00,77.3,85.99,
2026-02-23 06:15:00,93.92,101.91,
2026-02-23 06:30:00,69.99,103.15,
2026-02-23 06:45:00,45.54,103.2,
2026-02-23 07:00:00,47.76,79.99,
2026-02-23 07:15:00,45.54,79.49,
2026-02-23 07:30:00,26.66,80.0,
2026-02-23 07:45:00,21.11,62.38,
2026-02-23 08:00:00,-10.99,5.0,
2026-02-23 08:15:00,-10.99,0.0,
2026-02-23 08:30:00,-10.99,0.0,
2026-02-23 08:45:00,-10.99,0.0,
2026-02-23 09:00:00,0.0,24.0,
2026-02-23 09:15:00,-1.55,9.44,
2026-02-23 09:30:00,-2.0,1.48,
2026-02-23 09:45:00,-5.0,0.0,
2026-02-23 10:00:00,-5.0,0.0,
2026-02-23 10:15:00,-9.92,-4.92,
2026-02-23 10:30:00,-10.83,-7.22,
2026-02-23 10:45:00,-15.76,-15.76,
2026-02-23 11:00:00,-20.0,-20.0,
2026-02-23 11:15:00,-24.93,-24.93,
2026-02-23 11:30:00,-25.0,-25.0,
2026-02-23 11:45:00,-25.0,-25.0,
2026-02-23 12:00:00,-25.0,-25.0,-16.48
2026-02-23 12:15:00,-25.0,-25.0,-15.77
2026-02-23 12:30:00,-25.0,-25.0,-2.71
2026-02-23 12:45:00,-25.0,-25.0,-2.4
2026-02-23 13:00:00,-24.99,-24.99,-2.0
2026-02-23 13:15:00,-20.0,-20.0,-2.0
2026-02-23 13:30:00,-15.62,-15.62,-2.0
2026-02-23 13:45:00,-24.0,-24.0,-2.0
2026-02-23 14:00:00,-2.0,1.2,-2.0
2026-02-23 14:15:00,0.0,45.0,9.3
2026-02-23 14:30:00,0.0,45.0,20.81
2026-02-23 14:45:00,2.9,45.0,23.51
2026-02-23 15:00:00,-5.0,1.91,19.62
2026-02-23 15:15:00,0.89,22.89,34.34
2026-02-23 15:30:00,11.68,24.0,33.88
2026-02-23 15:45:00,14.48,15.04,38.36
2026-02-23 16:00:00,12.22,0.0,11.0
2026-02-23 16:15:00,15.55,70.01,73.96
2026-02-23 16:30:00,94.7,120.88,122.8
2026-02-23 16:45:00,100.07,126.43,119.31
2026-02-23 17:00:00,99.48,132.71,134.63
2026-02-23 17:15:00,106.53,117.28,123.01
2026-02-23 17:30:00,113.36,123.97,129.42
2026-02-23 17:45:00,109.44,111.16,85.28
2026-02-23 18:00:00,93.43,102.92,101.12
2026-02-23 18:15:00,112.37,115.38,104.47
2026-02-23 18:30:00,145.0,141.61,141.9
2026-02-23 18:45:00,129.74,128.9,105.99
2026-02-23 19:00:00,138.97,133.64,129.48
2026-02-23 19:15:00,136.64,133.47,119.36
2026-02-23 19:30:00,112.99,116.43,116.88
2026-02-23 19:45:00,93.1,93.65,104.91
2026-02-23 20:00:00,139.3,139.16,123.54
2026-02-23 20:15:00,128.76,130.78,119.74
2026-02-23 20:30:00,111.56,112.01,113.99
2026-02-23 20:45:00,102.21,105.46,108.86
2026-02-23 21:00:00,98.46,103.46,104.7
2026-02-23 21:15:00,98.72,103.72,108.72
2026-02-23 21:30:00,99.7,104.33,107.49
2026-02-23 21:45:00,96.75,92.66,89.66
2026-02-23 22:00:00,91.61,98.48,107.54
2026-02-23 22:15:00,88.88,92.88,93.46
2026-02-23 22:30:00,88.75,92.77,89.54
2026-02-23 22:45:00,83.21,88.21,86.85
2026-02-23 23:00:00,78.62,85.62,90.36
2026-02-23 23:15:00,84.72,88.01,87.99
2026-02-23 23:30:00,86.15,88.32,86.82
2026-02-23 23:45:00,80.61,80.19,75.1
2026-02-24 00:00:00,91.67,88.77,
2026-02-24 00:15:00,89.04,87.85,
2026-02-24 00:30:00,88.66,88.66,
2026-02-24 00:45:00,84.52,84.34,
2026-02-24 01:00:00,89.16,88.27,
2026-02-24 01:15:00,88.7,85.17,
2026-02-24 01:30:00,90.18,90.18,
2026-02-24 01:45:00,95.5,90.41,
2026-02-24 02:00:00,89.07,88.67,
2026-02-24 02:15:00,89.77,89.78,
2026-02-24 02:30:00,89.04,85.51,
2026-02-24 02:45:00,90.8,87.3,
2026-02-24 03:00:00,88.6,86.72,
2026-02-24 03:15:00,88.24,86.43,
2026-02-24 03:30:00,88.78,86.95,
2026-02-24 03:45:00,91.22,89.97,
2026-02-24 04:00:00,85.06,91.0,
2026-02-24 04:15:00,89.12,94.8,
2026-02-24 04:30:00,91.23,95.62,
2026-02-24 04:45:00,92.15,95.62,
2026-02-24 05:00:00,88.33,95.6,
2026-02-24 05:15:00,87.95,95.99,
2026-02-24 05:30:00,72.51,93.37,
2026-02-24 05:45:00,98.38,104.01,
2026-02-24 06:00:00,97.6,94.6,
2026-02-24 06:15:00,110.79,107.55,
2026-02-24 06:30:00,120.0,115.29,
2026-02-24 06:45:00,115.7,118.3,
2026-02-24 07:00:00,112.01,117.05,
2026-02-24 07:15:00,118.38,124.0,
2026-02-24 07:30:00,112.2,105.04,
2026-02-24 07:45:00,99.38,105.38,
2026-02-24 08:00:00,9.02,55.0,
2026-02-24 08:15:00,-3.0,0.21,
2026-02-24 08:30:00,-4.53,-5.43,
2026-02-24 08:45:00,-8.75,-11.81,
2026-02-24 09:00:00,-10.58,-10.58,
2026-02-24 09:15:00,-8.38,-11.57,
2026-02-24 09:30:00,-9.39,-12.08,
2026-02-24 09:45:00,-9.95,-12.33,
2026-02-24 10:00:00,3.06,-2.49,
2026-02-24 10:15:00,1.66,-5.9,
2026-02-24 10:30:00,0.0,-9.23,
2026-02-24 10:45:00,0.0,-9.73,
2026-02-24 11:00:00,-4.5,-4.13,
2026-02-24 11:15:00,-4.58,-3.86,
2026-02-24 11:30:00,-4.62,-3.73,
2026-02-24 11:45:00,-4.6,-3.72,
2026-02-24 12:00:00,-4.63,-1.69,0.0
2026-02-24 12:15:00,-4.88,-2.57,0.0
2026-02-24 12:30:00,-4.81,-3.13,0.0
2026-02-24 12:45:00,-4.54,-2.29,0.0
2026-02-24 13:00:00,-6.54,-6.57,-3.93
2026-02-24 13:15:00,-4.72,-3.49,0.0
2026-02-24 13:30:00,-3.99,-1.09,0.0
2026-02-24 13:45:00,-3.63,-0.66,0.0
2026-02-24 14:00:00,-5.26,0.0,0.0
2026-02-24 14:15:00,-7.33,-1.27,0.0
2026-02-24 14:30:00,-5.65,0.0,1.0
2026-02-24 14:45:00,-5.0,0.0,7.97
2026-02-24 15:00:00,-8.51,-11.25,8.64
2026-02-24 15:15:00,-5.1,4.43,35.01
2026-02-24 15:30:00,82.69,83.03,93.97
2026-02-24 15:45:00,98.22,97.72,100.91
2026-02-24 16:00:00,100.29,96.29,102.55
2026-02-24 16:15:00,106.08,100.31,104.18
2026-02-24 16:30:00,103.6,93.41,99.39
2026-02-24 16:45:00,143.66,140.04,133.89
2026-02-24 17:00:00,114.02,112.18,123.77
2026-02-24 17:15:00,110.42,110.83,126.19
2026-02-24 17:30:00,112.75,109.01,133.27
2026-02-24 17:45:00,104.42,100.41,124.87
2026-02-24 18:00:00,122.54,119.49,122.35
2026-02-24 18:15:00,111.63,107.2,110.55
2026-02-24 18:30:00,111.3,107.21,110.26
2026-02-24 18:45:00,105.78,102.09,104.48
2026-02-24 19:00:00,112.95,113.29,130.76
2026-02-24 19:15:00,105.33,104.91,128.02
2026-02-24 19:30:00,105.05,105.22,127.07
2026-02-24 19:45:00,104.92,102.7,114.2
2026-02-24 20:00:00,96.04,91.89,89.04
2026-02-24 20:15:00,93.81,89.41,94.02
2026-02-24 20:30:00,93.92,89.81,86.18
2026-02-24 20:45:00,85.1,81.0,84.07
2026-02-24 21:00:00,91.95,87.49,90.8
2026-02-24 21:15:00,85.27,80.97,84.0
2026-02-24 21:30:00,70.75,74.0,75.5
2026-02-24 21:45:00,40.53,74.0,69.71
2026-02-24 22:00:00,69.99,74.0,78.9
2026-02-24 22:15:00,68.89,74.0,76.47
2026-02-24 22:30:00,69.93,65.61,87.12
2026-02-24 22:45:00,44.57,38.85,69.73
2026-02-24 23:00:00,93.11,94.87,94.32
2026-02-24 23:15:00,92.05,90.82,93.82
2026-02-24 23:30:00,91.32,90.09,90.09
2026-02-24 23:45:00,86.62,85.78,86.42
2026-02-25 00:00:00,92.31,94.24,
2026-02-25 00:15:00,35.54,45.23,
2026-02-25 00:30:00,3.04,12.6,
2026-02-25 00:45:00,3.18,12.66,
2026-02-25 01:00:00,3.39,12.69,
2026-02-25 01:15:00,3.3,16.11,
2026-02-25 01:30:00,12.89,22.09,
2026-02-25 01:45:00,86.16,85.43,
2026-02-25 02:00:00,37.34,45.24,
2026-02-25 02:15:00,42.53,49.95,
2026-02-25 02:30:00,4.27,13.84,
2026-02-25 02:45:00,86.3,83.12,
2026-02-25 03:00:00,68.36,73.93,
2026-02-25 03:15:00,36.87,45.23,
2026-02-25 03:30:00,88.2,83.53,
2026-02-25 03:45:00,89.41,85.97,
2026-02-25 04:00:00,90.0,85.88,
2026-02-25 04:15:00,2.68,12.46,
2026-02-25 04:30:00,2.55,12.55,
2026-02-25 04:45:00,25.56,35.56,
2026-02-25 05:00:00,2.7,32.81,
2026-02-25 05:15:00,79.61,75.99,
2026-02-25 05:30:00,82.36,79.46,
2026-02-25 05:45:00,88.08,85.67,
2026-02-25 06:00:00,84.15,82.31,
2026-02-25 06:15:00,86.2,84.81,
2026-02-25 06:30:00,85.96,85.03,
2026-02-25 06:45:00,78.05,77.14,
2026-02-25 07:00:00,78.63,84.77,
2026-02-25 07:15:00,72.35,75.0,
2026-02-25 07:30:00,19.99,40.0,
2026-02-25 07:45:00,18.43,38.43,
2026-02-25 08:00:00,41.75,36.67,
2026-02-25 08:15:00,10.02,0.02,
2026-02-25 08:30:00,-0.99,-0.02,
2026-02-25 08:45:00,-4.17,-10.0,
2026-02-25 09:00:00,-8.25,-5.0,
2026-02-25 09:15:00,-8.96,-9.78,
2026-02-25 09:30:00,-10.94,-12.63,
2026-02-25 09:45:00,-10.88,-12.43,
2026-02-25 10:00:00,-9.19,-5.82,
2026-02-25 10:15:00,-9.49,-6.0,
2026-02-25 10:30:00,-9.68,-6.51,
2026-02-25 10:45:00,-9.91,-6.75,
2026-02-25 11:00:00,-9.91,-6.95,
2026-02-25 11:15:00,-9.99,-7.04,
2026-02-25 11:30:00,-9.93,-7.01,
2026-02-25 11:45:00,-10.0,-7.05,
2026-02-25 12:00:00,-7.23,-5.0,-11.92
2026-02-25 12:15:00,-7.14,-5.0,-11.37
2026-02-25 12:30:00,-7.01,-5.0,-11.41
2026-02-25 12:45:00,-6.75,-5.0,-11.44
2026-02-25 13:00:00,-10.81,-6.84,-11.28
2026-02-25 13:15:00,-8.25,-5.0,-11.11
2026-02-25 13:30:00,-4.26,-5.0,-11.17
2026-02-25 13:45:00,-2.99,-4.16,-10.58
2026-02-25 14:00:00,-6.6,-5.59,-11.36
2026-02-25 14:15:00,-4.99,-10.09,-8.62
2026-02-25 14:30:00,0.01,0.01,-5.56
2026-02-25 14:45:00,1.55,3.38,-0.99
2026-02-25 15:00:00,-4.46,0.01,0.01
2026-02-25 15:15:00,-0.99,0.01,-4.99
2026-02-25 15:30:00,-2.21,0.01,-4.99
2026-02-25 15:45:00,19.4,23.29,79.04
2026-02-25 16:00:00,-0.99,0.01,-1.84
2026-02-25 16:15:00,86.03,86.33,81.92
2026-02-25 16:30:00,105.83,106.82,98.83
2026-02-25 16:45:00,137.71,127.39,123.39
2026-02-25 17:00:00,106.25,118.43,117.73
2026-02-25 17:15:00,119.74,121.82,122.79
2026-02-25 17:30:00,112.22,117.71,120.33
2026-02-25 17:45:00,148.0,155.01,144.44
2026-02-25 18:00:00,137.67,136.95,136.67
2026-02-25 18:15:00,147.96,148.61,147.61
2026-02-25 18:30:00,144.73,144.89,139.6
2026-02-25 18:45:00,146.92,147.42,142.05
2026-02-25 19:00:00,146.0,147.0,148.0
2026-02-25 19:15:00,146.36,145.71,145.86
2026-02-25 19:30:00,129.04,125.62,127.64
2026-02-25 19:45:00,137.85,134.48,134.5
2026-02-25 20:00:00,122.22,125.88,127.98
2026-02-25 20:15:00,129.0,128.0,130.5
2026-02-25 20:30:00,122.41,123.46,129.0
2026-02-25 20:45:00,107.76,107.32,109.91
2026-02-25 21:00:00,118.65,114.35,115.92
2026-02-25 21:15:00,114.96,110.96,106.96
2026-02-25 21:30:00,106.08,102.78,97.05
2026-02-25 21:45:00,99.97,96.77,92.53
2026-02-25 22:00:00,102.08,98.77,96.89
2026-02-25 22:15:00,96.98,94.54,89.96
2026-02-25 22:30:00,89.92,89.01,85.49
2026-02-25 22:45:00,88.08,85.26,79.73
2026-02-25 23:00:00,92.03,92.51,90.96
2026-02-25 23:15:00,86.19,83.85,82.1
2026-02-25 23:30:00,82.51,79.61,77.15
2026-02-25 23:45:00,72.42,72.0,70.79
2026-02-26 00:00:00,94.8,87.84,
2026-02-26 00:15:00,88.53,85.73,
2026-02-26 00:30:00,83.81,77.35,
2026-02-26 00:45:00,73.98,69.24,
2026-02-26 01:00:00,86.77,86.04,
2026-02-26 01:15:00,76.13,69.86,
2026-02-26 01:30:00,74.54,69.56,
2026-02-26 01:45:00,72.75,68.32,
2026-02-26 02:00:00,76.98,70.16,
2026-02-26 02:15:00,75.71,69.36,
2026-02-26 02:30:00,75.48,67.23,
2026-02-26 02:45:00,75.84,70.63,
2026-02-26 03:00:00,75.57,72.84,
2026-02-26 03:15:00,76.06,72.8,
2026-02-26 03:30:00,77.65,74.35,
2026-02-26 03:45:00,73.2,67.96,
2026-02-26 04:00:00,72.58,70.1,
2026-02-26 04:15:00,73.0,71.63,
2026-02-26 04:30:00,74.69,70.44,
2026-02-26 04:45:00,75.7,71.61,
2026-02-26 05:00:00,71.18,68.89,
2026-02-26 05:15:00,76.04,71.58,
2026-02-26 05:30:00,86.01,82.79,
2026-02-26 05:45:00,87.85,85.79,
2026-02-26 06:00:00,82.58,89.84,
2026-02-26 06:15:00,82.83,93.4,
2026-02-26 06:30:00,82.41,89.46,
2026-02-26 06:45:00,76.05,87.74,
2026-02-26 07:00:00,83.2,88.92,
2026-02-26 07:15:00,81.04,82.83,
2026-02-26 07:30:00,71.23,71.06,
2026-02-26 07:45:00,12.37,21.96,
2026-02-26 08:00:00,85.97,84.5,
2026-02-26 08:15:00,0.35,0.01,
2026-02-26 08:30:00,-7.32,-5.0,
2026-02-26 08:45:00,-7.44,-15.0,
2026-02-26 09:00:00,0.53,0.1,
2026-02-26 09:15:00,0.0,-35.0,
2026-02-26 09:30:00,-0.01,-5.1,
2026-02-26 09:45:00,-0.01,-5.05,
2026-02-26 10:00:00,0.0,0.0,
2026-02-26 10:15:00,0.0,0.0,
2026-02-26 10:30:00,0.0,0.0,
2026-02-26 10:45:00,0.0,0.0,
2026-02-26 11:00:00,-13.68,-15.89,
2026-02-26 11:15:00,-13.5,-15.32,
2026-02-26 11:30:00,-12.77,-14.91,
2026-02-26 11:45:00,-12.45,-14.6,
2026-02-26 12:00:00,-13.48,-14.17,-16.59
2026-02-26 12:15:00,-13.33,-14.15,-16.61
2026-02-26 12:30:00,-13.34,-14.26,-16.72
2026-02-26 12:45:00,-13.34,-14.28,-16.79
2026-02-26 13:00:00,-12.58,-14.24,-18.94
2026-02-26 13:15:00,-12.56,-14.34,-18.93
2026-02-26 13:30:00,-12.66,-14.66,-18.04
2026-02-26 13:45:00,-13.36,-13.21,-14.62
2026-02-26 14:00:00,-15.0,-16.76,-16.0
2026-02-26 14:15:00,-15.0,-16.73,-14.7
2026-02-26 14:30:00,-14.99,-17.99,-16.17
2026-02-26 14:45:00,-14.99,-9.35,-16.19
2026-02-26 15:00:00,-8.81,-3.19,-11.38
2026-02-26 15:15:00,-9.47,-6.08,-16.0
2026-02-26 15:30:00,-9.31,-3.87,0.0
2026-02-26 15:45:00,-7.86,1.78,6.66
2026-02-26 16:00:00,-7.5,0.0,0.0
2026-02-26 16:15:00,5.82,10.02,4.33
2026-02-26 16:30:00,81.2,77.54,78.99
2026-02-26 16:45:00,96.21,88.54,91.95
2026-02-26 17:00:00,82.85,79.85,82.01
2026-02-26 17:15:00,84.56,84.68,90.02
2026-02-26 17:30:00,89.41,89.21,93.73
2026-02-26 17:45:00,92.75,94.75,99.82
2026-02-26 18:00:00,97.05,100.5,104.06
2026-02-26 18:15:00,105.05,109.2,110.13
2026-02-26 18:30:00,120.78,122.74,122.98
2026-02-26 18:45:00,115.9,115.56,120.05
2026-02-26 19:00:00,120.44,118.97,124.05
2026-02-26 19:15:00,110.84,108.58,114.92
2026-02-26 19:30:00,115.82,119.16,124.63
2026-02-26 19:45:00,100.15,102.85,110.64
2026-02-26 20:00:00,125.06,130.7,131.89
2026-02-26 20:15:00,109.31,114.72,121.21
2026-02-26 20:30:00,98.67,102.57,111.63
2026-02-26 20:45:00,90.77,91.92,99.75
2026-02-26 21:00:00,89.12,91.48,101.48
2026-02-26 21:15:00,87.18,90.29,99.34
2026-02-26 21:30:00,86.58,87.66,95.39
2026-02-26 21:45:00,83.44,81.78,85.29
2026-02-26 22:00:00,84.32,86.46,96.55
2026-02-26 22:15:00,83.77,84.32,94.85
2026-02-26 22:30:00,84.58,82.26,91.66
2026-02-26 22:45:00,80.13,78.61,84.04
2026-02-26 23:00:00,85.08,89.86,96.66
2026-02-26 23:15:00,79.34,80.28,84.36
2026-02-26 23:30:00,72.81,74.11,74.65
2026-02-26 23:45:00,70.43,71.35,73.97
2026-02-27 00:00:00,64.22,71.73,
2026-02-27 00:15:00,65.01,77.68,
2026-02-27 00:30:00,61.19,72.84,
2026-02-27 00:45:00,62.4,68.99,
2026-02-27 01:00:00,66.81,73.07,
2026-02-27 01:15:00,63.0,69.86,
2026-02-27 01:30:00,60.08,67.19,
2026-02-27 01:45:00,59.32,66.1,
2026-02-27 02:00:00,69.14,69.79,
2026-02-27 02:15:00,67.39,67.39,
2026-02-27 02:30:00,64.02,66.75,
2026-02-27 02:45:00,62.82,64.6,
2026-02-27 03:00:00,65.09,65.9,
2026-02-27 03:15:00,62.21,65.51,
2026-02-27 03:30:00,63.04,64.42,
2026-02-27 03:45:00,68.84,69.36,
2026-02-27 04:00:00,61.96,69.96,
2026-02-27 04:15:00,67.63,73.46,
2026-02-27 04:30:00,72.5,73.98,
2026-02-27 04:45:00,75.0,80.12,
2026-02-27 05:00:00,74.31,77.06,
2026-02-27 05:15:00,83.4,88.42,
2026-02-27 05:30:00,90.99,98.53,
2026-02-27 05:45:00,102.54,102.31,
2026-02-27 06:00:00,95.26,107.78,
2026-02-27 06:15:00,120.37,127.13,
2026-02-27 06:30:00,111.0,120.57,
2026-02-27 06:45:00,102.55,113.95,
2026-02-27 07:00:00,98.61,108.33,
2026-02-27 07:15:00,92.0,100.0,
2026-02-27 07:30:00,81.72,85.81,
2026-02-27 07:45:00,25.39,33.39,
2026-02-27 08:00:00,78.77,69.71,
2026-02-27 08:15:00,20.33,22.56,
2026-02-27 08:30:00,10.1,10.27,
2026-02-27 08:45:00,2.16,-7.89,
2026-02-27 09:00:00,29.19,22.67,
2026-02-27 09:15:00,14.19,16.73,
2026-02-27 09:30:00,5.01,-4.1,
2026-02-27 09:45:00,5.02,2.75,
2026-02-27 10:00:00,17.26,5.2,
2026-02-27 10:15:00,13.44,8.19,
2026-02-27 10:30:00,13.43,9.12,
2026-02-27 10:45:00,0.52,-0.11,
2026-02-27 11:00:00,5.97,2.21,
2026-02-27 11:15:00,0.01,-4.0,
2026-02-27 11:30:00,-0.02,-5.64,
2026-02-27 11:45:00,-3.51,-3.64,
2026-02-27 12:00:00,-1.0,-7.08,-3.99
2026-02-27 12:15:00,0.04,-5.81,-3.0
2026-02-27 12:30:00,0.99,-6.96,-2.77
2026-02-27 12:45:00,1.07,-3.44,-2.24
2026-02-27 13:00:00,-2.74,-6.27,-4.19
2026-02-27 13:15:00,0.46,-4.0,-2.52
2026-02-27 13:30:00,1.96,-2.91,-0.45
2026-02-27 13:45:00,3.87,-2.02,1.8
2026-02-27 14:00:00,0.01,-3.64,-2.21
2026-02-27 14:15:00,0.0,-1.58,-1.59
2026-02-27 14:30:00,7.64,1.57,2.72
2026-02-27 14:45:00,31.35,22.27,17.18
2026-02-27 15:00:00,11.26,14.79,15.44
2026-02-27 15:15:00,42.83,45.44,48.47
2026-02-27 15:30:00,78.0,74.13,72.04
2026-02-27 15:45:00,88.58,89.01,87.09
2026-02-27 16:00:00,77.64,76.0,77.74
2026-02-27 16:15:00,90.04,86.04,87.69
2026-02-27 16:30:00,81.53,90.86,99.48
2026-02-27 16:45:00,125.77,121.42,121.21
2026-02-27 17:00:00,105.62,95.11,103.95
2026-02-27 17:15:00,123.39,106.18,122.39
2026-02-27 17:30:00,132.74,124.26,128.54
2026-02-27 17:45:00,152.48,136.11,149.37
2026-02-27 18:00:00,123.5,116.88,126.71
2026-02-27 18:15:00,135.96,120.96,134.0
2026-02-27 18:30:00,131.45,122.39,131.24
2026-02-27 18:45:00,129.72,121.75,131.05
2026-02-27 19:00:00,147.47,137.26,150.11
2026-02-27 19:15:00,135.46,131.29,140.2
2026-02-27 19:30:00,111.24,114.75,119.24
2026-02-27 19:45:00,108.69,112.38,117.71
2026-02-27 20:00:00,157.3,148.51,143.01
2026-02-27 20:15:00,136.24,143.15,134.08
2026-02-27 20:30:00,116.27,120.2,117.69
2026-02-27 20:45:00,108.54,101.57,106.26
2026-02-27 21:00:00,105.29,105.23,107.26
2026-02-27 21:15:00,100.41,100.9,103.41
2026-02-27 21:30:00,94.0,93.0,99.5
2026-02-27 21:45:00,87.63,84.68,85.0
2026-02-27 22:00:00,97.38,93.05,92.46
2026-02-27 22:15:00,94.62,93.8,93.91
2026-02-27 22:30:00,89.89,89.13,84.38
2026-02-27 22:45:00,88.32,85.6,81.6
2026-02-27 23:00:00,89.67,86.84,82.84
2026-02-27 23:15:00,86.48,83.9,81.0
2026-02-27 23:30:00,82.82,79.96,79.0
2026-02-27 23:45:00,76.04,71.18,72.84
2026-02-28 00:00:00,60.34,89.39,
2026-02-28 00:15:00,80.78,88.75,
2026-02-28 00:30:00,88.78,87.78,
2026-02-28 00:45:00,85.06,84.06,
2026-02-28 01:00:00,82.06,90.03,
2026-02-28 01:15:00,81.99,89.6,
2026-02-28 01:30:00,81.01,86.53,
2026-02-28 01:45:00,78.0,83.17,
2026-02-28 02:00:00,76.23,87.94,
2026-02-28 02:15:00,74.1,85.63,
2026-02-28 02:30:00,74.65,84.39,
2026-02-28 02:45:00,72.38,83.45,
2026-02-28 03:00:00,70.41,84.48,
2026-02-28 03:15:00,70.0,82.97,
2026-02-28 03:30:00,71.25,82.09,
2026-02-28 03:45:00,68.34,76.95,
2026-02-28 04:00:00,71.86,80.46,
2026-02-28 04:15:00,72.32,82.24,
2026-02-28 04:30:00,72.0,81.3,
2026-02-28 04:45:00,72.55,81.38,
2026-02-28 05:00:00,71.9,77.23,
2026-02-28 05:15:00,72.58,75.87,
2026-02-28 05:30:00,74.0,77.73,
2026-02-28 05:45:00,78.0,84.49,
2026-02-28 06:00:00,70.73,79.29,
2026-02-28 06:15:00,77.0,82.74,
2026-02-28 06:30:00,80.44,81.02,
2026-02-28 06:45:00,79.0,81.71,
2026-02-28 07:00:00,63.26,94.26,
2026-02-28 07:15:00,65.89,79.45,
2026-02-28 07:30:00,-2.22,30.93,
2026-02-28 07:45:00,-3.0,21.8,
2026-02-28 08:00:00,23.08,48.65,
2026-02-28 08:15:00,9.99,25.54,
2026-02-28 08:30:00,2.56,15.24,
2026-02-28 08:45:00,-2.98,-0.06,
2026-02-28 09:00:00,-21.09,-9.79,
2026-02-28 09:15:00,-7.97,-9.43,
2026-02-28 09:30:00,-4.99,-5.47,
2026-02-28 09:45:00,-15.0,-9.99,
2026-02-28 10:00:00,-4.0,-6.2,
2026-02-28 10:15:00,-0.01,-5.0,
2026-02-28 10:30:00,-4.0,-5.0,
2026-02-28 10:45:00,-4.04,-5.04,
2026-02-28 11:00:00,-4.0,-6.19,
2026-02-28 11:15:00,-4.0,-5.0,
2026-02-28 11:30:00,-4.01,-8.1,
2026-02-28 11:45:00,-4.01,-8.17,
2026-02-28 12:00:00,-9.99,-7.98,-12.99
2026-02-28 12:15:00,-5.01,-8.47,-12.66
2026-02-28 12:30:00,-4.01,-8.68,-12.5
2026-02-28 12:45:00,-4.01,-7.97,-10.01
2026-02-28 13:00:00,-17.16,-10.01,-14.76
2026-02-28 13:15:00,-5.0,-9.69,-14.04
2026-02-28 13:30:00,-4.0,-10.0,-7.0
2026-02-28 13:45:00,-4.0,-8.26,-6.99
2026-02-28 14:00:00,-5.0,-8.97,-12.35
2026-02-28 14:15:00,-1.09,-6.41,-9.0
2026-02-28 14:30:00,-0.49,-6.94,-7.14
2026-02-28 14:45:00,-3.99,-4.99,-1.99
2026-02-28 15:00:00,-7.0,-18.27,-10.81
2026-02-28 15:15:00,-0.5,-5.98,5.02
2026-02-28 15:30:00,0.01,-8.22,3.99
2026-02-28 15:45:00,-3.87,-5.99,5.01
2026-02-28 16:00:00,-25.94,-20.07,5.01
2026-02-28 16:15:00,63.43,49.65,64.14
2026-02-28 16:30:00,80.57,77.17,79.93
2026-02-28 16:45:00,86.08,84.06,82.16
2026-02-28 17:00:00,87.1,84.1,91.1
2026-02-28 17:15:00,89.32,92.37,101.9
2026-02-28 17:30:00,105.26,105.45,110.47
2026-02-28 17:45:00,104.45,104.95,111.95
2026-02-28 18:00:00,100.87,98.72,105.61
2026-02-28 18:15:00,104.66,100.76,107.35
2026-02-28 18:30:00,104.28,100.98,107.74
2026-02-28 18:45:00,98.41,97.41,102.61
2026-02-28 19:00:00,103.77,100.0,109.07
2026-02-28 19:15:00,84.59,92.57,109.23
2026-02-28 19:30:00,84.03,84.41,101.0
2026-02-28 19:45:00,83.9,84.23,99.98
2026-02-28 20:00:00,86.55,94.17,99.2
2026-02-28 20:15:00,85.94,90.15,101.56
2026-02-28 20:30:00,81.0,83.25,87.29
2026-02-28 20:45:00,77.96,81.74,81.95
2026-02-28 21:00:00,81.0,83.0,83.09
2026-02-28 21:15:00,81.0,81.11,81.84
2026-02-28 21:30:00,73.11,73.03,78.01
2026-02-28 21:45:00,60.99,69.98,70.56
2026-02-28 22:00:00,75.39,81.14,74.09
2026-02-28 22:15:00,72.79,76.46,67.11
2026-02-28 22:30:00,70.26,74.45,61.4
2026-02-28 22:45:00,60.0,61.46,65.94
2026-02-28 23:00:00,69.16,72.0,73.76
2026-02-28 23:15:00,64.2,64.87,70.0
2026-02-28 23:30:00,0.02,4.9,10.02
2026-02-28 23:45:00,0.0,-4.99,4.19
2026-03-01 00:00:00,53.53,71.54,
2026-03-01 00:15:00,1.19,25.01,
2026-03-01 00:30:00,2.2,34.3,
2026-03-01 00:45:00,5.02,40.02,
2026-03-01 01:00:00,13.32,31.51,
2026-03-01 01:15:00,54.05,57.11,
2026-03-01 01:30:00,6.31,18.38,
2026-03-01 01:45:00,0.97,18.66,
2026-03-01 02:00:00,55.67,52.9,
2026-03-01 02:15:00,11.2,31.06,
2026-03-01 02:30:00,4.37,15.92,
2026-03-01 02:45:00,1.37,20.01,
2026-03-01 03:00:00,-2.57,10.01,
2026-03-01 03:15:00,56.25,48.9,
2026-03-01 03:30:00,29.42,49.05,
2026-03-01 03:45:00,3.21,14.14,
2026-03-01 04:00:00,50.93,50.19,
2026-03-01 04:15:00,38.03,56.06,
2026-03-01 04:30:00,-2.47,13.0,
2026-03-01 04:45:00,-0.85,15.01,
2026-03-01 05:00:00,58.0,56.77,
2026-03-01 05:15:00,62.85,59.4,
2026-03-01 05:30:00,66.47,62.53,
2026-03-01 05:45:00,67.32,63.99,
2026-03-01 06:00:00,60.7,57.83,
2026-03-01 06:15:00,67.45,63.99,
2026-03-01 06:30:00,69.01,65.13,
2026-03-01 06:45:00,66.74,64.03,
2026-03-01 07:00:00,48.21,54.83,
2026-03-01 07:15:00,-4.0,11.4,
2026-03-01 07:30:00,-10.0,-8.0,
2026-03-01 07:45:00,-10.0,-8.0,
2026-03-01 08:00:00,-5.01,-12.35,
2026-03-01 08:15:00,-5.01,-10.0,
2026-03-01 08:30:00,-5.01,-10.0,
2026-03-01 08:45:00,-5.02,-10.01,
2026-03-01 09:00:00,-7.66,-20.76,
2026-03-01 09:15:00,-7.83,-10.1,
2026-03-01 09:30:00,-8.0,-24.66,
2026-03-01 09:45:00,-8.71,-25.2,
2026-03-01 10:00:00,-8.01,-27.23,
2026-03-01 10:15:00,-7.97,-26.81,
2026-03-01 10:30:00,-7.96,-26.21,
2026-03-01 10:45:00,-7.0,-28.41,
2026-03-01 11:00:00,-10.14,-35.0,
2026-03-01 11:15:00,-9.17,-28.66,
2026-03-01 11:30:00,-8.14,-28.2,
2026-03-01 11:45:00,-8.05,-27.93,
2026-03-01 12:00:00,-10.07,-29.86,-29.86
2026-03-01 12:15:00,-9.27,-29.76,-29.76
2026-03-01 12:30:00,-8.61,-28.58,-21.82
2026-03-01 12:45:00,-6.01,-28.97,-24.21
2026-03-01 13:00:00,-4.97,-27.3,-27.85
2026-03-01 13:15:00,-4.27,-19.71,-19.71
2026-03-01 13:30:00,-1.5,-20.36,-20.36
2026-03-01 13:45:00,-4.18,-10.11,-35.0
2026-03-01 14:00:00,-6.01,-9.0,-13.95
2026-03-01 14:15:00,-5.07,-10.06,-12.07
2026-03-01 14:30:00,-5.01,-8.0,-13.09
2026-03-01 14:45:00,-5.01,-9.01,-12.51
2026-03-01 15:00:00,0.72,-11.6,-11.78
2026-03-01 15:15:00,10.0,-8.0,-10.0
2026-03-01 15:30:00,10.0,-8.0,-10.0
2026-03-01 15:45:00,10.01,-7.0,15.01
2026-03-01 16:00:00,0.42,-10.8,5.01
2026-03-01 16:15:00,67.44,68.15,73.78
2026-03-01 16:30:00,76.58,75.99,86.95
2026-03-01 16:45:00,90.9,90.86,100.86
2026-03-01 17:00:00,75.11,72.0,82.13
2026-03-01 17:15:00,88.3,84.59,97.65
2026-03-01 17:30:00,88.23,84.23,98.23
2026-03-01 17:45:00,104.3,106.48,111.48
2026-03-01 18:00:00,86.15,90.69,96.59
2026-03-01 18:15:00,90.5,94.56,99.56
2026-03-01 18:30:00,95.11,99.11,104.11
2026-03-01 18:45:00,96.71,101.65,106.65
2026-03-01 19:00:00,88.73,89.1,97.73
2026-03-01 19:15:00,98.79,101.48,106.48
2026-03-01 19:30:00,102.86,105.84,110.84
2026-03-01 19:45:00,101.45,104.05,109.05
2026-03-01 20:00:00,113.24,115.24,120.24
2026-03-01 20:15:00,104.33,105.34,110.34
2026-03-01 20:30:00,90.63,86.63,99.63
2026-03-01 20:45:00,89.6,85.6,99.68
2026-03-01 21:00:00,88.93,91.83,96.83
2026-03-01 21:15:00,92.91,100.14,108.14
2026-03-01 21:30:00,92.33,92.33,97.33
2026-03-01 21:45:00,87.0,90.15,89.09
2026-03-01 22:00:00,92.29,91.29,97.29
2026-03-01 22:15:00,82.92,80.0,89.93
2026-03-01 22:30:00,88.82,88.82,89.17
2026-03-01 22:45:00,77.66,73.96,85.37
2026-03-01 23:00:00,84.19,85.97,89.18
2026-03-01 23:15:00,80.07,80.9,88.13
2026-03-01 23:30:00,77.08,75.22,84.39
2026-03-01 23:45:00,63.78,66.04,71.04
2026-03-02 00:00:00,83.23,82.86,
2026-03-02 00:15:00,80.05,77.12,
2026-03-02 00:30:00,82.0,79.0,
2026-03-02 00:45:00,71.97,76.0,
2026-03-02 01:00:00,73.82,71.99,
2026-03-02 01:15:00,75.0,75.14,
2026-03-02 01:30:00,71.98,68.4,
2026-03-02 01:45:00,71.9,70.41,
2026-03-02 02:00:00,69.8,72.94,
2026-03-02 02:15:00,71.0,75.31,
2026-03-02 02:30:00,71.96,70.05,
2026-03-02 02:45:00,71.98,66.16,
2026-03-02 03:00:00,68.89,78.82,
2026-03-02 03:15:00,66.99,73.55,
2026-03-02 03:30:00,67.5,70.49,
2026-03-02 03:45:00,72.21,76.75,
2026-03-02 04:00:00,66.0,68.78,
2026-03-02 04:15:00,71.0,75.55,
2026-03-02 04:30:00,80.44,76.65,
2026-03-02 04:45:00,82.55,83.56,
2026-03-02 05:00:00,78.58,75.09,
2026-03-02 05:15:00,95.17,89.12,
2026-03-02 05:30:00,98.41,88.42,
2026-03-02 05:45:00,114.5,115.65,
2026-03-02 06:00:00,111.14,110.1,
2026-03-02 06:15:00,123.83,122.5,
2026-03-02 06:30:00,131.99,140.4,
2026-03-02 06:45:00,133.3,143.3,
2026-03-02 07:00:00,116.91,137.11,
2026-03-02 07:15:00,121.83,134.63,
2026-03-02 07:30:00,87.82,86.82,
2026-03-02 07:45:00,78.43,94.07,
2026-03-02 08:00:00,70.91,66.2,
2026-03-02 08:15:00,76.0,73.37,
2026-03-02 08:30:00,23.21,37.81,
2026-03-02 08:45:00,-4.52,-5.21,
2026-03-02 09:00:00,-11.95,-14.39,
2026-03-02 09:15:00,-14.09,-19.51,
2026-03-02 09:30:00,-14.06,-29.06,
2026-03-02 09:45:00,-13.96,-28.96,
2026-03-02 10:00:00,-15.37,-24.98,
2026-03-02 10:15:00,-11.61,-19.07,
2026-03-02 10:30:00,-10.0,-15.79,
2026-03-02 10:45:00,-8.49,-10.2,
2026-03-02 11:00:00,-15.94,-19.77,
2026-03-02 11:15:00,-10.61,-16.28,
2026-03-02 11:30:00,-9.0,-14.62,
2026-03-02 11:45:00,-9.0,-14.74,
2026-03-02 12:00:00,-8.93,-10.34,-22.29
2026-03-02 12:15:00,-5.03,-6.09,-7.86
2026-03-02 12:30:00,-7.95,-7.77,-3.46
2026-03-02 12:45:00,-3.66,-4.49,0.0
2026-03-02 13:00:00,-4.61,-4.99,-14.67
2026-03-02 13:15:00,3.35,-2.99,1.4
2026-03-02 13:30:00,7.21,3.43,18.96
2026-03-02 13:45:00,22.79,19.46,43.91
2026-03-02 14:00:00,15.42,9.99,23.69
2026-03-02 14:15:00,51.02,46.02,56.02
2026-03-02 14:30:00,20.34,16.0,50.34
2026-03-02 14:45:00,96.0,91.22,89.83
2026-03-02 15:00:00,67.8,69.07,62.1
2026-03-02 15:15:00,76.52,74.01,73.01
2026-03-02 15:30:00,85.97,84.05,90.94
2026-03-02 15:45:00,89.41,105.59,114.95
2026-03-02 16:00:00,79.36,89.91,77.57
2026-03-02 16:15:00,86.0,101.3,84.22
2026-03-02 16:30:00,87.15,103.8,93.5
2026-03-02 16:45:00,88.36,125.0,89.96
2026-03-02 17:00:00,90.35,89.59,86.71
2026-03-02 17:15:00,111.66,111.4,106.4
2026-03-02 17:30:00,166.67,170.66,179.24
2026-03-02 17:45:00,212.21,256.35,276.27
2026-03-02 18:00:00,140.66,182.23,186.41
2026-03-02 18:15:00,185.56,223.09,212.89
2026-03-02 18:30:00,145.16,205.43,188.25
2026-03-02 18:45:00,209.57,236.01,221.24
2026-03-02 19:00:00,197.5,230.07,212.33
2026-03-02 19:15:00,190.0,238.46,219.68
2026-03-02 19:30:00,128.32,186.63,163.46
2026-03-02 19:45:00,175.07,184.83,187.87
2026-03-02 20:00:00,126.6,126.88,146.61
2026-03-02 20:15:00,159.75,162.48,158.63
2026-03-02 20:30:00,125.43,110.61,115.39
2026-03-02 20:45:00,110.79,89.09,87.01
2026-03-02 21:00:00,143.01,182.74,166.27
2026-03-02 21:15:00,130.66,110.75,151.35
2026-03-02 21:30:00,111.47,112.01,106.39
2026-03-02 21:45:00,93.73,92.53,90.4
2026-03-02 22:00:00,111.27,117.65,98.18
2026-03-02 22:15:00,103.6,109.94,88.04
2026-03-02 22:30:00,98.9,99.9,103.29
2026-03-02 22:45:00,91.24,90.45,89.68
2026-03-02 23:00:00,93.05,94.09,99.2
2026-03-02 23:15:00,89.2,88.85,83.62
2026-03-02 23:30:00,88.01,87.57,81.22
2026-03-02 23:45:00,85.4,85.5,78.48
2026-03-03 00:00:00,88.27,91.81,
2026-03-03 00:15:00,88.48,85.43,
2026-03-03 00:30:00,86.31,87.3,
2026-03-03 00:45:00,89.47,96.94,
2026-03-03 01:00:00,88.51,88.44,
2026-03-03 01:15:00,86.52,86.41,
2026-03-03 01:30:00,85.92,85.83,
2026-03-03 01:45:00,86.52,86.43,
2026-03-03 02:00:00,86.39,86.54,
2026-03-03 02:15:00,86.03,86.05,
2026-03-03 02:30:00,85.83,85.85,
2026-03-03 02:45:00,85.49,85.66,
2026-03-03 03:00:00,85.64,86.78,
2026-03-03 03:15:00,85.57,86.68,
2026-03-03 03:30:00,85.54,86.6,
2026-03-03 03:45:00,85.39,86.68,
2026-03-03 04:00:00,85.94,86.19,
2026-03-03 04:15:00,86.57,86.66,
2026-03-03 04:30:00,86.31,86.55,
2026-03-03 04:45:00,92.76,98.95,
2026-03-03 05:00:00,94.72,99.7,
2026-03-03 05:15:00,101.13,109.81,
2026-03-03 05:30:00,113.52,116.55,
2026-03-03 05:45:00,124.01,129.92,
2026-03-03 06:00:00,116.4,111.59,
2026-03-03 06:15:00,127.97,131.53,
2026-03-03 06:30:00,134.96,143.66,
2026-03-03 06:45:00,148.18,157.18,
2026-03-03 07:00:00,127.21,144.69,
2026-03-03 07:15:00,98.01,111.02,
2026-03-03 07:30:00,84.93,88.92,
2026-03-03 07:45:00,84.48,100.76,
2026-03-03 08:00:00,93.5,144.18,
2026-03-03 08:15:00,130.45,144.97,
2026-03-03 08:30:00,121.34,130.0,
2026-03-03 08:45:00,92.23,105.4,
2026-03-03 09:00:00,122.27,129.0,
2026-03-03 09:15:00,93.18,100.85,
2026-03-03 09:30:00,85.0,87.21,
2026-03-03 09:45:00,75.96,83.12,
2026-03-03 10:00:00,98.32,104.44,
2026-03-03 10:15:00,85.19,85.45,
2026-03-03 10:30:00,74.22,83.1,
2026-03-03 10:45:00,55.06,65.88,
2026-03-03 11:00:00,76.0,80.67,
2026-03-03 11:15:00,63.0,63.59,
2026-03-03 11:30:00,40.04,38.41,
2026-03-03 11:45:00,23.68,26.29,
2026-03-03 12:00:00,10.59,32.63,0.0
2026-03-03 12:15:00,23.71,21.42,0.0
2026-03-03 12:30:00,15.49,14.26,-11.83
2026-03-03 12:45:00,14.95,9.57,-12.1
2026-03-03 13:00:00,20.6,13.27,-12.26
2026-03-03 13:15:00,21.55,10.48,-4.68
2026-03-03 13:30:00,31.53,21.2,-2.76
2026-03-03 13:45:00,46.0,32.98,2.2
2026-03-03 14:00:00,32.49,27.52,-4.1
2026-03-03 14:15:00,50.0,46.21,25.39
2026-03-03 14:30:00,72.55,69.79,35.89
2026-03-03 14:45:00,87.64,82.7,39.89
2026-03-03 15:00:00,72.16,70.38,24.31
2026-03-03 15:15:00,87.15,86.0,61.12
2026-03-03 15:30:00,92.66,91.76,64.32
2026-03-03 15:45:00,125.64,113.55,94.28
2026-03-03 16:00:00,89.2,87.57,74.72
2026-03-03 16:15:00,105.05,112.27,89.33
2026-03-03 16:30:00,121.28,133.9,119.47
2026-03-03 16:45:00,161.19,178.81,166.98
2026-03-03 17:00:00,107.63,104.99,115.62
2026-03-03 17:15:00,105.28,102.33,111.39
2026-03-03 17:30:00,155.92,163.63,177.23
2026-03-03 17:45:00,227.86,234.91,239.26
2026-03-03 18:00:00,215.9,230.42,216.11
2026-03-03 18:15:00,222.33,240.2,227.42
2026-03-03 18:30:00,206.64,237.23,214.88
2026-03-03 18:45:00,203.03,252.14,208.79
2026-03-03 19:00:00,208.88,254.11,241.27
2026-03-03 19:15:00,199.25,252.87,218.14
2026-03-03 19:30:00,189.51,218.93,201.4
2026-03-03 19:45:00,185.56,218.39,207.25
2026-03-03 20:00:00,166.6,190.51,180.0
2026-03-03 20:15:00,155.06,174.46,164.89
2026-03-03 20:30:00,127.08,149.46,153.81
2026-03-03 20:45:00,148.24,164.91,156.68
2026-03-03 21:00:00,173.1,180.0,201.18
2026-03-03 21:15:00,152.79,163.85,172.31
2026-03-03 21:30:00,126.33,148.12,139.85
2026-03-03 21:45:00,107.0,112.68,117.09
2026-03-03 22:00:00,128.3,140.38,135.48
2026-03-03 22:15:00,115.74,115.38,120.09
2026-03-03 22:30:00,110.1,111.84,114.37
2026-03-03 22:45:00,102.37,97.0,98.96
2026-03-03 23:00:00,100.77,90.77,100.77
2026-03-03 23:15:00,91.67,55.69,86.48
2026-03-03 23:30:00,90.12,56.1,86.57
2026-03-03 23:45:00,88.45,72.24,86.46
2026-03-04 00:00:00,127.51,132.77,
2026-03-04 00:15:00,121.24,125.54,
2026-03-04 00:30:00,123.01,125.74,
2026-03-04 00:45:00,122.52,118.35,
2026-03-04 01:00:00,119.67,123.67,
2026-03-04 01:15:00,114.04,119.25,
2026-03-04 01:30:00,124.06,123.8,
2026-03-04 01:45:00,126.17,131.05,
2026-03-04 02:00:00,129.64,126.37,
2026-03-04 02:15:00,129.54,124.79,
2026-03-04 02:30:00,127.56,128.99,
2026-03-04 02:45:00,125.56,126.46,
2026-03-04 03:00:00,123.79,118.4,
2026-03-04 03:15:00,123.84,124.33,
2026-03-04 03:30:00,123.86,124.64,
2026-03-04 03:45:00,121.73,122.5,
2026-03-04 04:00:00,115.62,116.18,
2026-03-04 04:15:00,123.91,124.4,
2026-03-04 04:30:00,104.42,107.5,
2026-03-04 04:45:00,100.29,105.41,
2026-03-04 05:00:00,107.3,109.85,
2026-03-04 05:15:00,105.63,113.36,
2026-03-04 05:30:00,111.6,118.97,
2026-03-04 05:45:00,127.75,135.31,
2026-03-04 06:00:00,140.9,148.45,
2026-03-04 06:15:00,153.43,146.13,
2026-03-04 06:30:00,130.34,136.42,
2026-03-04 06:45:00,115.7,124.27,
2026-03-04 07:00:00,94.39,106.44,
2026-03-04 07:15:00,85.1,95.49,
2026-03-04 07:30:00,83.89,91.05,
2026-03-04 07:45:00,82.37,89.58,
2026-03-04 08:00:00,83.79,91.81,
2026-03-04 08:15:00,82.6,89.7,
2026-03-04 08:30:00,64.02,69.61,
2026-03-04 08:45:00,6.4,10.19,
2026-03-04 09:00:00,88.99,83.99,
2026-03-04 09:15:00,11.73,6.12,
2026-03-04 09:30:00,10.95,7.85,
2026-03-04 09:45:00,2.48,-4.98,
2026-03-04 10:00:00,6.48,-4.47,
2026-03-04 10:15:00,5.0,-4.99,
2026-03-04 10:30:00,1.58,-6.65,
2026-03-04 10:45:00,0.37,-7.57,
2026-03-04 11:00:00,1.18,-4.99,
2026-03-04 11:15:00,1.01,-4.99,
2026-03-04 11:30:00,1.51,-4.99,
2026-03-04 11:45:00,4.49,-4.99,
2026-03-04 12:00:00,0.01,-4.99,3.36
2026-03-04 12:15:00,2.1,-4.46,6.05
2026-03-04 12:30:00,5.0,0.83,7.56
2026-03-04 12:45:00,10.02,14.5,10.99
2026-03-04 13:00:00,8.43,3.43,0.1
2026-03-04 13:15:00,7.28,3.44,-1.56
2026-03-04 13:30:00,7.81,6.01,1.01
2026-03-04 13:45:00,14.32,12.9,17.9
2026-03-04 14:00:00,3.44,3.44,2.41
2026-03-04 14:15:00,-3.04,-7.85,-6.13
2026-03-04 14:30:00,3.44,-0.78,-0.35
2026-03-04 14:45:00,26.37,30.38,25.74
2026-03-04 15:00:00,64.96,50.81,47.81
2026-03-04 15:15:00,85.83,72.08,69.16
2026-03-04 15:30:00,95.79,87.63,80.1
2026-03-04 15:45:00,98.78,88.78,81.52
2026-03-04 16:00:00,82.76,68.48,84.49
2026-03-04 16:15:00,82.59,68.31,83.26
2026-03-04 16:30:00,89.44,75.25,88.65
2026-03-04 16:45:00,93.31,79.22,93.0
2026-03-04 17:00:00,122.84,126.61,126.77
2026-03-04 17:15:00,108.57,94.51,93.0
2026-03-04 17:30:00,118.97,116.83,126.58
2026-03-04 17:45:00,247.46,257.26,248.16
2026-03-04 18:00:00,130.62,117.44,112.09
2026-03-04 18:15:00,209.78,202.78,203.1
2026-03-04 18:30:00,261.83,263.83,262.17
2026-03-04 18:45:00,260.21,255.51,250.91
2026-03-04 19:00:00,218.11,217.07,217.9
2026-03-04 19:15:00,222.33,202.2,202.73
2026-03-04 19:30:00,205.84,187.26,187.94
2026-03-04 19:45:00,182.83,170.7,171.43
2026-03-04 20:00:00,190.0,176.81,176.85
2026-03-04 20:15:00,166.02,162.0,162.13
2026-03-04 20:30:00,136.68,143.4,145.05
2026-03-04 20:45:00,142.2,139.96,141.68
2026-03-04 21:00:00,161.83,151.25,143.47
2026-03-04 21:15:00,142.6,129.61,125.61
2026-03-04 21:30:00,134.58,124.54,124.29
2026-03-04 21:45:00,126.92,111.03,109.87
2026-03-04 22:00:00,135.77,132.07,141.29
2026-03-04 22:15:00,128.16,122.16,117.32
2026-03-04 22:30:00,125.02,118.02,112.99
2026-03-04 22:45:00,121.69,109.4,106.4
2026-03-04 23:00:00,119.32,121.46,125.07
2026-03-04 23:15:00,118.04,115.7,117.01
2026-03-04 23:30:00,113.95,107.1,108.83
2026-03-04 23:45:00,103.03,88.92,93.0
2026-03-05 00:00:00,122.56,120.39,
2026-03-05 00:15:00,109.58,105.21,
2026-03-05 00:30:00,109.77,101.53,
2026-03-05 00:45:00,108.0,99.76,
2026-03-05 01:00:00,113.18,107.36,
2026-03-05 01:15:00,107.62,105.21,
2026-03-05 01:30:00,105.7,104.34,
2026-03-05 01:45:00,105.02,104.34,
2026-03-05 02:00:00,105.66,106.14,
2026-03-05 02:15:00,105.69,108.64,
2026-03-05 02:30:00,104.85,102.0,
2026-03-05 02:45:00,103.89,98.35,
2026-03-05 03:00:00,105.52,105.83,
2026-03-05 03:15:00,104.25,105.53,
2026-03-05 03:30:00,106.0,104.87,
2026-03-05 03:45:00,104.15,104.48,
2026-03-05 04:00:00,103.89,104.99,
2026-03-05 04:15:00,104.0,98.78,
2026-03-05 04:30:00,104.09,105.08,
2026-03-05 04:45:00,108.49,111.15,
2026-03-05 05:00:00,106.99,98.53,
2026-03-05 05:15:00,114.3,101.28,
2026-03-05 05:30:00,138.0,130.8,
2026-03-05 05:45:00,148.62,141.39,
2026-03-05 06:00:00,123.58,115.07,
2026-03-05 06:15:00,150.56,133.35,
2026-03-05 06:30:00,139.09,141.23,
2026-03-05 06:45:00,136.91,150.53,
2026-03-05 07:00:00,114.01,118.71,
2026-03-05 07:15:00,99.12,98.56,
2026-03-05 07:30:00,99.4,99.11,
2026-03-05 07:45:00,97.47,97.59,
2026-03-05 08:00:00,112.72,119.96,
2026-03-05 08:15:00,108.78,122.44,
2026-03-05 08:30:00,100.38,115.01,
2026-03-05 08:45:00,95.92,105.04,
2026-03-05 09:00:00,131.58,134.25,
2026-03-05 09:15:00,101.9,95.55,
2026-03-05 09:30:00,92.0,86.45,
2026-03-05 09:45:00,71.97,66.94,
2026-03-05 10:00:00,103.0,98.15,
2026-03-05 10:15:00,68.85,65.85,
2026-03-05 10:30:00,59.17,48.61,
2026-03-05 10:45:00,16.22,7.75,
2026-03-05 11:00:00,53.33,49.19,
2026-03-05 11:15:00,17.56,14.63,
2026-03-05 11:30:00,13.01,18.29,
2026-03-05 11:45:00,4.5,10.87,
2026-03-05 12:00:00,13.34,11.18,-1.77
2026-03-05 12:15:00,11.44,16.0,-3.65
2026-03-05 12:30:00,13.19,14.0,-2.24
2026-03-05 12:45:00,10.87,14.31,-4.04
2026-03-05 13:00:00,0.79,4.08,-10.0
2026-03-05 13:15:00,5.11,11.2,-5.25
2026-03-05 13:30:00,11.0,7.0,-4.94
2026-03-05 13:45:00,22.55,12.55,-1.65
2026-03-05 14:00:00,50.33,8.93,-13.79
2026-03-05 14:15:00,41.48,25.83,7.22
2026-03-05 14:30:00,39.86,45.36,19.86
2026-03-05 14:45:00,68.69,60.0,61.73
2026-03-05 15:00:00,57.99,51.71,39.91
2026-03-05 15:15:00,81.47,73.2,69.42
2026-03-05 15:30:00,94.59,87.37,78.84
2026-03-05 15:45:00,115.29,106.32,86.97
2026-03-05 16:00:00,67.98,81.68,73.04
2026-03-05 16:15:00,72.23,85.73,77.35
2026-03-05 16:30:00,76.99,91.0,81.98
2026-03-05 16:45:00,84.52,95.64,85.35
2026-03-05 17:00:00,114.45,124.51,130.0
2026-03-05 17:15:00,108.22,111.05,125.22
2026-03-05 17:30:00,121.13,133.89,130.0
2026-03-05 17:45:00,138.67,137.93,138.15
2026-03-05 18:00:00,115.32,103.35,75.12
2026-03-05 18:15:00,159.03,141.57,117.32
2026-03-05 18:30:00,212.7,207.3,195.02
2026-03-05 18:45:00,211.19,207.19,208.87
2026-03-05 19:00:00,198.42,194.42,187.85
2026-03-05 19:15:00,202.28,199.82,194.35
2026-03-05 19:30:00,142.49,117.55,86.88
2026-03-05 19:45:00,114.88,93.08,91.0
2026-03-05 20:00:00,202.07,204.65,192.34
2026-03-05 20:15:00,152.73,150.58,106.56
2026-03-05 20:30:00,138.51,124.35,82.86
2026-03-05 20:45:00,137.49,128.32,122.32
2026-03-05 21:00:00,156.89,145.15,152.31
2026-03-05 21:15:00,170.71,156.71,155.71
2026-03-05 21:30:00,132.61,122.45,119.36
2026-03-05 21:45:00,110.68,103.21,102.05
2026-03-05 22:00:00,141.24,130.77,126.7
2026-03-05 22:15:00,129.6,126.46,121.9
2026-03-05 22:30:00,124.81,116.01,112.46
2026-03-05 22:45:00,120.75,107.46,116.23
2026-03-05 23:00:00,100.99,102.02,124.68
2026-03-05 23:15:00,94.38,93.29,111.36
2026-03-05 23:30:00,89.26,89.09,91.0
2026-03-05 23:45:00,88.03,85.74,91.0
2026-03-06 00:00:00,98.7,91.35,
2026-03-06 00:15:00,99.54,96.57,
2026-03-06 00:30:00,101.28,96.67,
2026-03-06 00:45:00,99.31,96.34,
2026-03-06 01:00:00,103.0,100.0,
2026-03-06 01:15:00,100.85,97.99,
2026-03-06 01:30:00,101.72,98.75,
2026-03-06 01:45:00,101.04,97.43,
2026-03-06 02:00:00,102.22,99.34,
2026-03-06 02:15:00,103.04,100.13,
2026-03-06 02:30:00,105.58,102.67,
2026-03-06 02:45:00,107.25,104.28,
2026-03-06 03:00:00,102.48,106.33,
2026-03-06 03:15:00,101.68,104.4,
2026-03-06 03:30:00,105.2,105.13,
2026-03-06 03:45:00,109.01,107.1,
2026-03-06 04:00:00,105.91,104.99,
2026-03-06 04:15:00,108.37,104.71,
2026-03-06 04:30:00,117.71,112.81,
2026-03-06 04:45:00,127.61,117.49,
2026-03-06 05:00:00,118.0,104.74,
2026-03-06 05:15:00,128.03,116.39,
2026-03-06 05:30:00,135.2,119.5,
2026-03-06 05:45:00,155.89,123.49,
2026-03-06 06:00:00,125.74,127.99,
2026-03-06 06:15:00,156.89,147.59,
2026-03-06 06:30:00,159.59,146.53,
2026-03-06 06:45:00,96.37,90.59,
2026-03-06 07:00:00,83.67,85.59,
2026-03-06 07:15:00,81.13,83.01,
2026-03-06 07:30:00,46.42,47.38,
2026-03-06 07:45:00,9.99,10.41,
2026-03-06 08:00:00,71.58,63.75,
2026-03-06 08:15:00,9.28,6.56,
2026-03-06 08:30:00,2.31,-1.49,
2026-03-06 08:45:00,-3.49,-1.98,
2026-03-06 09:00:00,0.01,14.93,
2026-03-06 09:15:00,0.01,-1.44,
2026-03-06 09:30:00,0.0,-5.94,
2026-03-06 09:45:00,0.0,-9.33,
2026-03-06 10:00:00,0.0,-8.97,
2026-03-06 10:15:00,0.0,-11.0,
2026-03-06 10:30:00,0.0,-15.88,
2026-03-06 10:45:00,-0.82,-15.36,
2026-03-06 11:00:00,0.0,-11.82,
2026-03-06 11:15:00,0.0,-11.27,
2026-03-06 11:30:00,0.0,-11.04,
2026-03-06 11:45:00,0.0,-12.68,
2026-03-06 12:00:00,-6.67,-15.8,-35.0
2026-03-06 12:15:00,-6.97,-15.34,-35.0
2026-03-06 12:30:00,-7.77,-13.88,-35.0
2026-03-06 12:45:00,-5.99,-12.94,-35.0
2026-03-06 13:00:00,-9.99,-13.27,-31.94
2026-03-06 13:15:00,-9.09,-12.55,-35.0
2026-03-06 13:30:00,-9.0,-13.32,-34.0
2026-03-06 13:45:00,-3.77,-11.59,-35.0
2026-03-06 14:00:00,-12.0,-1.36,-35.0
2026-03-06 14:15:00,-10.01,-15.47,-11.18
2026-03-06 14:30:00,-12.0,1.9,-9.36
2026-03-06 14:45:00,-9.35,26.58,10.64
2026-03-06 15:00:00,-20.04,-22.0,-33.62
2026-03-06 15:15:00,-18.65,-7.93,5.99
2026-03-06 15:30:00,59.01,69.81,80.96
2026-03-06 15:45:00,78.27,85.27,100.27
2026-03-06 16:00:00,72.07,71.89,84.17
2026-03-06 16:15:00,91.0,88.69,96.54
2026-03-06 16:30:00,133.2,126.76,131.87
2026-03-06 16:45:00,167.38,153.7,151.89
2026-03-06 17:00:00,96.99,91.46,89.68
2026-03-06 17:15:00,111.83,109.12,120.93
2026-03-06 17:30:00,118.29,117.17,126.69
2026-03-06 17:45:00,161.61,158.52,148.52
2026-03-06 18:00:00,115.86,137.63,120.5
2026-03-06 18:15:00,161.19,197.65,161.08
2026-03-06 18:30:00,211.99,209.98,196.0
2026-03-06 18:45:00,211.54,208.85,198.96
2026-03-06 19:00:00,200.01,210.88,185.13
2026-03-06 19:15:00,186.43,187.35,179.04
2026-03-06 19:30:00,163.7,169.63,159.63
2026-03-06 19:45:00,153.39,160.21,150.95
2026-03-06 20:00:00,160.0,156.37,150.12
2026-03-06 20:15:00,152.43,147.59,142.36
2026-03-06 20:30:00,136.0,135.16,128.1
2026-03-06 20:45:00,121.15,117.86,111.19
2026-03-06 21:00:00,147.58,145.34,138.08
2026-03-06 21:15:00,138.48,138.16,132.12
2026-03-06 21:30:00,126.07,125.7,119.67
2026-03-06 21:45:00,114.01,117.04,107.94
2026-03-06 22:00:00,124.66,122.66,115.99
2026-03-06 22:15:00,123.7,127.12,120.82
2026-03-06 22:30:00,121.79,122.15,115.79
2026-03-06 22:45:00,112.33,116.15,106.85
2026-03-06 23:00:00,94.62,100.69,96.92
2026-03-06 23:15:00,102.0,112.0,112.08
2026-03-06 23:30:00,96.16,104.24,104.24
2026-03-06 23:45:00,92.24,97.83,94.56
2026-03-07 00:00:00,113.23,112.44,
2026-03-07 00:15:00,133.32,137.8,
2026-03-07 00:30:00,131.72,133.97,
2026-03-07 00:45:00,129.45,131.84,
2026-03-07 01:00:00,133.91,136.82,
2026-03-07 01:15:00,131.14,131.1,
2026-03-07 01:30:00,124.2,127.99,
2026-03-07 01:45:00,116.09,125.11,
2026-03-07 02:00:00,108.6,113.28,
2026-03-07 02:15:00,103.24,110.88,
2026-03-07 02:30:00,98.99,106.64,
2026-03-07 02:45:00,97.04,103.22,
2026-03-07 03:00:00,103.62,112.84,
2026-03-07 03:15:00,99.94,108.09,
2026-03-07 03:30:00,107.85,115.11,
2026-03-07 03:45:00,109.82,122.84,
2026-03-07 04:00:00,115.13,121.3,
2026-03-07 04:15:00,114.72,122.04,
2026-03-07 04:30:00,114.67,125.13,
2026-03-07 04:45:00,117.1,126.34,
2026-03-07 05:00:00,108.14,118.48,
2026-03-07 05:15:00,113.66,125.16,
2026-03-07 05:30:00,130.12,132.44,
2026-03-07 05:45:00,133.21,132.19,
2026-03-07 06:00:00,127.44,127.12,
2026-03-07 06:15:00,131.9,132.69,
2026-03-07 06:30:00,134.01,133.06,
2026-03-07 06:45:00,103.05,114.69,
2026-03-07 07:00:00,141.6,143.19,
2026-03-07 07:15:00,92.63,101.89,
2026-03-07 07:30:00,65.85,75.85,
2026-03-07 07:45:00,12.77,20.21,
2026-03-07 08:00:00,39.76,45.79,
2026-03-07 08:15:00,8.43,16.1,
2026-03-07 08:30:00,0.0,-5.9,
2026-03-07 08:45:00,-9.53,-11.24,
2026-03-07 09:00:00,-7.81,-6.9,
2026-03-07 09:15:00,-10.1,-11.34,
2026-03-07 09:30:00,-10.4,-14.13,
2026-03-07 09:45:00,-10.65,-14.99,
2026-03-07 10:00:00,-12.66,-14.74,
2026-03-07 10:15:00,-11.6,-15.5,
2026-03-07 10:30:00,-11.73,-16.39,
2026-03-07 10:45:00,-13.85,-19.3,
2026-03-07 11:00:00,-10.72,-18.81,
2026-03-07 11:15:00,-7.79,-13.14,
2026-03-07 11:30:00,-17.47,-20.39,
2026-03-07 11:45:00,-18.65,-18.61,
2026-03-07 12:00:00,-8.12,-19.51,-9.02
2026-03-07 12:15:00,-10.08,-16.45,-10.55
2026-03-07 12:30:00,-10.35,-18.52,-11.33
2026-03-07 12:45:00,-12.28,-20.95,-11.7
2026-03-07 13:00:00,-1.01,-11.01,-6.21
2026-03-07 13:15:00,-10.5,-14.21,-8.2
2026-03-07 13:30:00,-4.0,-13.47,-5.87
2026-03-07 13:45:00,0.0,-11.19,-3.02
2026-03-07 14:00:00,-9.25,-15.23,-9.41
2026-03-07 14:15:00,-7.02,-8.49,-0.09
2026-03-07 14:30:00,-6.11,-6.05,5.0
2026-03-07 14:45:00,-5.43,-0.49,5.0
2026-03-07 15:00:00,8.11,15.94,46.48
2026-03-07 15:15:00,52.49,59.08,71.75
2026-03-07 15:30:00,84.64,94.14,93.41
2026-03-07 15:45:00,91.14,101.03,112.01
2026-03-07 16:00:00,80.65,86.13,91.52
2026-03-07 16:15:00,118.76,119.9,119.5
2026-03-07 16:30:00,139.6,137.6,139.42
2026-03-07 16:45:00,100.79,109.03,141.59
2026-03-07 17:00:00,100.64,97.76,111.81
2026-03-07 17:15:00,109.33,119.75,129.74
2026-03-07 17:30:00,118.99,126.87,152.0
2026-03-07 17:45:00,107.67,108.95,133.09
2026-03-07 18:00:00,114.45,124.08,133.52
2026-03-07 18:15:00,137.53,149.75,157.09
2026-03-07 18:30:00,158.9,163.77,176.83
2026-03-07 18:45:00,161.96,165.43,177.27
2026-03-07 19:00:00,117.44,129.93,129.39
2026-03-07 19:15:00,115.61,128.09,125.92
2026-03-07 19:30:00,115.63,123.87,123.85
2026-03-07 19:45:00,129.25,140.51,146.08
2026-03-07 20:00:00,157.59,161.07,164.21
2026-03-07 20:15:00,147.82,153.0,152.91
2026-03-07 20:30:00,140.37,145.01,144.02
2026-03-07 20:45:00,131.0,135.99,136.86
2026-03-07 21:00:00,121.15,128.53,142.39
2026-03-07 21:15:00,109.35,112.15,119.4
2026-03-07 21:30:00,111.56,113.52,119.63
2026-03-07 21:45:00,104.07,106.41,115.07
2026-03-07 22:00:00,139.0,133.03,138.95
2026-03-07 22:15:00,131.2,126.31,134.0
2026-03-07 22:30:00,127.3,124.64,130.79
2026-03-07 22:45:00,109.54,107.15,123.11
2026-03-07 23:00:00,101.06,100.32,121.75
2026-03-07 23:15:00,94.02,94.62,115.05
2026-03-07 23:30:00,94.0,94.01,94.66
2026-03-07 23:45:00,92.89,94.0,90.25
2026-03-08 00:00:00,98.03,86.56,
2026-03-08 00:15:00,96.51,85.47,
2026-03-08 00:30:00,98.17,94.9,
2026-03-08 00:45:00,99.37,94.9,
2026-03-08 01:00:00,102.35,94.9,
2026-03-08 01:15:00,103.61,94.91,
2026-03-08 01:30:00,104.17,94.91,
2026-03-08 01:45:00,104.56,94.92,
2026-03-08 02:00:00,108.99,99.17,
2026-03-08 02:15:00,107.91,97.91,
2026-03-08 02:30:00,105.69,95.68,
2026-03-08 02:45:00,104.43,94.95,
2026-03-08 03:00:00,129.73,117.2,
2026-03-08 03:15:00,128.0,117.5,
2026-03-08 03:30:00,128.01,117.32,
2026-03-08 03:45:00,127.0,114.51,
2026-03-08 04:00:00,121.78,112.42,
2026-03-08 04:15:00,118.53,109.52,
2026-03-08 04:30:00,116.0,107.53,
2026-03-08 04:45:00,119.46,110.87,
2026-03-08 05:00:00,122.55,112.62,
2026-03-08 05:15:00,123.99,115.41,
2026-03-08 05:30:00,132.08,124.57,
2026-03-08 05:45:00,134.38,126.23,
2026-03-08 06:00:00,129.0,123.91,
2026-03-08 06:15:00,131.04,124.63,
2026-03-08 06:30:00,130.0,121.61,
2026-03-08 06:45:00,126.0,117.63,
2026-03-08 07:00:00,134.27,128.66,
2026-03-08 07:15:00,127.57,121.01,
2026-03-08 07:30:00,88.73,94.9,
2026-03-08 07:45:00,85.56,89.16,
2026-03-08 08:00:00,72.45,121.16,
2026-03-08 08:15:00,-3.06,15.26,
2026-03-08 08:30:00,-11.52,0.0,
2026-03-08 08:45:00,-13.05,0.0,
2026-03-08 09:00:00,-14.22,-13.62,
2026-03-08 09:15:00,-15.0,-13.56,
2026-03-08 09:30:00,-15.0,-10.83,
2026-03-08 09:45:00,-15.0,-10.59,
2026-03-08 10:00:00,-12.39,-10.83,
2026-03-08 10:15:00,-12.65,-11.31,
2026-03-08 10:30:00,-12.96,-11.14,
2026-03-08 10:45:00,-14.2,-13.1,
2026-03-08 11:00:00,-9.84,-10.0,
2026-03-08 11:15:00,-10.0,-13.52,
2026-03-08 11:30:00,-12.0,-15.92,
2026-03-08 11:45:00,-15.11,-10.01,
2026-03-08 12:00:00,-9.46,-8.0,-5.81
2026-03-08 12:15:00,-11.27,-9.89,-1.83
2026-03-08 12:30:00,-10.72,-9.99,-1.82
2026-03-08 12:45:00,-10.74,-9.99,-6.92
2026-03-08 13:00:00,-13.12,-11.93,-6.54
2026-03-08 13:15:00,-11.9,-9.23,-4.0
2026-03-08 13:30:00,-10.29,-10.0,-5.08
2026-03-08 13:45:00,-2.85,-7.4,-2.18
2026-03-08 14:00:00,-11.84,-15.8,-14.97
2026-03-08 14:15:00,-5.86,1.96,-4.35
2026-03-08 14:30:00,-5.0,10.0,5.31
2026-03-08 14:45:00,-0.27,10.0,10.0
2026-03-08 15:00:00,15.83,14.28,4.69
2026-03-08 15:15:00,41.59,37.55,43.56
2026-03-08 15:30:00,73.96,72.49,72.0
2026-03-08 15:45:00,100.57,98.79,94.65
2026-03-08 16:00:00,79.66,75.36,76.01
2026-03-08 16:15:00,91.53,99.95,96.61
2026-03-08 16:30:00,108.82,117.01,115.94
2026-03-08 16:45:00,93.67,100.92,98.9
2026-03-08 17:00:00,116.51,117.59,118.7
2026-03-08 17:15:00,130.99,131.86,132.04
2026-03-08 17:30:00,148.8,142.96,140.74
2026-03-08 17:45:00,163.76,135.86,135.67
2026-03-08 18:00:00,144.66,139.81,142.22
2026-03-08 18:15:00,147.75,142.2,137.35
2026-03-08 18:30:00,149.34,144.24,135.73
2026-03-08 18:45:00,158.25,149.75,139.21
2026-03-08 19:00:00,161.01,151.84,144.9
2026-03-08 19:15:00,151.87,142.75,137.47
2026-03-08 19:30:00,127.23,121.0,119.7
2026-03-08 19:45:00,150.0,141.91,139.88
2026-03-08 20:00:00,150.49,145.57,139.31
2026-03-08 20:15:00,121.72,117.16,110.69
2026-03-08 20:30:00,113.03,122.72,116.97
2026-03-08 20:45:00,98.3,106.75,101.49
2026-03-08 21:00:00,95.12,103.64,103.08
2026-03-08 21:15:00,96.93,105.35,102.88
2026-03-08 21:30:00,92.73,101.79,95.53
2026-03-08 21:45:00,89.42,100.38,91.42
2026-03-08 22:00:00,120.27,112.18,112.17
2026-03-08 22:15:00,117.79,109.73,110.09
2026-03-08 22:30:00,105.97,99.0,98.98
2026-03-08 22:45:00,90.27,93.77,94.51
2026-03-08 23:00:00,89.3,83.3,95.18
2026-03-08 23:15:00,89.67,83.67,98.9
2026-03-08 23:30:00,99.09,98.9,99.24
2026-03-08 23:45:00,90.78,93.21,98.94
2026-03-09 00:00:00,98.6,95.0,
2026-03-09 00:15:00,100.3,95.35,
2026-03-09 00:30:00,99.29,94.53,
2026-03-09 00:45:00,98.72,95.65,
2026-03-09 01:00:00,121.54,122.05,
2026-03-09 01:15:00,118.85,118.19,
2026-03-09 01:30:00,107.86,114.3,
2026-03-09 01:45:00,100.97,110.67,
2026-03-09 02:00:00,100.55,116.94,
2026-03-09 02:15:00,100.31,117.41,
2026-03-09 02:30:00,101.86,116.86,
2026-03-09 02:45:00,101.7,96.32,
2026-03-09 03:00:00,95.13,119.71,
2026-03-09 03:15:00,100.83,97.18,
2026-03-09 03:30:00,100.52,95.52,
2026-03-09 03:45:00,100.64,95.38,
2026-03-09 04:00:00,100.11,94.0,
2026-03-09 04:15:00,101.67,94.96,
2026-03-09 04:30:00,100.97,93.75,
2026-03-09 04:45:00,105.91,94.84,
2026-03-09 05:00:00,93.29,93.35,
2026-03-09 05:15:00,95.11,90.09,
2026-03-09 05:30:00,93.85,94.83,
2026-03-09 05:45:00,103.15,79.72,
2026-03-09 06:00:00,125.62,86.55,
2026-03-09 06:15:00,146.5,148.56,
2026-03-09 06:30:00,159.98,151.78,
2026-03-09 06:45:00,172.89,152.7,
2026-03-09 07:00:00,92.58,96.91,
2026-03-09 07:15:00,92.67,95.8,
2026-03-09 07:30:00,64.24,94.86,
2026-03-09 07:45:00,-7.67,87.21,
2026-03-09 08:00:00,-3.99,-3.14,
2026-03-09 08:15:00,-14.99,-8.13,
2026-03-09 08:30:00,-13.08,-8.76,
2026-03-09 08:45:00,-15.0,-10.66,
2026-03-09 09:00:00,-3.53,60.0,
2026-03-09 09:15:00,-9.81,0.1,
2026-03-09 09:30:00,-9.86,0.1,
2026-03-09 09:45:00,-10.0,-2.08,
2026-03-09 10:00:00,-6.87,-3.18,
2026-03-09 10:15:00,-7.21,-2.87,
2026-03-09 10:30:00,-8.07,-5.0,
2026-03-09 10:45:00,-12.04,-9.26,
2026-03-09 11:00:00,-10.0,-12.08,
2026-03-09 11:15:00,-12.68,0.0,
2026-03-09 11:30:00,-13.51,0.0,
2026-03-09 11:45:00,-14.16,0.0,
2026-03-09 12:00:00,-14.59,-1.0,-11.71
2026-03-09 12:15:00,-14.43,0.0,-11.87
2026-03-09 12:30:00,-14.16,0.0,-10.55
2026-03-09 12:45:00,-13.44,0.0,-10.01
2026-03-09 13:00:00,-13.93,0.0,-13.97
2026-03-09 13:15:00,-13.2,0.0,-12.49
2026-03-09 13:30:00,-10.45,-8.16,-17.3
2026-03-09 13:45:00,-6.92,-5.9,-15.3
2026-03-09 14:00:00,-10.0,0.0,-9.22
2026-03-09 14:15:00,-10.0,0.0,-7.25
2026-03-09 14:30:00,-7.38,0.1,-7.13
2026-03-09 14:45:00,-6.83,-1.0,0.0
2026-03-09 15:00:00,-14.76,-8.39,0.0
2026-03-09 15:15:00,-10.0,-1.0,10.0
2026-03-09 15:30:00,-14.37,-0.99,10.01
2026-03-09 15:45:00,68.88,67.0,68.0
2026-03-09 16:00:00,-0.59,-0.98,2.02
2026-03-09 16:15:00,64.75,59.0,62.0
2026-03-09 16:30:00,92.92,81.05,88.94
2026-03-09 16:45:00,90.81,80.69,82.99
2026-03-09 17:00:00,108.64,103.25,106.89
2026-03-09 17:15:00,160.14,156.87,157.03
2026-03-09 17:30:00,110.0,107.94,106.43
2026-03-09 17:45:00,118.28,121.28,119.28
2026-03-09 18:00:00,133.88,124.35,136.06
2026-03-09 18:15:00,234.72,223.58,225.4
2026-03-09 18:30:00,251.15,241.44,244.22
2026-03-09 18:45:00,250.4,242.76,249.48
2026-03-09 19:00:00,246.64,243.16,235.3
2026-03-09 19:15:00,216.67,214.0,212.02
2026-03-09 19:30:00,212.77,210.27,207.77
2026-03-09 19:45:00,178.4,175.12,187.33
2026-03-09 20:00:00,125.3,120.1,114.63
2026-03-09 20:15:00,194.28,190.98,186.04
2026-03-09 20:30:00,130.4,126.98,119.4
2026-03-09 20:45:00,130.4,125.96,120.12
2026-03-09 21:00:00,119.18,113.96,106.43
2026-03-09 21:15:00,113.97,108.94,101.39
2026-03-09 21:30:00,104.56,99.71,91.94
2026-03-09 21:45:00,92.35,85.57,74.7
2026-03-09 22:00:00,153.71,151.94,157.71
2026-03-09 22:15:00,149.3,145.83,138.47
2026-03-09 22:30:00,153.33,150.9,145.15
2026-03-09 22:45:00,135.48,140.65,130.35
2026-03-09 23:00:00,122.37,119.54,115.78
2026-03-09 23:15:00,109.0,113.2,101.8
2026-03-09 23:30:00,102.75,98.88,92.14
2026-03-09 23:45:00,93.74,89.6,83.0
2026-03-10 00:00:00,84.68,91.29,
2026-03-10 00:15:00,84.68,90.83,
2026-03-10 00:30:00,84.93,89.87,
2026-03-10 00:45:00,85.12,90.37,
2026-03-10 01:00:00,85.27,89.23,
2026-03-10 01:15:00,89.09,95.09,
2026-03-10 01:30:00,88.17,94.22,
2026-03-10 01:45:00,87.3,93.09,
2026-03-10 02:00:00,85.78,93.32,
2026-03-10 02:15:00,85.7,94.07,
2026-03-10 02:30:00,85.62,94.08,
2026-03-10 02:45:00,85.64,93.9,
2026-03-10 03:00:00,85.15,90.94,
2026-03-10 03:15:00,83.89,92.13,
2026-03-10 03:30:00,84.24,92.21,
2026-03-10 03:45:00,84.97,92.83,
2026-03-10 04:00:00,84.24,91.07,
2026-03-10 04:15:00,84.41,91.08,
2026-03-10 04:30:00,84.61,91.46,
2026-03-10 04:45:00,86.84,95.36,
2026-03-10 05:00:00,92.94,95.92,
2026-03-10 05:15:00,90.05,92.64,
2026-03-10 05:30:00,87.63,90.05,
2026-03-10 05:45:00,89.92,91.67,
2026-03-10 06:00:00,94.61,103.59,
2026-03-10 06:15:00,93.44,99.22,
2026-03-10 06:30:00,94.47,98.82,
2026-03-10 06:45:00,89.0,93.89,
2026-03-10 07:00:00,82.9,82.97,
2026-03-10 07:15:00,41.11,51.11,
2026-03-10 07:30:00,1.02,5.0,
2026-03-10 07:45:00,0.01,0.1,
2026-03-10 08:00:00,81.42,54.05,
2026-03-10 08:15:00,-4.98,-10.62,
2026-03-10 08:30:00,-14.9,-20.2,
2026-03-10 08:45:00,-10.07,-18.28,
2026-03-10 09:00:00,-1.89,-1.76,
2026-03-10 09:15:00,-5.0,-3.09,
2026-03-10 09:30:00,-5.25,-3.08,
2026-03-10 09:45:00,-5.61,-1.05,
2026-03-10 10:00:00,-8.16,-2.89,
2026-03-10 10:15:00,-8.46,-1.97,
2026-03-10 10:30:00,-8.62,-3.62,
2026-03-10 10:45:00,-8.72,-2.85,
2026-03-10 11:00:00,-7.0,-2.02,
2026-03-10 11:15:00,-7.25,-2.74,
2026-03-10 11:30:00,-8.2,-5.06,
2026-03-10 11:45:00,-8.11,-6.54,
2026-03-10 12:00:00,-4.26,-5.87,-10.0
2026-03-10 12:15:00,-2.0,-5.07,-9.6
2026-03-10 12:30:00,-0.53,-5.0,-9.5
2026-03-10 12:45:00,-0.22,-5.0,-18.37
2026-03-10 13:00:00,0.0,-4.4,-10.0
2026-03-10 13:15:00,0.0,-4.47,-9.0
2026-03-10 13:30:00,0.0,-4.51,-9.1
2026-03-10 13:45:00,0.0,-4.38,-4.99
2026-03-10 14:00:00,-6.63,-14.98,-25.24
2026-03-10 14:15:00,-8.66,-17.14,-20.39
2026-03-10 14:30:00,-5.0,-11.99,-15.79
2026-03-10 14:45:00,0.01,-8.99,-13.09
2026-03-10 15:00:00,-10.7,-20.1,-8.85
2026-03-10 15:15:00,3.75,-10.12,10.01
2026-03-10 15:30:00,28.36,41.39,43.0
2026-03-10 15:45:00,87.57,90.6,94.49
2026-03-10 16:00:00,87.31,84.74,89.82
2026-03-10 16:15:00,87.51,87.81,91.86
2026-03-10 16:30:00,102.6,101.59,101.63
2026-03-10 16:45:00,198.87,190.29,191.44
2026-03-10 17:00:00,102.65,102.4,88.81
2026-03-10 17:15:00,177.28,175.32,164.91
2026-03-10 17:30:00,214.54,201.57,202.21
2026-03-10 17:45:00,250.86,237.91,238.89
2026-03-10 18:00:00,164.07,173.52,154.46
2026-03-10 18:15:00,197.15,190.0,181.98
2026-03-10 18:30:00,242.61,241.49,227.42
2026-03-10 18:45:00,249.84,240.05,236.13
2026-03-10 19:00:00,207.41,199.64,201.81
2026-03-10 19:15:00,194.02,190.4,189.39
2026-03-10 19:30:00,190.01,187.35,180.22
2026-03-10 19:45:00,174.75,175.58,164.4
2026-03-10 20:00:00,218.08,225.59,210.53
2026-03-10 20:15:00,187.38,217.89,193.88
2026-03-10 20:30:00,139.08,126.36,154.63
2026-03-10 20:45:00,109.49,96.84,131.19
2026-03-10 21:00:00,176.89,176.05,167.81
2026-03-10 21:15:00,172.12,174.02,162.25
2026-03-10 21:30:00,149.14,121.2,133.52
2026-03-10 21:45:00,120.25,66.86,101.58
2026-03-10 22:00:00,147.8,143.32,153.45
2026-03-10 22:15:00,139.43,134.22,143.93
2026-03-10 22:30:00,125.14,124.77,131.39
2026-03-10 22:45:00,107.41,107.98,107.28
2026-03-10 23:00:00,133.29,119.75,129.66
2026-03-10 23:15:00,107.32,97.45,105.99
2026-03-10 23:30:00,96.79,91.91,99.87
2026-03-10 23:45:00,72.6,70.81,79.05
2026-03-11 00:00:00,93.94,88.37,
2026-03-11 00:15:00,100.26,97.78,
2026-03-11 00:30:00,103.97,98.72,
2026-03-11 00:45:00,84.0,85.23,
2026-03-11 01:00:00,99.08,98.35,
2026-03-11 01:15:00,104.21,88.79,
2026-03-11 01:30:00,82.39,77.1,
2026-03-11 01:45:00,74.22,64.94,
2026-03-11 02:00:00,84.65,83.96,
2026-03-11 02:15:00,84.32,85.4,
2026-03-11 02:30:00,78.36,78.44,
2026-03-11 02:45:00,78.69,90.65,
2026-03-11 03:00:00,86.57,94.82,
2026-03-11 03:15:00,82.38,94.32,
2026-03-11 03:30:00,81.74,90.59,
2026-03-11 03:45:00,87.81,95.75,
2026-03-11 04:00:00,86.08,95.82,
2026-03-11 04:15:00,86.83,95.79,
2026-03-11 04:30:00,88.8,95.76,
2026-03-11 04:45:00,104.37,108.27,
2026-03-11 05:00:00,93.72,96.72,
2026-03-11 05:15:00,110.36,109.1,
2026-03-11 05:30:00,127.07,122.07,
2026-03-11 05:45:00,165.42,149.37,
2026-03-11 06:00:00,141.55,147.94,
2026-03-11 06:15:00,172.31,166.51,
2026-03-11 06:30:00,139.52,148.52,
2026-03-11 06:45:00,89.27,101.1,
2026-03-11 07:00:00,95.36,95.36,
2026-03-11 07:15:00,92.65,99.65,
2026-03-11 07:30:00,84.53,76.85,
2026-03-11 07:45:00,12.78,22.78,
2026-03-11 08:00:00,51.04,57.1,
2026-03-11 08:15:00,9.43,18.43,
2026-03-11 08:30:00,0.02,10.02,
2026-03-11 08:45:00,-2.3,-5.65,
2026-03-11 09:00:00,6.71,45.2,
2026-03-11 09:15:00,-1.01,1.76,
2026-03-11 09:30:00,-6.87,0.01,
2026-03-11 09:45:00,-5.0,5.82,
2026-03-11 10:00:00,0.0,7.88,
2026-03-11 10:15:00,-2.0,5.69,
2026-03-11 10:30:00,-4.84,3.0,
2026-03-11 10:45:00,-5.0,0.01,
2026-03-11 11:00:00,-5.0,2.19,
2026-03-11 11:15:00,-5.0,3.0,
2026-03-11 11:30:00,-5.12,2.08,
2026-03-11 11:45:00,-5.0,0.07,
2026-03-11 12:00:00,-6.99,0.0,-6.98
2026-03-11 12:15:00,-6.86,2.31,-7.31
2026-03-11 12:30:00,-6.71,3.0,-5.71
2026-03-11 12:45:00,-6.73,3.0,0.0
2026-03-11 13:00:00,-5.0,5.67,0.0
2026-03-11 13:15:00,-5.0,6.84,0.0
2026-03-11 13:30:00,-2.0,9.38,6.7
2026-03-11 13:45:00,-2.5,10.17,6.7
2026-03-11 14:00:00,-0.45,3.01,10.01
2026-03-11 14:15:00,5.62,9.87,17.94
2026-03-11 14:30:00,13.17,34.96,42.25
2026-03-11 14:45:00,16.28,31.71,43.31
2026-03-11 15:00:00,14.34,25.34,25.34
2026-03-11 15:15:00,74.81,85.56,77.36
2026-03-11 15:30:00,92.0,90.42,87.82
2026-03-11 15:45:00,108.31,113.32,109.97
2026-03-11 16:00:00,89.31,82.05,85.64
2026-03-11 16:15:00,99.57,99.1,99.08
2026-03-11 16:30:00,158.0,172.22,169.83
2026-03-11 16:45:00,223.99,238.6,220.0
2026-03-11 17:00:00,98.86,113.16,114.91
2026-03-11 17:15:00,133.49,143.42,141.62
2026-03-11 17:30:00,170.24,171.42,174.17
2026-03-11 17:45:00,214.72,214.17,209.72
2026-03-11 18:00:00,177.12,177.64,180.57
2026-03-11 18:15:00,201.04,205.94,210.22
2026-03-11 18:30:00,240.23,251.11,241.65
2026-03-11 18:45:00,240.49,245.57,247.55
2026-03-11 19:00:00,228.35,227.96,228.69
2026-03-11 19:15:00,216.7,213.2,213.29
2026-03-11 19:30:00,243.25,238.25,235.77
2026-03-11 19:45:00,198.33,199.03,202.26
2026-03-11 20:00:00,224.34,221.39,225.18
2026-03-11 20:15:00,227.58,226.08,222.58
2026-03-11 20:30:00,210.47,211.15,213.27
2026-03-11 20:45:00,191.11,195.11,199.8
2026-03-11 21:00:00,181.54,186.54,188.06
2026-03-11 21:15:00,184.22,193.22,197.8
2026-03-11 21:30:00,155.08,165.08,166.08
2026-03-11 21:45:00,134.9,143.9,141.0
2026-03-11 22:00:00,147.84,144.27,143.0
2026-03-11 22:15:00,143.3,145.3,141.24
2026-03-11 22:30:00,138.06,139.45,135.5
2026-03-11 22:45:00,133.0,125.91,132.83
2026-03-11 23:00:00,138.46,148.46,134.06
2026-03-11 23:15:00,115.49,121.94,110.13
2026-03-11 23:30:00,111.98,114.08,107.33
2026-03-11 23:45:00,102.36,105.56,100.15
2026-03-12 00:00:00,116.0,116.86,
2026-03-12 00:15:00,126.57,121.66,
2026-03-12 00:30:00,127.14,122.06,
2026-03-12 00:45:00,115.95,114.36,
2026-03-12 01:00:00,127.09,121.84,
2026-03-12 01:15:00,116.99,114.28,
2026-03-12 01:30:00,117.97,112.34,
2026-03-12 01:45:00,125.68,116.46,
2026-03-12 02:00:00,121.93,123.1,
2026-03-12 02:15:00,115.08,118.6,
2026-03-12 02:30:00,112.32,113.69,
2026-03-12 02:45:00,111.01,110.01,
2026-03-12 03:00:00,117.41,120.99,
2026-03-12 03:15:00,110.7,111.74,
2026-03-12 03:30:00,111.89,116.02,
2026-03-12 03:45:00,113.59,115.11,
2026-03-12 04:00:00,110.93,107.09,
2026-03-12 04:15:00,120.61,117.58,
2026-03-12 04:30:00,127.07,124.1,
2026-03-12 04:45:00,135.08,132.43,
2026-03-12 05:00:00,137.47,135.5,
2026-03-12 05:15:00,129.09,134.98,
2026-03-12 05:30:00,135.77,131.12,
2026-03-12 05:45:00,149.11,161.68,
2026-03-12 06:00:00,158.55,166.03,
2026-03-12 06:15:00,169.45,179.67,
2026-03-12 06:30:00,149.82,158.98,
2026-03-12 06:45:00,100.19,103.34,
2026-03-12 07:00:00,172.55,165.24,
2026-03-12 07:15:00,150.9,144.19,
2026-03-12 07:30:00,147.53,153.03,
2026-03-12 07:45:00,119.63,113.51,
2026-03-12 08:00:00,144.34,135.67,
2026-03-12 08:15:00,109.6,118.53,
2026-03-12 08:30:00,92.23,101.1,
2026-03-12 08:45:00,7.0,10.02,
2026-03-12 09:00:00,90.12,96.56,
2026-03-12 09:15:00,9.0,15.0,
2026-03-12 09:30:00,0.0,8.9,
2026-03-12 09:45:00,-0.99,6.96,
2026-03-12 10:00:00,-2.99,0.01,
2026-03-12 10:15:00,-7.57,-4.99,
2026-03-12 10:30:00,-8.79,-5.0,
2026-03-12 10:45:00,-9.65,-5.52,
2026-03-12 11:00:00,-8.06,-5.0,
2026-03-12 11:15:00,-7.39,0.0,
2026-03-12 11:30:00,-5.07,0.0,
2026-03-12 11:45:00,-5.0,-0.1,
2026-03-12 12:00:00,-5.0,-2.69,-29.99
2026-03-12 12:15:00,-5.0,0.0,-29.99
2026-03-12 12:30:00,-5.0,0.0,-15.0
2026-03-12 12:45:00,-2.0,0.53,0.0
2026-03-12 13:00:00,-1.99,-2.99,-7.69
2026-03-12 13:15:00,1.22,3.32,8.35
2026-03-12 13:30:00,7.0,7.14,74.83
2026-03-12 13:45:00,12.21,13.44,74.49
2026-03-12 14:00:00,7.0,-4.9,-2.9
2026-03-12 14:15:00,6.1,-0.8,12.73
2026-03-12 14:30:00,10.73,4.59,11.27
2026-03-12 14:45:00,90.0,79.0,107.09
2026-03-12 15:00:00,9.86,11.01,0.91
2026-03-12 15:15:00,93.74,95.3,91.28
2026-03-12 15:30:00,112.31,114.6,105.8
2026-03-12 15:45:00,123.08,120.06,113.98
2026-03-12 16:00:00,92.14,91.21,89.21
2026-03-12 16:15:00,133.23,134.56,123.19
2026-03-12 16:30:00,156.85,174.88,154.95
2026-03-12 16:45:00,188.59,212.99,218.93
2026-03-12 17:00:00,107.5,125.72,164.27
2026-03-12 17:15:00,139.69,164.97,174.37
2026-03-12 17:30:00,179.64,184.65,194.65
2026-03-12 17:45:00,215.99,205.5,266.91
2026-03-12 18:00:00,162.49,168.53,197.14
2026-03-12 18:15:00,193.78,203.78,232.26
2026-03-12 18:30:00,203.97,212.97,242.32
2026-03-12 18:45:00,203.36,213.87,241.18
2026-03-12 19:00:00,211.34,207.53,234.67
2026-03-12 19:15:00,208.64,205.56,192.94
2026-03-12 19:30:00,207.22,205.02,192.19
2026-03-12 19:45:00,257.52,245.21,243.52
2026-03-12 20:00:00,239.25,229.25,228.25
2026-03-12 20:15:00,242.97,234.42,236.32
2026-03-12 20:30:00,234.91,228.41,234.91
2026-03-12 20:45:00,229.34,212.84,223.38
2026-03-12 21:00:00,210.4,211.45,229.04
2026-03-12 21:15:00,215.83,185.04,196.8
2026-03-12 21:30:00,134.59,129.09,109.6
2026-03-12 21:45:00,120.61,121.16,65.31
2026-03-12 22:00:00,166.04,165.78,156.04
2026-03-12 22:15:00,155.6,164.26,146.78
2026-03-12 22:30:00,128.02,130.52,122.94
2026-03-12 22:45:00,114.61,118.84,111.84
2026-03-12 23:00:00,147.85,155.78,143.41
2026-03-12 23:15:00,121.0,126.53,130.38
2026-03-12 23:30:00,124.72,127.12,117.14
2026-03-12 23:45:00,108.81,99.98,97.97
2026-03-13 00:00:00,104.05,120.01,
2026-03-13 00:15:00,112.95,111.53,
2026-03-13 00:30:00,99.14,93.15,
2026-03-13 00:45:00,94.99,89.69,
2026-03-13 01:00:00,103.56,101.91,
2026-03-13 01:15:00,95.24,94.76,
2026-03-13 01:30:00,92.93,91.29,
2026-03-13 01:45:00,87.09,87.76,
2026-03-13 02:00:00,90.88,92.74,
2026-03-13 02:15:00,95.0,97.01,
2026-03-13 02:30:00,93.05,95.91,
2026-03-13 02:45:00,90.0,93.51,
2026-03-13 03:00:00,93.0,98.66,
2026-03-13 03:15:00,89.29,94.56,
2026-03-13 03:30:00,91.0,93.49,
2026-03-13 03:45:00,89.46,93.1,
2026-03-13 04:00:00,100.99,100.2,
2026-03-13 04:15:00,91.97,93.99,
2026-03-13 04:30:00,94.17,89.11,
2026-03-13 04:45:00,118.01,115.72,
2026-03-13 05:00:00,97.13,99.97,
2026-03-13 05:15:00,107.99,106.32,
2026-03-13 05:30:00,131.89,131.98,
2026-03-13 05:45:00,146.46,143.16,
2026-03-13 06:00:00,144.54,139.54,
2026-03-13 06:15:00,140.32,149.12,
2026-03-13 06:30:00,142.08,144.75,
2026-03-13 06:45:00,108.87,113.39,
2026-03-13 07:00:00,148.64,151.68,
2026-03-13 07:15:00,144.67,146.14,
2026-03-13 07:30:00,130.92,134.53,
2026-03-13 07:45:00,54.58,57.65,
2026-03-13 08:00:00,69.67,78.53,
2026-03-13 08:15:00,15.98,17.95,
2026-03-13 08:30:00,-24.16,-24.5,
2026-03-13 08:45:00,-24.3,-24.49,
2026-03-13 09:00:00,-6.06,-6.45,
2026-03-13 09:15:00,-17.64,-19.84,
2026-03-13 09:30:00,-17.59,-19.85,
2026-03-13 09:45:00,-17.68,-19.84,
2026-03-13 10:00:00,0.0,-5.0,
2026-03-13 10:15:00,0.0,-5.0,
2026-03-13 10:30:00,-0.07,-5.0,
2026-03-13 10:45:00,-1.0,-5.0,
2026-03-13 11:00:00,-2.1,-5.1,
2026-03-13 11:15:00,-3.17,-5.1,
2026-03-13 11:30:00,-3.33,-5.1,
2026-03-13 11:45:00,-3.3,-5.1,
2026-03-13 12:00:00,-1.0,-1.0,0.0
2026-03-13 12:15:00,-1.0,-1.0,-1.91
2026-03-13 12:30:00,0.0,-5.0,0.0
2026-03-13 12:45:00,0.0,-5.0,0.13
2026-03-13 13:00:00,-17.26,-16.75,-16.66
2026-03-13 13:15:00,-17.27,-16.64,-16.79
2026-03-13 13:30:00,-17.44,-16.67,-17.88
2026-03-13 13:45:00,-15.29,-13.94,-15.73
2026-03-13 14:00:00,-12.64,-10.83,-11.59
2026-03-13 14:15:00,-9.31,-9.16,-12.13
2026-03-13 14:30:00,-4.5,-4.89,-10.22
2026-03-13 14:45:00,0.82,3.45,-1.6
2026-03-13 15:00:00,-7.53,-10.68,-7.01
2026-03-13 15:15:00,9.75,8.98,5.59
2026-03-13 15:30:00,72.04,66.8,60.49
2026-03-13 15:45:00,133.24,128.16,118.0
2026-03-13 16:00:00,35.92,34.99,30.61
2026-03-13 16:15:00,76.3,78.79,71.09
2026-03-13 16:30:00,90.63,89.76,89.03
2026-03-13 16:45:00,92.02,95.72,95.0
2026-03-13 17:00:00,98.68,97.68,89.62
2026-03-13 17:15:00,100.73,98.7,91.01
2026-03-13 17:30:00,104.92,103.41,99.03
2026-03-13 17:45:00,206.44,202.79,185.96
2026-03-13 18:00:00,150.6,144.68,120.68
2026-03-13 18:15:00,138.76,128.79,116.39
2026-03-13 18:30:00,174.87,168.5,146.43
2026-03-13 18:45:00,190.27,183.5,174.5
2026-03-13 19:00:00,161.33,157.28,134.34
2026-03-13 19:15:00,134.4,129.4,115.54
2026-03-13 19:30:00,158.13,153.45,95.35
2026-03-13 19:45:00,126.85,121.85,114.77
2026-03-13 20:00:00,160.16,153.09,144.09
2026-03-13 20:15:00,146.94,141.58,127.02
2026-03-13 20:30:00,139.11,131.21,121.96
2026-03-13 20:45:00,127.38,122.38,112.93
2026-03-13 21:00:00,141.61,139.7,134.7
2026-03-13 21:15:00,131.32,128.39,119.39
2026-03-13 21:30:00,119.52,117.39,109.04
2026-03-13 21:45:00,111.92,109.99,104.91
2026-03-13 22:00:00,126.72,122.71,114.74
2026-03-13 22:15:00,116.01,117.33,88.71
2026-03-13 22:30:00,116.54,114.5,77.83
2026-03-13 22:45:00,108.9,107.29,71.47
2026-03-13 23:00:00,124.75,124.69,63.7
2026-03-13 23:15:00,107.12,110.04,71.64
2026-03-13 23:30:00,106.52,110.6,73.0
2026-03-13 23:45:00,94.45,98.28,79.26
2026-03-14 00:00:00,121.72,130.95,
2026-03-14 00:15:00,118.8,122.95,
2026-03-14 00:30:00,103.3,110.84,
2026-03-14 00:45:00,96.7,106.34,
2026-03-14 01:00:00,114.74,120.61,
2026-03-14 01:15:00,110.01,114.73,
2026-03-14 01:30:00,107.32,112.3,
2026-03-14 01:45:00,103.2,111.01,
2026-03-14 02:00:00,108.85,112.93,
2026-03-14 02:15:00,105.16,108.41,
2026-03-14 02:30:00,102.99,107.55,
2026-03-14 02:45:00,100.0,109.05,
2026-03-14 03:00:00,104.33,99.89,
2026-03-14 03:15:00,106.39,103.61,
2026-03-14 03:30:00,107.05,104.01,
2026-03-14 03:45:00,107.2,101.96,
2026-03-14 04:00:00,105.71,104.61,
2026-03-14 04:15:00,105.73,106.06,
2026-03-14 04:30:00,106.89,108.77,
2026-03-14 04:45:00,109.43,111.02,
2026-03-14 05:00:00,104.45,110.72,
2026-03-14 05:15:00,105.99,113.39,
2026-03-14 05:30:00,109.53,115.8,
2026-03-14 05:45:00,114.01,118.6,
2026-03-14 06:00:00,111.0,102.02,
2026-03-14 06:15:00,111.0,106.0,
2026-03-14 06:30:00,110.52,103.61,
2026-03-14 06:45:00,106.99,108.38,
2026-03-14 07:00:00,123.02,117.39,
2026-03-14 07:15:00,115.92,111.28,
2026-03-14 07:30:00,88.31,84.12,
2026-03-14 07:45:00,3.64,11.0,
2026-03-14 08:00:00,13.22,40.0,
2026-03-14 08:15:00,0.0,22.25,
2026-03-14 08:30:00,-5.0,4.0,
2026-03-14 08:45:00,-5.0,0.0,
2026-03-14 09:00:00,0.0,6.0,
2026-03-14 09:15:00,-1.08,0.1,
2026-03-14 09:30:00,-1.52,0.1,
2026-03-14 09:45:00,-1.77,0.0,
2026-03-14 10:00:00,-1.7,0.0,
2026-03-14 10:15:00,-7.96,-5.15,
2026-03-14 10:30:00,-14.0,-14.36,
2026-03-14 10:45:00,-16.84,-15.01,
2026-03-14 11:00:00,-11.0,-11.89,
2026-03-14 11:15:00,-11.15,-14.68,
2026-03-14 11:30:00,-13.13,-15.0,
2026-03-14 11:45:00,-14.5,-15.01,
2026-03-14 12:00:00,-11.32,-15.99,-1.92
2026-03-14 12:15:00,-13.14,-19.88,-1.92
2026-03-14 12:30:00,-15.01,-17.49,-2.99
2026-03-14 12:45:00,-13.01,-20.66,-2.66
2026-03-14 13:00:00,-17.57,-17.33,-7.6
2026-03-14 13:15:00,-14.0,-12.0,-5.0
2026-03-14 13:30:00,-10.01,-6.1,-2.55
2026-03-14 13:45:00,-6.45,-4.05,-1.2
2026-03-14 14:00:00,-17.1,-7.96,-7.5
2026-03-14 14:15:00,-2.11,0.0,-0.39
2026-03-14 14:30:00,0.0,0.0,-0.01
2026-03-14 14:45:00,8.78,8.93,0.0
2026-03-14 15:00:00,-9.93,-5.21,-9.52
2026-03-14 15:15:00,0.49,13.41,6.95
2026-03-14 15:30:00,53.13,67.3,56.04
2026-03-14 15:45:00,120.03,126.03,100.33
2026-03-14 16:00:00,64.96,71.58,58.67
2026-03-14 16:15:00,121.31,120.86,105.94
2026-03-14 16:30:00,134.0,132.21,117.83
2026-03-14 16:45:00,154.29,138.58,137.6
2026-03-14 17:00:00,116.92,123.28,113.88
2026-03-14 17:15:00,130.55,143.99,134.81
2026-03-14 17:30:00,147.5,143.82,139.12
2026-03-14 17:45:00,163.45,157.61,150.15
2026-03-14 18:00:00,141.0,138.35,123.0
2026-03-14 18:15:00,148.41,146.73,135.21
2026-03-14 18:30:00,168.43,162.43,155.56
2026-03-14 18:45:00,179.19,173.19,166.43
2026-03-14 19:00:00,183.47,177.47,172.47
2026-03-14 19:15:00,175.07,169.07,161.34
2026-03-14 19:30:00,164.52,158.52,149.92
2026-03-14 19:45:00,153.01,152.01,143.07
2026-03-14 20:00:00,165.54,159.54,156.4
2026-03-14 20:15:00,148.67,145.62,139.19
2026-03-14 20:30:00,136.95,139.97,122.97
2026-03-14 20:45:00,133.21,135.78,118.47
2026-03-14 21:00:00,135.59,142.54,131.17
2026-03-14 21:15:00,134.1,137.09,116.54
2026-03-14 21:30:00,134.99,132.06,124.82
2026-03-14 21:45:00,130.5,136.3,118.87
2026-03-14 22:00:00,136.93,141.43,134.94
2026-03-14 22:15:00,129.5,134.19,133.09
2026-03-14 22:30:00,136.55,139.46,130.03
2026-03-14 22:45:00,124.62,126.92,114.42
2026-03-14 23:00:00,139.11,140.44,133.62
2026-03-14 23:15:00,129.82,134.06,128.82
2026-03-14 23:30:00,128.35,131.38,126.76
2026-03-14 23:45:00,117.4,121.64,116.99
2026-03-15 00:00:00,131.06,130.74,
2026-03-15 00:15:00,134.0,131.94,
2026-03-15 00:30:00,128.0,124.17,
2026-03-15 00:45:00,119.99,116.58,
2026-03-15 01:00:00,127.6,131.84,
2026-03-15 01:15:00,135.78,126.87,
2026-03-15 01:30:00,133.14,123.7,
2026-03-15 01:45:00,130.35,117.16,
2026-03-15 02:00:00,114.01,111.97,
2026-03-15 02:15:00,111.16,92.28,
2026-03-15 02:30:00,103.46,90.46,
2026-03-15 02:45:00,100.98,89.04,
2026-03-15 03:00:00,106.72,90.72,
2026-03-15 03:15:00,127.43,119.65,
2026-03-15 03:30:00,129.32,121.93,
2026-03-15 03:45:00,131.67,122.6,
2026-03-15 04:00:00,128.51,117.75,
2026-03-15 04:15:00,126.41,118.71,
2026-03-15 04:30:00,128.83,120.79,
2026-03-15 04:45:00,129.49,124.96,
2026-03-15 05:00:00,128.42,117.31,
2026-03-15 05:15:00,129.43,119.4,
2026-03-15 05:30:00,133.0,123.99,
2026-03-15 05:45:00,135.27,126.98,
2026-03-15 06:00:00,113.1,113.13,
2026-03-15 06:15:00,96.89,94.75,
2026-03-15 06:30:00,108.33,112.33,
2026-03-15 06:45:00,106.85,112.15,
2026-03-15 07:00:00,137.05,126.46,
2026-03-15 07:15:00,100.48,109.07,
2026-03-15 07:30:00,83.31,106.2,
2026-03-15 07:45:00,0.0,27.15,
2026-03-15 08:00:00,-4.99,1.01,
2026-03-15 08:15:00,-12.94,-5.0,
2026-03-15 08:30:00,-12.57,-10.59,
2026-03-15 08:45:00,-15.5,-14.37,
2026-03-15 09:00:00,-5.01,-19.36,
2026-03-15 09:15:00,-5.1,-21.83,
2026-03-15 09:30:00,-5.1,-20.18,
2026-03-15 09:45:00,-10.09,-17.73,
2026-03-15 10:00:00,-10.12,-11.09,
2026-03-15 10:15:00,-10.99,-11.31,
2026-03-15 10:30:00,-10.99,-11.0,
2026-03-15 10:45:00,-10.99,-9.65,
2026-03-15 11:00:00,-10.16,-14.22,
2026-03-15 11:15:00,-10.99,-17.4,
2026-03-15 11:30:00,-10.99,-17.73,
2026-03-15 11:45:00,-10.99,-19.38,
2026-03-15 12:00:00,-10.98,-9.65,-0.97
2026-03-15 12:15:00,-10.12,-13.44,-0.09
2026-03-15 12:30:00,-10.09,-15.85,-0.09
2026-03-15 12:45:00,-10.09,-14.95,-3.0
2026-03-15 13:00:00,-10.09,-14.51,-0.04
2026-03-15 13:15:00,-10.09,-12.3,-0.02
2026-03-15 13:30:00,-10.0,-9.72,0.0
2026-03-15 13:45:00,-10.0,-5.3,-3.66
2026-03-15 14:00:00,-14.99,-12.72,-12.85
2026-03-15 14:15:00,-14.25,-5.0,-7.26
2026-03-15 14:30:00,-10.9,-5.0,-7.0
2026-03-15 14:45:00,-7.09,0.43,-6.03
2026-03-15 15:00:00,-15.44,-9.52,-13.13
2026-03-15 15:15:00,-8.05,14.52,0.55
2026-03-15 15:30:00,14.24,23.13,61.04
2026-03-15 15:45:00,85.69,74.31,78.72
2026-03-15 16:00:00,50.64,53.47,51.91
2026-03-15 16:15:00,87.88,72.99,82.88
2026-03-15 16:30:00,103.68,88.35,82.22
2026-03-15 16:45:00,134.0,105.19,112.76
2026-03-15 17:00:00,102.18,86.71,85.31
2026-03-15 17:15:00,121.17,111.02,102.3
2026-03-15 17:30:00,124.13,126.97,125.82
2026-03-15 17:45:00,158.04,149.45,138.78
2026-03-15 18:00:00,143.73,143.25,137.83
2026-03-15 18:15:00,149.24,136.62,132.79
2026-03-15 18:30:00,154.33,145.93,141.93
2026-03-15 18:45:00,156.62,147.21,143.21
2026-03-15 19:00:00,153.45,147.6,148.76
2026-03-15 19:15:00,146.49,144.45,143.92
2026-03-15 19:30:00,145.87,149.42,143.38
2026-03-15 19:45:00,134.57,144.07,140.16
2026-03-15 20:00:00,148.14,155.29,148.29
2026-03-15 20:15:00,148.54,171.35,154.76
2026-03-15 20:30:00,144.72,172.2,144.85
2026-03-15 20:45:00,127.15,161.61,133.26
2026-03-15 21:00:00,156.37,160.42,139.85
2026-03-15 21:15:00,142.93,144.48,134.59
2026-03-15 21:30:00,117.38,135.83,119.95
2026-03-15 21:45:00,99.15,131.27,124.74
2026-03-15 22:00:00,138.94,146.05,134.49
2026-03-15 22:15:00,125.78,145.24,138.0
2026-03-15 22:30:00,106.69,124.0,118.22
2026-03-15 22:45:00,91.6,106.61,117.87
2026-03-15 23:00:00,134.85,133.95,133.83
2026-03-15 23:15:00,106.93,115.9,118.08
2026-03-15 23:30:00,93.14,102.58,108.5
2026-03-15 23:45:00,85.47,94.93,100.74
2026-03-16 00:00:00,80.88,89.76,
2026-03-16 00:15:00,78.01,82.83,
2026-03-16 00:30:00,69.93,80.01,
2026-03-16 00:45:00,77.68,82.52,
2026-03-16 01:00:00,80.0,81.8,
2026-03-16 01:15:00,76.33,80.03,
2026-03-16 01:30:00,75.58,80.02,
2026-03-16 01:45:00,68.16,79.15,
2026-03-16 02:00:00,79.37,80.05,
2026-03-16 02:15:00,79.31,80.05,
2026-03-16 02:30:00,78.11,80.03,
2026-03-16 02:45:00,70.88,80.0,
2026-03-16 03:00:00,70.02,80.05,
2026-03-16 03:15:00,66.13,80.05,
2026-03-16 03:30:00,50.67,70.43,
2026-03-16 03:45:00,61.87,80.0,
2026-03-16 04:00:00,67.18,65.0,
2026-03-16 04:15:00,82.49,76.73,
2026-03-16 04:30:00,80.0,73.39,
2026-03-16 04:45:00,88.97,79.25,
2026-03-16 05:00:00,83.32,85.16,
2026-03-16 05:15:00,98.19,91.05,
2026-03-16 05:30:00,141.24,110.0,
2026-03-16 05:45:00,152.25,116.57,
2026-03-16 06:00:00,125.04,120.04,
2026-03-16 06:15:00,147.46,149.3,
2026-03-16 06:30:00,152.75,149.63,
2026-03-16 06:45:00,149.99,136.35,
2026-03-16 07:00:00,161.49,158.23,
2026-03-16 07:15:00,154.9,151.68,
2026-03-16 07:30:00,116.99,114.72,
2026-03-16 07:45:00,98.51,97.02,
2026-03-16 08:00:00,100.52,101.82,
2026-03-16 08:15:00,89.9,91.11,
2026-03-16 08:30:00,84.34,89.17,
2026-03-16 08:45:00,73.51,80.02,
2026-03-16 09:00:00,93.24,103.5,
2026-03-16 09:15:00,69.84,87.05,
2026-03-16 09:30:00,16.27,78.3,
2026-03-16 09:45:00,15.01,62.56,
2026-03-16 10:00:00,48.24,79.91,
2026-03-16 10:15:00,13.78,72.23,
2026-03-16 10:30:00,15.8,59.15,
2026-03-16 10:45:00,28.76,39.75,
2026-03-16 11:00:00,22.68,44.81,
2026-03-16 11:15:00,23.7,39.03,
2026-03-16 11:30:00,27.53,35.15,
2026-03-16 11:45:00,20.75,30.24,
2026-03-16 12:00:00,25.13,29.1,13.2
2026-03-16 12:15:00,21.67,28.53,11.83
2026-03-16 12:30:00,29.67,44.32,18.34
2026-03-16 12:45:00,45.98,61.58,33.49
2026-03-16 13:00:00,29.23,33.87,11.16
2026-03-16 13:15:00,49.27,62.88,33.58
2026-03-16 13:30:00,60.58,69.29,39.9
2026-03-16 13:45:00,92.91,100.0,79.09
2026-03-16 14:00:00,63.19,72.14,44.08
2026-03-16 14:15:00,79.35,101.48,71.21
2026-03-16 14:30:00,80.99,93.02,85.82
2026-03-16 14:45:00,104.05,115.51,100.03
2026-03-16 15:00:00,91.46,79.42,81.9
2026-03-16 15:15:00,97.64,96.07,94.01
2026-03-16 15:30:00,123.69,123.58,132.98
2026-03-16 15:45:00,137.44,129.0,147.65
2026-03-16 16:00:00,97.5,103.22,123.53
2026-03-16 16:15:00,133.29,138.13,155.26
2026-03-16 16:30:00,155.08,160.86,182.3
2026-03-16 16:45:00,175.97,167.37,202.99
2026-03-16 17:00:00,111.84,108.84,148.4
2026-03-16 17:15:00,147.22,148.24,168.96
2026-03-16 17:30:00,154.93,153.03,173.58
2026-03-16 17:45:00,185.23,176.74,192.51
2026-03-16 18:00:00,170.88,172.4,182.13
2026-03-16 18:15:00,144.02,150.24,195.91
2026-03-16 18:30:00,172.19,174.36,198.98
2026-03-16 18:45:00,183.0,183.0,203.1
2026-03-16 19:00:00,152.38,154.66,203.16
2026-03-16 19:15:00,167.58,172.1,208.22
2026-03-16 19:30:00,188.39,195.98,197.62
2026-03-16 19:45:00,199.06,197.06,217.49
2026-03-16 20:00:00,121.65,140.87,157.52
2026-03-16 20:15:00,192.15,188.3,198.63
2026-03-16 20:30:00,174.99,171.34,184.0
2026-03-16 20:45:00,127.2,127.36,164.83
2026-03-16 21:00:00,178.92,162.94,179.53
2026-03-16 21:15:00,138.79,140.0,156.2
2026-03-16 21:30:00,121.54,126.59,134.93
2026-03-16 21:45:00,113.44,118.21,127.88
2026-03-16 22:00:00,127.01,132.82,162.16
2026-03-16 22:15:00,128.01,127.64,151.4
2026-03-16 22:30:00,126.96,127.64,145.34
2026-03-16 22:45:00,110.88,115.9,122.52
2026-03-16 23:00:00,112.96,124.7,134.28
2026-03-16 23:15:00,106.0,110.38,124.86
2026-03-16 23:30:00,95.1,103.33,100.97
2026-03-16 23:45:00,91.35,101.0,95.02
2026-03-17 00:00:00,130.28,132.97,
2026-03-17 00:15:00,111.83,124.95,
2026-03-17 00:30:00,104.28,104.25,
2026-03-17 00:45:00,104.54,111.02,
2026-03-17 01:00:00,99.22,100.34,
2026-03-17 01:15:00,98.96,99.88,
2026-03-17 01:30:00,110.12,110.66,
2026-03-17 01:45:00,110.7,112.31,
2026-03-17 02:00:00,111.65,117.57,
2026-03-17 02:15:00,116.59,116.91,
2026-03-17 02:30:00,118.23,118.49,
2026-03-17 02:45:00,117.23,116.63,
2026-03-17 03:00:00,116.76,121.41,
2026-03-17 03:15:00,116.74,122.4,
2026-03-17 03:30:00,117.63,121.63,
2026-03-17 03:45:00,116.81,121.03,
2026-03-17 04:00:00,125.94,127.6,
2026-03-17 04:15:00,114.49,118.8,
2026-03-17 04:30:00,113.91,123.54,
2026-03-17 04:45:00,112.06,123.3,
2026-03-17 05:00:00,108.09,114.42,
2026-03-17 05:15:00,109.4,121.76,
2026-03-17 05:30:00,109.05,126.56,
2026-03-17 05:45:00,127.31,133.87,
2026-03-17 06:00:00,130.24,135.58,
2026-03-17 06:15:00,129.33,138.08,
2026-03-17 06:30:00,118.88,137.98,
2026-03-17 06:45:00,130.19,144.06,
2026-03-17 07:00:00,138.98,138.12,
2026-03-17 07:15:00,115.84,118.7,
2026-03-17 07:30:00,105.88,119.0,
2026-03-17 07:45:00,124.44,135.29,
2026-03-17 08:00:00,142.59,148.66,
2026-03-17 08:15:00,127.4,139.29,
2026-03-17 08:30:00,113.7,125.66,
2026-03-17 08:45:00,105.6,122.19,
2026-03-17 09:00:00,110.35,111.55,
2026-03-17 09:15:00,97.77,100.99,
2026-03-17 09:30:00,84.83,90.76,
2026-03-17 09:45:00,48.13,60.4,
2026-03-17 10:00:00,84.39,91.06,
2026-03-17 10:15:00,84.09,86.31,
2026-03-17 10:30:00,84.5,91.25,
2026-03-17 10:45:00,96.95,90.1,
2026-03-17 11:00:00,102.6,97.73,
2026-03-17 11:15:00,100.26,95.55,
2026-03-17 11:30:00,100.6,96.04,
2026-03-17 11:45:00,100.84,96.07,
2026-03-17 12:00:00,91.29,93.5,95.21
2026-03-17 12:15:00,92.59,96.61,92.64
2026-03-17 12:30:00,91.39,99.92,95.97
2026-03-17 12:45:00,89.64,98.54,93.03
2026-03-17 13:00:00,94.8,99.98,97.56
2026-03-17 13:15:00,94.2,101.03,91.39
2026-03-17 13:30:00,96.01,100.79,87.0
2026-03-17 13:45:00,97.0,102.81,85.4
2026-03-17 14:00:00,97.57,99.42,68.62
2026-03-17 14:15:00,102.6,103.27,86.0
2026-03-17 14:30:00,102.7,103.59,86.25
2026-03-17 14:45:00,105.13,109.0,92.4
2026-03-17 15:00:00,98.62,99.36,90.16
2026-03-17 15:15:00,109.53,107.06,97.24
2026-03-17 15:30:00,125.77,118.41,110.77
2026-03-17 15:45:00,141.01,132.97,123.02
2026-03-17 16:00:00,113.74,105.97,103.04
2026-03-17 16:15:00,140.27,130.0,116.95
2026-03-17 16:30:00,108.6,91.3,96.68
2026-03-17 16:45:00,148.8,127.8,156.28
2026-03-17 17:00:00,130.0,132.52,112.53
2026-03-17 17:15:00,156.45,161.78,140.63
2026-03-17 17:30:00,165.0,161.4,149.73
2026-03-17 17:45:00,209.1,193.25,170.4
2026-03-17 18:00:00,136.9,132.7,150.38
2026-03-17 18:15:00,144.26,144.03,154.26
2026-03-17 18:30:00,167.9,158.94,177.74
2026-03-17 18:45:00,154.63,152.63,162.75
2026-03-17 19:00:00,115.93,111.28,135.93
2026-03-17 19:15:00,115.92,111.81,135.92
2026-03-17 19:30:00,115.92,112.6,137.74
2026-03-17 19:45:00,115.93,112.19,142.41
2026-03-17 20:00:00,141.57,147.1,151.57
2026-03-17 20:15:00,122.6,117.07,114.29
2026-03-17 20:30:00,138.16,138.62,142.29
2026-03-17 20:45:00,131.55,129.86,134.44
2026-03-17 21:00:00,140.1,141.32,134.52
2026-03-17 21:15:00,130.05,118.9,123.9
2026-03-17 21:30:00,124.01,120.0,110.64
2026-03-17 21:45:00,112.39,104.73,102.0
2026-03-17 22:00:00,120.11,115.34,112.54
2026-03-17 22:15:00,106.28,90.28,112.6
2026-03-17 22:30:00,101.36,86.36,97.35
2026-03-17 22:45:00,98.71,96.64,101.4
2026-03-17 23:00:00,108.2,107.57,107.8
2026-03-17 23:15:00,103.45,103.03,102.6
2026-03-17 23:30:00,99.04,99.77,101.12
2026-03-17 23:45:00,92.53,92.84,93.74
2026-03-18 00:00:00,93.03,93.17,
2026-03-18 00:15:00,99.99,89.82,
2026-03-18 00:30:00,97.28,90.0,
2026-03-18 00:45:00,94.82,88.18,
2026-03-18 01:00:00,102.97,94.0,
2026-03-18 01:15:00,101.76,90.73,
2026-03-18 01:30:00,97.31,88.71,
2026-03-18 01:45:00,97.96,86.59,
2026-03-18 02:00:00,101.64,89.64,
2026-03-18 02:15:00,100.83,88.38,
2026-03-18 02:30:00,98.71,88.47,
2026-03-18 02:45:00,98.81,88.22,
2026-03-18 03:00:00,99.17,90.4,
2026-03-18 03:15:00,98.82,89.74,
2026-03-18 03:30:00,101.01,90.5,
2026-03-18 03:45:00,101.0,89.76,
2026-03-18 04:00:00,95.8,88.47,
2026-03-18 04:15:00,96.27,90.45,
2026-03-18 04:30:00,99.07,91.15,
2026-03-18 04:45:00,101.77,92.68,
2026-03-18 05:00:00,93.5,91.92,
2026-03-18 05:15:00,101.58,94.78,
2026-03-18 05:30:00,108.59,100.96,
2026-03-18 05:45:00,132.08,115.76,
2026-03-18 06:00:00,120.05,111.44,
2026-03-18 06:15:00,135.48,126.07,
2026-03-18 06:30:00,133.72,125.84,
2026-03-18 06:45:00,130.91,119.73,
2026-03-18 07:00:00,108.28,101.28,
2026-03-18 07:15:00,105.44,99.58,
2026-03-18 07:30:00,108.23,104.05,
2026-03-18 07:45:00,104.31,92.51,
2026-03-18 08:00:00,128.62,118.8,
2026-03-18 08:15:00,105.85,102.35,
2026-03-18 08:30:00,91.0,83.44,
2026-03-18 08:45:00,77.39,70.26,
2026-03-18 09:00:00,115.34,100.33,
2026-03-18 09:15:00,99.64,99.04,
2026-03-18 09:30:00,72.38,70.23,
2026-03-18 09:45:00,34.95,16.4,
2026-03-18 10:00:00,98.73,49.0,
2026-03-18 10:15:00,26.0,3.41,
2026-03-18 10:30:00,18.78,-6.7,
2026-03-18 10:45:00,11.31,-10.62,
2026-03-18 11:00:00,13.78,6.4,
2026-03-18 11:15:00,11.99,6.32,
2026-03-18 11:30:00,5.4,7.46,
2026-03-18 11:45:00,5.82,4.21,
2026-03-18 12:00:00,4.7,2.02,20.93
2026-03-18 12:15:00,6.6,3.57,22.86
2026-03-18 12:30:00,3.99,0.69,37.69
2026-03-18 12:45:00,5.0,15.1,40.86
2026-03-18 13:00:00,8.01,7.77,40.23
2026-03-18 13:15:00,10.95,6.46,34.4
2026-03-18 13:30:00,17.0,4.42,32.76
2026-03-18 13:45:00,13.75,3.46,28.68
2026-03-18 14:00:00,1.56,5.72,12.98
2026-03-18 14:15:00,9.73,9.96,13.93
2026-03-18 14:30:00,23.45,13.6,10.79
2026-03-18 14:45:00,90.0,72.7,45.6
2026-03-18 15:00:00,4.79,0.05,-1.8
2026-03-18 15:15:00,56.03,47.94,40.56
2026-03-18 15:30:00,90.28,88.5,83.16
2026-03-18 15:45:00,111.67,106.72,98.19
2026-03-18 16:00:00,85.72,68.32,76.82
2026-03-18 16:15:00,102.01,87.05,98.54
2026-03-18 16:30:00,105.82,105.65,127.34
2026-03-18 16:45:00,123.6,118.49,131.14
2026-03-18 17:00:00,105.11,102.24,121.95
2026-03-18 17:15:00,131.62,128.9,135.94
2026-03-18 17:30:00,160.11,148.43,150.0
2026-03-18 17:45:00,130.92,119.02,136.35
2026-03-18 18:00:00,153.38,125.98,152.01
2026-03-18 18:15:00,122.04,116.05,141.49
2026-03-18 18:30:00,155.46,128.94,167.86
2026-03-18 18:45:00,142.39,125.57,152.1
2026-03-18 19:00:00,111.46,110.67,117.28
2026-03-18 19:15:00,112.84,108.31,118.7
2026-03-18 19:30:00,112.77,107.75,115.46
2026-03-18 19:45:00,112.84,107.22,114.82
2026-03-18 20:00:00,106.19,103.9,155.29
2026-03-18 20:15:00,111.88,107.57,154.71
2026-03-18 20:30:00,112.15,107.51,141.04
2026-03-18 20:45:00,112.17,109.1,132.4
2026-03-18 21:00:00,121.14,116.86,138.68
2026-03-18 21:15:00,116.0,111.9,128.29
2026-03-18 21:30:00,117.02,101.35,118.57
2026-03-18 21:45:00,108.0,103.63,112.97
2026-03-18 22:00:00,133.2,126.19,126.97
2026-03-18 22:15:00,124.0,116.9,117.73
2026-03-18 22:30:00,118.1,106.91,116.42
2026-03-18 22:45:00,116.74,109.11,123.25
2026-03-18 23:00:00,127.39,116.03,118.41
2026-03-18 23:15:00,118.65,109.27,111.98
2026-03-18 23:30:00,103.62,101.11,103.66
2026-03-18 23:45:00,98.33,93.35,103.29
2026-03-19 00:00:00,85.27,80.75,
2026-03-19 00:15:00,86.04,74.61,
2026-03-19 00:30:00,91.96,80.89,
2026-03-19 00:45:00,93.66,82.47,
2026-03-19 01:00:00,96.32,84.87,
2026-03-19 01:15:00,96.16,84.74,
2026-03-19 01:30:00,95.83,84.44,
2026-03-19 01:45:00,96.77,85.26,
2026-03-19 02:00:00,102.95,93.67,
2026-03-19 02:15:00,103.05,100.32,
2026-03-19 02:30:00,103.26,100.58,
2026-03-19 02:45:00,103.18,100.56,
2026-03-19 03:00:00,103.11,100.45,
2026-03-19 03:15:00,114.22,118.23,
2026-03-19 03:30:00,116.71,120.79,
2026-03-19 03:45:00,119.41,107.14,
2026-03-19 04:00:00,119.84,110.83,
2026-03-19 04:15:00,123.88,112.64,
2026-03-19 04:30:00,126.27,120.94,
2026-03-19 04:45:00,129.36,123.02,
2026-03-19 05:00:00,122.26,112.82,
2026-03-19 05:15:00,109.19,98.0,
2026-03-19 05:30:00,123.65,118.1,
2026-03-19 05:45:00,133.88,130.56,
2026-03-19 06:00:00,114.97,119.42,
2026-03-19 06:15:00,113.97,121.0,
2026-03-19 06:30:00,114.91,118.41,
2026-03-19 06:45:00,111.38,114.04,
2026-03-19 07:00:00,101.82,103.9,
2026-03-19 07:15:00,101.52,100.92,
2026-03-19 07:30:00,86.05,88.53,
2026-03-19 07:45:00,76.94,79.24,
2026-03-19 08:00:00,96.99,92.76,
2026-03-19 08:15:00,102.18,95.38,
2026-03-19 08:30:00,86.2,79.03,
2026-03-19 08:45:00,69.83,62.37,
2026-03-19 09:00:00,111.7,102.84,
2026-03-19 09:15:00,116.31,100.81,
2026-03-19 09:30:00,93.24,85.4,
2026-03-19 09:45:00,69.71,53.34,
2026-03-19 10:00:00,108.0,105.1,
2026-03-19 10:15:00,64.22,70.62,
2026-03-19 10:30:00,45.03,47.96,
2026-03-19 10:45:00,26.0,23.65,
2026-03-19 11:00:00,24.94,21.69,
2026-03-19 11:15:00,12.87,11.01,
2026-03-19 11:30:00,7.01,8.81,
2026-03-19 11:45:00,4.0,5.3,
2026-03-19 12:00:00,12.05,8.63,91.23
2026-03-19 12:15:00,14.0,5.99,84.73
2026-03-19 12:30:00,26.5,12.37,87.73
2026-03-19 12:45:00,70.15,33.88,88.88
2026-03-19 13:00:00,18.99,12.75,100.0
2026-03-19 13:15:00,20.99,15.86,113.42
2026-03-19 13:30:00,46.46,36.0,93.55
2026-03-19 13:45:00,47.78,40.16,90.39
2026-03-19 14:00:00,29.28,20.05,90.18
2026-03-19 14:15:00,64.99,64.68,103.13
2026-03-19 14:30:00,89.13,82.63,113.96
2026-03-19 14:45:00,119.43,106.88,125.88
2026-03-19 15:00:00,55.2,50.33,81.08
2026-03-19 15:15:00,89.99,82.4,111.31
2026-03-19 15:30:00,102.15,95.5,126.38
2026-03-19 15:45:00,127.77,124.46,136.78
2026-03-19 16:00:00,98.75,99.48,110.86
2026-03-19 16:15:00,104.04,109.83,128.27
2026-03-19 16:30:00,129.48,129.21,140.97
2026-03-19 16:45:00,153.92,146.66,160.19
2026-03-19 17:00:00,106.35,101.46,151.53
2026-03-19 17:15:00,137.05,137.24,163.13
2026-03-19 17:30:00,136.72,131.99,173.64
2026-03-19 17:45:00,157.88,153.17,181.65
2026-03-19 18:00:00,162.79,157.18,186.54
2026-03-19 18:15:00,134.44,129.6,171.19
2026-03-19 18:30:00,179.88,174.53,192.05
2026-03-19 18:45:00,179.46,173.84,180.27
2026-03-19 19:00:00,141.55,136.88,166.18
2026-03-19 19:15:00,216.29,211.38,208.87
2026-03-19 19:30:00,131.73,127.51,184.1
2026-03-19 19:45:00,181.77,177.01,174.48
2026-03-19 20:00:00,129.01,124.66,164.93
2026-03-19 20:15:00,130.03,125.42,153.74
2026-03-19 20:30:00,123.36,118.69,147.19
2026-03-19 20:45:00,122.5,117.71,146.35
2026-03-19 21:00:00,125.3,120.6,148.45
2026-03-19 21:15:00,117.06,112.37,148.42
2026-03-19 21:30:00,98.84,91.29,138.5
2026-03-19 21:45:00,88.59,76.68,93.82
2026-03-19 22:00:00,133.97,129.25,157.26
2026-03-19 22:15:00,117.32,112.48,147.16
2026-03-19 22:30:00,113.13,108.29,144.37
2026-03-19 22:45:00,102.63,97.65,132.73
2026-03-19 23:00:00,130.98,126.22,129.73
2026-03-19 23:15:00,109.54,104.9,133.36
2026-03-19 23:30:00,103.09,98.41,132.81
2026-03-19 23:45:00,101.51,96.79,125.31
2026-03-20 00:00:00,83.72,88.58,
2026-03-20 00:15:00,91.33,91.37,
2026-03-20 00:30:00,93.7,93.74,
2026-03-20 00:45:00,94.83,94.83,
2026-03-20 01:00:00,96.41,96.32,
2026-03-20 01:15:00,96.42,96.35,
2026-03-20 01:30:00,96.12,96.06,
2026-03-20 01:45:00,95.71,95.67,
2026-03-20 02:00:00,93.51,93.58,
2026-03-20 02:15:00,92.93,93.03,
2026-03-20 02:30:00,91.6,91.7,
2026-03-20 02:45:00,90.59,90.69,
2026-03-20 03:00:00,90.54,90.65,
2026-03-20 03:15:00,87.94,96.1,
2026-03-20 03:30:00,87.54,95.71,
2026-03-20 03:45:00,87.44,94.44,
2026-03-20 04:00:00,82.62,92.24,
2026-03-20 04:15:00,88.27,97.35,
2026-03-20 04:30:00,89.11,89.25,
2026-03-20 04:45:00,89.54,89.62,
2026-03-20 05:00:00,83.28,89.26,
2026-03-20 05:15:00,81.86,89.17,
2026-03-20 05:30:00,90.16,90.28,
2026-03-20 05:45:00,93.15,93.34,
2026-03-20 06:00:00,103.0,106.0,
2026-03-20 06:15:00,108.58,106.35,
2026-03-20 06:30:00,99.26,102.28,
2026-03-20 06:45:00,94.2,94.04,
2026-03-20 07:00:00,90.08,93.44,
2026-03-20 07:15:00,89.95,93.22,
2026-03-20 07:30:00,87.76,91.03,
2026-03-20 07:45:00,52.36,69.77,
2026-03-20 08:00:00,89.16,77.66,
2026-03-20 08:15:00,92.15,90.6,
2026-03-20 08:30:00,85.17,84.99,
2026-03-20 08:45:00,83.47,85.38,
2026-03-20 09:00:00,88.43,90.88,
2026-03-20 09:15:00,78.8,85.44,
2026-03-20 09:30:00,43.9,52.97,
2026-03-20 09:45:00,13.0,33.0,
2026-03-20 10:00:00,74.2,84.34,
2026-03-20 10:15:00,63.13,71.79,
2026-03-20 10:30:00,63.6,70.46,
2026-03-20 10:45:00,84.61,71.54,
2026-03-20 11:00:00,92.88,90.48,
2026-03-20 11:15:00,87.43,84.49,
2026-03-20 11:30:00,71.81,76.88,
2026-03-20 11:45:00,63.01,68.1,
2026-03-20 12:00:00,73.71,76.7,75.8
2026-03-20 12:15:00,67.36,69.99,70.9
2026-03-20 12:30:00,68.53,69.42,71.45
2026-03-20 12:45:00,64.02,66.61,65.42
2026-03-20 13:00:00,61.03,66.0,63.67
2026-03-20 13:15:00,65.19,68.04,66.99
2026-03-20 13:30:00,75.12,73.72,73.14
2026-03-20 13:45:00,79.97,76.98,77.7
2026-03-20 14:00:00,65.11,64.91,64.09
2026-03-20 14:15:00,88.31,83.88,83.92
2026-03-20 14:30:00,104.06,100.58,91.53
2026-03-20 14:45:00,114.87,107.81,77.29
2026-03-20 15:00:00,107.67,101.92,78.54
2026-03-20 15:15:00,124.3,114.12,103.11
2026-03-20 15:30:00,130.11,120.87,111.75
2026-03-20 15:45:00,122.38,137.54,116.47
2026-03-20 16:00:00,94.18,95.76,88.97
2026-03-20 16:15:00,100.99,101.11,98.29
2026-03-20 16:30:00,145.56,138.98,120.43
2026-03-20 16:45:00,175.91,169.45,172.31
2026-03-20 17:00:00,152.67,153.64,153.44
2026-03-20 17:15:00,168.97,191.4,179.8
2026-03-20 17:30:00,144.64,166.57,169.83
2026-03-20 17:45:00,156.17,178.17,178.17
2026-03-20 18:00:00,136.99,158.59,172.19
2026-03-20 18:15:00,190.26,194.51,189.51
2026-03-20 18:30:00,231.57,241.63,231.8
2026-03-20 18:45:00,246.73,245.73,233.89
2026-03-20 19:00:00,150.18,168.4,165.06
2026-03-20 19:15:00,132.67,163.23,166.33
2026-03-20 19:30:00,212.15,225.12,200.85
2026-03-20 19:45:00,189.2,200.84,183.52
2026-03-20 20:00:00,232.92,225.98,202.94
2026-03-20 20:15:00,146.84,148.86,156.66
2026-03-20 20:30:00,159.31,158.91,156.12
2026-03-20 20:45:00,161.96,161.96,159.19
2026-03-20 21:00:00,184.95,185.28,184.27
2026-03-20 21:15:00,121.93,140.93,158.69
2026-03-20 21:30:00,117.12,128.98,152.64
2026-03-20 21:45:00,105.07,104.92,108.48
2026-03-20 22:00:00,134.75,148.43,160.44
2026-03-20 22:15:00,112.49,131.6,154.88
2026-03-20 22:30:00,109.67,128.99,146.16
2026-03-20 22:45:00,105.1,120.55,127.42
2026-03-20 23:00:00,148.8,157.93,166.3
2026-03-20 23:15:00,119.58,126.71,157.75
2026-03-20 23:30:00,114.41,120.59,127.4
2026-03-20 23:45:00,105.08,105.1,111.56
2026-03-21 00:00:00,145.74,146.54,
2026-03-21 00:15:00,133.42,130.42,
2026-03-21 00:30:00,117.76,142.5,
2026-03-21 00:45:00,111.47,133.31,
2026-03-21 01:00:00,100.56,111.11,
2026-03-21 01:15:00,99.85,108.81,
2026-03-21 01:30:00,98.72,101.0,
2026-03-21 01:45:00,97.81,99.32,
2026-03-21 02:00:00,97.6,99.19,
2026-03-21 02:15:00,97.17,98.71,
2026-03-21 02:30:00,96.35,98.12,
2026-03-21 02:45:00,100.98,100.74,
2026-03-21 03:00:00,124.93,113.96,
2026-03-21 03:15:00,132.0,130.0,
2026-03-21 03:30:00,132.81,131.01,
2026-03-21 03:45:00,131.93,131.03,
2026-03-21 04:00:00,134.15,134.02,
2026-03-21 04:15:00,116.47,129.57,
2026-03-21 04:30:00,117.88,126.92,
2026-03-21 04:45:00,118.51,129.82,
2026-03-21 05:00:00,114.95,115.25,
2026-03-21 05:15:00,119.7,120.9,
2026-03-21 05:30:00,120.93,121.93,
2026-03-21 05:45:00,120.93,124.93,
2026-03-21 06:00:00,117.86,121.86,
2026-03-21 06:15:00,112.03,116.03,
2026-03-21 06:30:00,101.61,104.0,
2026-03-21 06:45:00,97.63,99.74,
2026-03-21 07:00:00,120.93,137.72,
2026-03-21 07:15:00,104.65,117.57,
2026-03-21 07:30:00,100.97,103.0,
2026-03-21 07:45:00,88.82,95.42,
2026-03-21 08:00:00,97.8,99.0,
2026-03-21 08:15:00,74.96,93.0,
2026-03-21 08:30:00,75.21,91.5,
2026-03-21 08:45:00,2.02,20.02,
2026-03-21 09:00:00,-5.0,2.39,
2026-03-21 09:15:00,-7.83,-2.05,
2026-03-21 09:30:00,-8.17,-9.82,
2026-03-21 09:45:00,-8.88,-10.28,
2026-03-21 10:00:00,-6.62,-9.74,
2026-03-21 10:15:00,-6.94,-10.31,
2026-03-21 10:30:00,-7.18,-10.46,
2026-03-21 10:45:00,-6.75,-10.45,
2026-03-21 11:00:00,-7.69,-10.05,
2026-03-21 11:15:00,-5.6,-8.85,
2026-03-21 11:30:00,-2.99,-4.64,
2026-03-21 11:45:00,10.01,0.05,
2026-03-21 12:00:00,9.27,2.22,28.08
2026-03-21 12:15:00,5.28,2.94,23.69
2026-03-21 12:30:00,16.81,19.44,34.81
2026-03-21 12:45:00,23.25,26.18,41.26
2026-03-21 13:00:00,23.6,25.97,41.87
2026-03-21 13:15:00,40.99,37.85,39.97
2026-03-21 13:30:00,41.79,41.98,40.01
2026-03-21 13:45:00,28.2,40.6,42.8
2026-03-21 14:00:00,56.94,60.83,53.85
2026-03-21 14:15:00,77.5,84.1,70.95
2026-03-21 14:30:00,82.32,92.8,80.57
2026-03-21 14:45:00,88.04,101.15,89.66
2026-03-21 15:00:00,74.39,81.12,85.84
2026-03-21 15:15:00,95.58,94.46,98.03
2026-03-21 15:30:00,101.0,96.0,105.79
2026-03-21 15:45:00,100.55,97.55,111.34
2026-03-21 16:00:00,112.48,108.35,114.19
2026-03-21 16:15:00,116.63,114.81,125.02
2026-03-21 16:30:00,134.0,130.1,118.45
2026-03-21 16:45:00,148.65,145.65,130.33
2026-03-21 17:00:00,121.82,122.8,120.21
2026-03-21 17:15:00,136.0,134.39,145.17
2026-03-21 17:30:00,158.33,156.46,152.59
2026-03-21 17:45:00,167.25,170.48,164.9
2026-03-21 18:00:00,167.26,166.03,164.27
2026-03-21 18:15:00,160.14,162.81,160.55
2026-03-21 18:30:00,162.21,164.14,159.14
2026-03-21 18:45:00,151.3,153.3,148.24
2026-03-21 19:00:00,122.68,130.3,120.18
2026-03-21 19:15:00,138.71,151.02,133.85
2026-03-21 19:30:00,156.01,164.19,144.16
2026-03-21 19:45:00,136.33,143.57,133.04
2026-03-21 20:00:00,125.28,131.19,121.76
2026-03-21 20:15:00,155.79,146.91,142.81
2026-03-21 20:30:00,142.77,135.39,131.45
2026-03-21 20:45:00,130.99,125.83,121.71
2026-03-21 21:00:00,130.04,127.0,123.06
2026-03-21 21:15:00,128.99,126.0,121.71
2026-03-21 21:30:00,124.54,121.54,137.05
2026-03-21 21:45:00,122.38,119.38,133.47
2026-03-21 22:00:00,129.09,133.5,143.83
2026-03-21 22:15:00,132.03,133.66,145.78
2026-03-21 22:30:00,114.57,115.82,140.33
2026-03-21 22:45:00,105.48,107.0,124.24
2026-03-21 23:00:00,122.79,125.56,146.53
2026-03-21 23:15:00,112.34,113.83,139.91
2026-03-21 23:30:00,100.39,107.83,128.87
2026-03-21 23:45:00,93.84,98.34,112.43
2026-03-22 00:00:00,101.79,110.2,
2026-03-22 00:15:00,103.22,110.5,
2026-03-22 00:30:00,101.83,107.99,
2026-03-22 00:45:00,97.51,102.32,
2026-03-22 01:00:00,100.35,107.05,
2026-03-22 01:15:00,100.0,104.4,
2026-03-22 01:30:00,98.32,104.55,
2026-03-22 01:45:00,93.78,100.0,
2026-03-22 02:00:00,99.29,98.28,
2026-03-22 02:15:00,98.79,100.91,
2026-03-22 02:30:00,98.0,100.84,
2026-03-22 02:45:00,97.19,96.66,
2026-03-22 03:00:00,99.81,96.81,
2026-03-22 03:15:00,99.31,97.16,
2026-03-22 03:30:00,99.86,97.16,
2026-03-22 03:45:00,100.27,100.95,
2026-03-22 04:00:00,101.37,97.67,
2026-03-22 04:15:00,102.27,102.11,
2026-03-22 04:30:00,104.68,105.38,
2026-03-22 04:45:00,104.88,107.59,
2026-03-22 05:00:00,105.58,106.83,
2026-03-22 05:15:00,103.07,106.97,
2026-03-22 05:30:00,103.1,108.12,
2026-03-22 05:45:00,102.94,109.53,
2026-03-22 06:00:00,113.09,109.88,
2026-03-22 06:15:00,103.66,109.16,
2026-03-22 06:30:00,102.87,106.77,
2026-03-22 06:45:00,96.57,98.26,
2026-03-22 07:00:00,115.78,111.86,
2026-03-22 07:15:00,97.77,98.15,
2026-03-22 07:30:00,83.29,87.13,
2026-03-22 07:45:00,55.89,62.14,
2026-03-22 08:00:00,-7.29,20.0,
2026-03-22 08:15:00,-7.42,3.45,
2026-03-22 08:30:00,-9.65,0.0,
2026-03-22 08:45:00,-10.0,0.0,
2026-03-22 09:00:00,-10.28,20.0,
2026-03-22 09:15:00,-10.37,15.04,
2026-03-22 09:30:00,-9.99,1.59,
2026-03-22 09:45:00,-6.05,5.0,
2026-03-22 10:00:00,-11.06,-3.86,
2026-03-22 10:15:00,-11.0,-2.85,
2026-03-22 10:30:00,-10.95,-6.0,
2026-03-22 10:45:00,-11.08,-5.0,
2026-03-22 11:00:00,-8.48,-4.76,
2026-03-22 11:15:00,-9.56,-9.59,
2026-03-22 11:30:00,-4.99,-9.0,
2026-03-22 11:45:00,2.0,-6.03,
2026-03-22 12:00:00,-8.91,-6.5,-5.54
2026-03-22 12:15:00,-10.0,-10.0,-8.66
2026-03-22 12:30:00,-8.15,-8.78,-9.13
2026-03-22 12:45:00,-5.92,-6.77,-1.95
2026-03-22 13:00:00,9.11,9.35,13.62
2026-03-22 13:15:00,2.15,-8.04,9.53
2026-03-22 13:30:00,7.33,-0.04,1.84
2026-03-22 13:45:00,6.05,-1.4,1.9
2026-03-22 14:00:00,0.0,1.7,-7.21
2026-03-22 14:15:00,0.0,2.89,-1.24
2026-03-22 14:30:00,10.47,13.79,0.34
2026-03-22 14:45:00,23.37,23.41,10.61
2026-03-22 15:00:00,13.13,7.6,14.18
2026-03-22 15:15:00,43.3,36.67,38.0
2026-03-22 15:30:00,93.47,95.47,96.08
2026-03-22 15:45:00,121.56,112.99,117.8
2026-03-22 16:00:00,42.62,54.24,78.36
2026-03-22 16:15:00,85.36,90.6,92.36
2026-03-22 16:30:00,114.56,103.0,114.19
2026-03-22 16:45:00,131.63,152.81,135.74
2026-03-22 17:00:00,102.4,97.71,88.69
2026-03-22 17:15:00,149.07,140.56,124.42
2026-03-22 17:30:00,173.06,160.66,118.04
2026-03-22 17:45:00,137.8,158.12,147.76
2026-03-22 18:00:00,127.52,147.53,149.77
2026-03-22 18:15:00,133.6,153.07,137.8
2026-03-22 18:30:00,133.8,152.96,130.56
2026-03-22 18:45:00,153.38,162.09,130.14
2026-03-22 19:00:00,192.93,195.14,188.64
2026-03-22 19:15:00,184.49,174.98,153.94
2026-03-22 19:30:00,171.42,167.22,151.42
2026-03-22 19:45:00,165.65,159.71,156.92
2026-03-22 20:00:00,188.8,178.08,161.25
2026-03-22 20:15:00,183.95,173.88,154.62
2026-03-22 20:30:00,175.0,171.16,150.92
2026-03-22 20:45:00,161.9,165.16,144.37
2026-03-22 21:00:00,155.96,170.33,145.62
2026-03-22 21:15:00,132.3,148.4,127.29
2026-03-22 21:30:00,132.17,134.17,122.0
2026-03-22 21:45:00,167.12,162.73,138.69
2026-03-22 22:00:00,167.46,161.77,146.77
2026-03-22 22:15:00,163.0,157.81,140.01
2026-03-22 22:30:00,147.21,144.0,136.12
2026-03-22 22:45:00,142.73,136.73,124.06
2026-03-22 23:00:00,145.91,149.89,133.95
2026-03-22 23:15:00,144.37,147.55,136.03
2026-03-22 23:30:00,142.06,148.87,135.97
2026-03-22 23:45:00,108.13,141.23,99.88
2026-03-23 00:00:00,142.02,135.07,
2026-03-23 00:15:00,145.84,141.46,
2026-03-23 00:30:00,144.93,140.62,
2026-03-23 00:45:00,143.62,139.1,
2026-03-23 01:00:00,146.4,140.4,
2026-03-23 01:15:00,143.25,136.12,
2026-03-23 01:30:00,131.0,130.05,
2026-03-23 01:45:00,126.71,126.71,
2026-03-23 02:00:00,134.31,132.47,
2026-03-23 02:15:00,132.85,131.9,
2026-03-23 02:30:00,131.56,129.6,
2026-03-23 02:45:00,134.74,133.5,
2026-03-23 03:00:00,134.18,133.91,
2026-03-23 03:15:00,131.98,132.71,
2026-03-23 03:30:00,131.54,133.05,
2026-03-23 03:45:00,131.88,136.34,
2026-03-23 04:00:00,134.43,133.7,
2026-03-23 04:15:00,148.28,147.7,
2026-03-23 04:30:00,150.73,148.42,
2026-03-23 04:45:00,154.78,153.3,
2026-03-23 05:00:00,147.37,145.98,
2026-03-23 05:15:00,156.79,152.55,
2026-03-23 05:30:00,171.74,159.99,
2026-03-23 05:45:00,175.91,174.54,
2026-03-23 06:00:00,166.72,162.5,
2026-03-23 06:15:00,185.29,179.97,
2026-03-23 06:30:00,195.35,188.99,
2026-03-23 06:45:00,192.97,191.1,
2026-03-23 07:00:00,194.13,214.92,
2026-03-23 07:15:00,186.0,192.1,
2026-03-23 07:30:00,137.3,157.3,
2026-03-23 07:45:00,118.28,139.56,
2026-03-23 08:00:00,93.8,121.8,
2026-03-23 08:15:00,110.1,137.1,
2026-03-23 08:30:00,119.33,120.34,
2026-03-23 08:45:00,93.41,94.69,
2026-03-23 09:00:00,145.71,144.15,
2026-03-23 09:15:00,104.32,105.32,
2026-03-23 09:30:00,111.47,109.47,
2026-03-23 09:45:00,89.8,90.56,
2026-03-23 10:00:00,120.79,118.11,
2026-03-23 10:15:00,97.06,95.78,
2026-03-23 10:30:00,96.0,94.96,
2026-03-23 10:45:00,62.9,80.0,
2026-03-23 11:00:00,96.07,90.81,
2026-03-23 11:15:00,80.44,81.85,
2026-03-23 11:30:00,63.43,78.1,
2026-03-23 11:45:00,77.2,79.06,
2026-03-23 12:00:00,79.5,82.01,100.0
2026-03-23 12:15:00,85.44,88.23,94.17
2026-03-23 12:30:00,96.45,91.55,97.36
2026-03-23 12:45:00,99.17,97.85,114.61
2026-03-23 13:00:00,96.17,92.54,119.05
2026-03-23 13:15:00,109.57,107.57,126.38
2026-03-23 13:30:00,109.72,107.72,121.14
2026-03-23 13:45:00,125.05,120.05,133.75
2026-03-23 14:00:00,88.26,89.95,110.5
2026-03-23 14:15:00,122.24,117.24,132.09
2026-03-23 14:30:00,122.86,117.86,120.86
2026-03-23 14:45:00,129.0,127.0,142.3
2026-03-23 15:00:00,113.02,108.54,133.87
2026-03-23 15:15:00,130.59,142.28,144.22
2026-03-23 15:30:00,132.91,137.86,151.95
2026-03-23 15:45:00,149.75,147.8,157.85
2026-03-23 16:00:00,110.66,114.93,135.04
2026-03-23 16:15:00,141.72,141.85,155.02
2026-03-23 16:30:00,161.01,154.11,161.51
2026-03-23 16:45:00,200.19,193.4,196.39
2026-03-23 17:00:00,131.15,119.91,119.97
2026-03-23 17:15:00,146.48,146.65,164.4
2026-03-23 17:30:00,203.25,201.25,201.25
2026-03-23 17:45:00,279.92,281.69,281.69
2026-03-23 18:00:00,212.81,213.21,225.0
2026-03-23 18:15:00,233.63,234.06,255.56
2026-03-23 18:30:00,257.46,258.35,288.34
2026-03-23 18:45:00,256.3,258.33,287.34
2026-03-23 19:00:00,207.5,207.54,226.52
2026-03-23 19:15:00,268.06,269.33,292.57
2026-03-23 19:30:00,258.31,258.69,276.55
2026-03-23 19:45:00,228.65,228.69,249.86
2026-03-23 20:00:00,196.29,196.42,213.67
2026-03-23 20:15:00,246.89,247.39,252.99
2026-03-23 20:30:00,192.95,192.96,206.31
2026-03-23 20:45:00,169.05,169.08,171.89
2026-03-23 21:00:00,198.75,205.49,206.06
2026-03-23 21:15:00,195.89,201.92,208.89
2026-03-23 21:30:00,131.49,134.34,136.86
2026-03-23 21:45:00,130.63,132.59,132.19
2026-03-23 22:00:00,165.05,174.51,187.36
2026-03-23 22:15:00,145.0,144.96,148.97
2026-03-23 22:30:00,149.58,148.6,151.21
2026-03-23 22:45:00,146.52,143.28,140.63
2026-03-23 23:00:00,145.0,150.95,154.24
2026-03-23 23:15:00,145.0,148.75,143.08
2026-03-23 23:30:00,136.0,134.69,131.83
2026-03-23 23:45:00,127.8,126.53,88.57
2026-03-24 00:00:00,151.06,129.4,
2026-03-24 00:15:00,148.26,135.12,
2026-03-24 00:30:00,140.87,145.32,
2026-03-24 00:45:00,132.64,142.29,
2026-03-24 01:00:00,153.0,153.0,
2026-03-24 01:15:00,140.05,139.34,
2026-03-24 01:30:00,123.9,117.23,
2026-03-24 01:45:00,112.48,108.5,
2026-03-24 02:00:00,129.0,130.58,
2026-03-24 02:15:00,113.48,110.0,
2026-03-24 02:30:00,106.05,96.0,
2026-03-24 02:45:00,102.53,97.53,
2026-03-24 03:00:00,109.06,104.06,
2026-03-24 03:15:00,101.36,96.36,
2026-03-24 03:30:00,98.6,93.6,
2026-03-24 03:45:00,97.71,92.71,
2026-03-24 04:00:00,99.84,94.84,
2026-03-24 04:15:00,98.43,93.43,
2026-03-24 04:30:00,101.04,99.65,
2026-03-24 04:45:00,104.42,102.48,
2026-03-24 05:00:00,122.13,118.55,
2026-03-24 05:15:00,128.04,122.04,
2026-03-24 05:30:00,135.99,131.62,
2026-03-24 05:45:00,140.02,135.02,
2026-03-24 06:00:00,127.38,122.69,
2026-03-24 06:15:00,144.66,138.37,
2026-03-24 06:30:00,145.45,143.52,
2026-03-24 06:45:00,121.63,119.71,
2026-03-24 07:00:00,143.13,136.05,
2026-03-24 07:15:00,121.93,122.25,
2026-03-24 07:30:00,108.21,104.7,
2026-03-24 07:45:00,85.98,85.0,
2026-03-24 08:00:00,138.99,141.47,
2026-03-24 08:15:00,101.96,106.25,
2026-03-24 08:30:00,85.0,100.89,
2026-03-24 08:45:00,64.0,84.39,
2026-03-24 09:00:00,106.26,111.77,
2026-03-24 09:15:00,84.48,84.73,
2026-03-24 09:30:00,66.31,79.57,
2026-03-24 09:45:00,41.0,47.76,
2026-03-24 10:00:00,76.64,80.16,
2026-03-24 10:15:00,28.12,38.95,
2026-03-24 10:30:00,18.52,27.19,
2026-03-24 10:45:00,10.19,13.54,
2026-03-24 11:00:00,9.41,15.15,
2026-03-24 11:15:00,11.37,14.59,
2026-03-24 11:30:00,20.49,20.69,
2026-03-24 11:45:00,26.93,30.13,
2026-03-24 12:00:00,13.78,19.02,19.4
2026-03-24 12:15:00,28.69,35.0,15.87
2026-03-24 12:30:00,46.24,33.61,22.73
2026-03-24 12:45:00,50.0,39.95,28.5
2026-03-24 13:00:00,30.64,30.0,27.19
2026-03-24 13:15:00,63.99,54.86,44.69
2026-03-24 13:30:00,77.76,65.42,56.81
2026-03-24 13:45:00,96.87,83.0,75.0
2026-03-24 14:00:00,68.94,69.96,65.26
2026-03-24 14:15:00,80.99,80.21,69.81
2026-03-24 14:30:00,97.21,90.72,98.19
2026-03-24 14:45:00,105.82,87.78,99.42
2026-03-24 15:00:00,80.97,78.99,90.24
2026-03-24 15:15:00,94.79,93.54,107.34
2026-03-24 15:30:00,97.17,101.26,99.57
2026-03-24 15:45:00,101.15,106.19,82.33
2026-03-24 16:00:00,99.54,101.0,102.69
2026-03-24 16:15:00,125.83,126.46,127.55
2026-03-24 16:30:00,143.81,144.31,160.0
2026-03-24 16:45:00,206.78,201.78,186.78
2026-03-24 17:00:00,138.9,155.0,156.63
2026-03-24 17:15:00,170.51,172.11,177.46
2026-03-24 17:30:00,206.18,211.0,203.53
2026-03-24 17:45:00,120.28,130.18,129.24
2026-03-24 18:00:00,149.62,145.67,164.62
2026-03-24 18:15:00,184.81,180.7,201.1
2026-03-24 18:30:00,122.32,137.5,166.43
2026-03-24 18:45:00,121.77,137.46,166.77
2026-03-24 19:00:00,179.89,175.54,186.09
2026-03-24 19:15:00,141.35,138.47,166.35
2026-03-24 19:30:00,128.27,123.27,141.27
2026-03-24 19:45:00,145.08,142.55,168.01
2026-03-24 20:00:00,160.87,158.9,173.54
2026-03-24 20:15:00,149.42,150.3,161.09
2026-03-24 20:30:00,163.26,162.99,175.35
2026-03-24 20:45:00,130.78,128.8,142.27
2026-03-24 21:00:00,192.25,197.21,198.11
2026-03-24 21:15:00,164.89,170.12,193.24
2026-03-24 21:30:00,131.21,137.65,169.52
2026-03-24 21:45:00,112.82,116.2,122.3
2026-03-24 22:00:00,139.46,145.0,145.78
2026-03-24 22:15:00,123.4,126.8,121.12
2026-03-24 22:30:00,120.32,123.24,117.92
2026-03-24 22:45:00,101.89,101.6,99.87
2026-03-24 23:00:00,106.44,108.36,96.49
2026-03-24 23:15:00,107.87,109.21,109.2
2026-03-24 23:30:00,104.84,107.22,103.32
2026-03-24 23:45:00,99.08,101.02,100.03
2026-03-25 00:00:00,100.14,127.48,
2026-03-25 00:15:00,101.99,137.37,
2026-03-25 00:30:00,101.48,137.37,
2026-03-25 00:45:00,105.35,140.33,
2026-03-25 01:00:00,106.71,139.58,
2026-03-25 01:15:00,105.37,137.89,
2026-03-25 01:30:00,105.39,137.57,
2026-03-25 01:45:00,104.93,137.53,
2026-03-25 02:00:00,95.11,133.74,
2026-03-25 02:15:00,94.07,115.26,
2026-03-25 02:30:00,94.51,114.08,
2026-03-25 02:45:00,97.88,118.08,
2026-03-25 03:00:00,96.5,113.59,
2026-03-25 03:15:00,95.25,113.18,
2026-03-25 03:30:00,94.86,113.01,
2026-03-25 03:45:00,98.09,112.76,
2026-03-25 04:00:00,104.33,112.85,
2026-03-25 04:15:00,116.03,121.03,
2026-03-25 04:30:00,108.27,113.14,
2026-03-25 04:45:00,103.32,112.6,
2026-03-25 05:00:00,99.65,98.06,
2026-03-25 05:15:00,99.18,95.27,
2026-03-25 05:30:00,99.27,95.21,
2026-03-25 05:45:00,97.61,94.07,
2026-03-25 06:00:00,96.37,93.28,
2026-03-25 06:15:00,92.87,101.2,
2026-03-25 06:30:00,91.11,95.42,
2026-03-25 06:45:00,86.72,94.73,
2026-03-25 07:00:00,89.47,94.07,
2026-03-25 07:15:00,59.75,80.0,
2026-03-25 07:30:00,4.16,13.44,
2026-03-25 07:45:00,0.01,1.32,
2026-03-25 08:00:00,0.01,3.77,
2026-03-25 08:15:00,-5.0,2.18,
2026-03-25 08:30:00,-5.0,-10.51,
2026-03-25 08:45:00,-5.0,-10.3,
2026-03-25 09:00:00,-3.5,-5.02,
2026-03-25 09:15:00,-4.41,-9.18,
2026-03-25 09:30:00,-4.41,-6.64,
2026-03-25 09:45:00,-4.99,-15.33,
2026-03-25 10:00:00,-4.78,-18.42,
2026-03-25 10:15:00,-4.34,-17.95,
2026-03-25 10:30:00,-4.64,-18.92,
2026-03-25 10:45:00,-4.74,-18.99,
2026-03-25 11:00:00,-4.57,-17.31,
2026-03-25 11:15:00,-4.09,-15.26,
2026-03-25 11:30:00,-4.0,-15.29,
2026-03-25 11:45:00,-3.8,0.17,
2026-03-25 12:00:00,-3.5,-9.67,-2.5
2026-03-25 12:15:00,-3.53,0.0,-1.48
2026-03-25 12:30:00,-3.33,0.0,-2.0
2026-03-25 12:45:00,-4.0,-0.88,-2.0
2026-03-25 13:00:00,-3.94,0.0,-2.0
2026-03-25 13:15:00,-4.0,0.0,-2.0
2026-03-25 13:30:00,-3.98,-1.0,-2.22
2026-03-25 13:45:00,-3.8,-1.0,-2.5
2026-03-25 14:00:00,-3.87,-6.06,-2.5
2026-03-25 14:15:00,-3.33,0.0,-2.5
2026-03-25 14:30:00,-2.46,0.85,-2.0
2026-03-25 14:45:00,-1.0,1.24,-2.0
2026-03-25 15:00:00,-8.09,-8.43,-7.26
2026-03-25 15:15:00,-5.74,-2.76,15.0
2026-03-25 15:30:00,-3.42,12.92,35.01
2026-03-25 15:45:00,89.27,106.77,104.27
2026-03-25 16:00:00,86.79,106.79,101.79
2026-03-25 16:15:00,98.92,113.63,115.64
2026-03-25 16:30:00,103.3,119.5,133.57
2026-03-25 16:45:00,133.13,139.68,140.21
2026-03-25 17:00:00,141.9,146.96,148.44
2026-03-25 17:15:00,166.97,173.41,175.45
2026-03-25 17:30:00,162.8,166.06,167.71
2026-03-25 17:45:00,170.92,174.92,169.92
2026-03-25 18:00:00,121.72,129.02,161.46
2026-03-25 18:15:00,132.51,143.04,164.91
2026-03-25 18:30:00,136.11,143.01,161.78
2026-03-25 18:45:00,143.42,161.03,169.79
2026-03-25 19:00:00,138.09,144.38,158.51
2026-03-25 19:15:00,139.1,145.71,158.29
2026-03-25 19:30:00,138.41,144.59,157.78
2026-03-25 19:45:00,206.42,205.42,205.42
2026-03-25 20:00:00,144.24,145.61,153.08
2026-03-25 20:15:00,147.13,166.16,159.51
2026-03-25 20:30:00,188.6,193.12,183.01
2026-03-25 20:45:00,174.41,196.54,163.61
2026-03-25 21:00:00,199.7,193.89,195.83
2026-03-25 21:15:00,170.99,186.59,185.24
2026-03-25 21:30:00,142.39,146.42,161.43
2026-03-25 21:45:00,121.62,105.19,120.64
2026-03-25 22:00:00,147.65,154.6,156.7
2026-03-25 22:15:00,143.92,150.83,142.9
2026-03-25 22:30:00,128.7,112.48,111.17
2026-03-25 22:45:00,112.82,110.79,109.23
2026-03-25 23:00:00,124.15,125.52,123.15
2026-03-25 23:15:00,120.93,122.68,117.93
2026-03-25 23:30:00,104.3,104.3,104.3
2026-03-25 23:45:00,97.58,102.0,101.94
2026-03-26 00:00:00,107.7,121.44,
2026-03-26 00:15:00,101.82,113.59,
2026-03-26 00:30:00,99.01,104.41,
2026-03-26 00:45:00,94.38,99.07,
2026-03-26 01:00:00,101.44,110.49,
2026-03-26 01:15:00,99.34,103.34,
2026-03-26 01:30:00,95.47,101.06,
2026-03-26 01:45:00,94.92,100.07,
2026-03-26 02:00:00,94.02,100.98,
2026-03-26 02:15:00,93.71,99.89,
2026-03-26 02:30:00,95.24,100.0,
2026-03-26 02:45:00,98.62,98.84,
2026-03-26 03:00:00,99.73,102.84,
2026-03-26 03:15:00,98.09,101.25,
2026-03-26 03:30:00,103.0,100.42,
2026-03-26 03:45:00,100.27,99.32,
2026-03-26 04:00:00,98.43,106.12,
2026-03-26 04:15:00,99.08,107.53,
2026-03-26 04:30:00,109.68,108.51,
2026-03-26 04:45:00,115.02,112.07,
2026-03-26 05:00:00,116.73,115.55,
2026-03-26 05:15:00,124.22,117.32,
2026-03-26 05:30:00,132.92,131.87,
2026-03-26 05:45:00,151.94,141.31,
2026-03-26 06:00:00,150.75,146.15,
2026-03-26 06:15:00,149.78,150.71,
2026-03-26 06:30:00,151.12,146.15,
2026-03-26 06:45:00,134.27,131.33,
2026-03-26 07:00:00,152.22,151.57,
2026-03-26 07:15:00,127.76,142.72,
2026-03-26 07:30:00,107.92,108.14,
2026-03-26 07:45:00,100.99,105.34,
2026-03-26 08:00:00,88.5,86.59,
2026-03-26 08:15:00,9.22,8.62,
2026-03-26 08:30:00,5.85,13.51,
2026-03-26 08:45:00,-5.14,-9.99,
2026-03-26 09:00:00,1.53,15.5,
2026-03-26 09:15:00,-1.72,-4.27,
2026-03-26 09:30:00,0.19,3.04,
2026-03-26 09:45:00,0.0,-10.32,
2026-03-26 10:00:00,0.0,-9.43,
2026-03-26 10:15:00,-0.18,-9.0,
2026-03-26 10:30:00,-0.22,-9.0,
2026-03-26 10:45:00,0.0,-9.0,
2026-03-26 11:00:00,-0.12,-9.0,
2026-03-26 11:15:00,-0.02,-9.0,
2026-03-26 11:30:00,0.0,0.1,
2026-03-26 11:45:00,-0.25,-8.93,
2026-03-26 12:00:00,0.0,-7.57,-4.85
2026-03-26 12:15:00,0.0,-8.96,-5.5
2026-03-26 12:30:00,-0.4,-9.0,-5.65
2026-03-26 12:45:00,0.0,0.53,0.0
2026-03-26 13:00:00,-1.52,-9.0,-11.53
2026-03-26 13:15:00,0.28,0.39,-3.64
2026-03-26 13:30:00,1.25,14.11,7.81
2026-03-26 13:45:00,0.0,9.05,7.36
2026-03-26 14:00:00,0.0,4.94,-0.87
2026-03-26 14:15:00,-0.54,-8.38,-0.28
2026-03-26 14:30:00,-1.0,-7.64,-1.71
2026-03-26 14:45:00,1.54,10.47,5.9
2026-03-26 15:00:00,-4.05,-4.99,-43.75
2026-03-26 15:15:00,0.01,16.44,-4.99
2026-03-26 15:30:00,72.24,89.94,77.36
2026-03-26 15:45:00,96.58,102.0,92.89
2026-03-26 16:00:00,50.01,90.93,58.38
2026-03-26 16:15:00,105.36,96.32,96.32
2026-03-26 16:30:00,105.74,91.14,96.15
2026-03-26 16:45:00,111.78,84.7,99.85
2026-03-26 17:00:00,130.0,128.94,105.44
2026-03-26 17:15:00,166.92,162.57,152.57
2026-03-26 17:30:00,175.68,140.68,154.02
2026-03-26 17:45:00,141.66,99.18,121.78
2026-03-26 18:00:00,137.51,107.61,125.68
2026-03-26 18:15:00,120.45,92.58,107.67
2026-03-26 18:30:00,126.86,85.0,116.7
2026-03-26 18:45:00,143.24,114.81,128.93
2026-03-26 19:00:00,123.06,94.06,109.63
2026-03-26 19:15:00,120.23,91.38,107.83
2026-03-26 19:30:00,125.18,96.6,112.84
2026-03-26 19:45:00,115.16,86.92,101.15
2026-03-26 20:00:00,130.79,98.14,123.44
2026-03-26 20:15:00,145.54,118.78,145.54
2026-03-26 20:30:00,143.53,117.65,142.37
2026-03-26 20:45:00,134.33,105.36,128.11
2026-03-26 21:00:00,152.48,143.91,161.54
2026-03-26 21:15:00,136.36,115.48,134.29
2026-03-26 21:30:00,118.64,89.68,103.65
2026-03-26 21:45:00,113.14,85.19,101.23
2026-03-26 22:00:00,129.14,108.26,116.2
2026-03-26 22:15:00,124.67,108.44,109.68
2026-03-26 22:30:00,124.05,112.16,109.14
2026-03-26 22:45:00,125.3,119.3,107.81
2026-03-26 23:00:00,124.71,123.95,124.07
2026-03-26 23:15:00,109.41,109.41,109.03
2026-03-26 23:30:00,112.08,111.46,111.46
2026-03-26 23:45:00,100.93,95.93,97.01
2026-03-27 00:00:00,109.57,104.54,
2026-03-27 00:15:00,120.34,118.17,
2026-03-27 00:30:00,117.46,115.85,
2026-03-27 00:45:00,115.36,113.32,
2026-03-27 01:00:00,122.44,109.93,
2026-03-27 01:15:00,119.78,107.07,
2026-03-27 01:30:00,117.51,105.41,
2026-03-27 01:45:00,117.26,105.36,
2026-03-27 02:00:00,120.92,105.92,
2026-03-27 02:15:00,115.99,103.14,
2026-03-27 02:30:00,116.01,100.43,
2026-03-27 02:45:00,112.62,100.01,
2026-03-27 03:00:00,114.26,101.5,
2026-03-27 03:15:00,117.14,104.49,
2026-03-27 03:30:00,113.94,105.25,
2026-03-27 03:45:00,117.34,106.66,
2026-03-27 04:00:00,116.29,102.67,
2026-03-27 04:15:00,115.87,103.73,
2026-03-27 04:30:00,123.94,110.59,
2026-03-27 04:45:00,129.52,120.33,
2026-03-27 05:00:00,118.75,112.82,
2026-03-27 05:15:00,127.71,124.13,
2026-03-27 05:30:00,147.99,138.74,
2026-03-27 05:45:00,158.93,149.91,
2026-03-27 06:00:00,152.3,150.7,
2026-03-27 06:15:00,118.67,130.7,
2026-03-27 06:30:00,118.3,131.84,
2026-03-27 06:45:00,108.47,116.5,
2026-03-27 07:00:00,117.98,126.14,
2026-03-27 07:15:00,108.47,113.02,
2026-03-27 07:30:00,103.62,107.07,
2026-03-27 07:45:00,100.3,105.21,
2026-03-27 08:00:00,94.68,105.04,
2026-03-27 08:15:00,92.18,96.21,
2026-03-27 08:30:00,89.37,93.67,
2026-03-27 08:45:00,72.06,86.58,
2026-03-27 09:00:00,29.7,35.02,
2026-03-27 09:15:00,0.0,6.67,
2026-03-27 09:30:00,-1.21,4.22,
2026-03-27 09:45:00,-0.3,11.3,
2026-03-27 10:00:00,4.52,11.51,
2026-03-27 10:15:00,0.43,4.91,
2026-03-27 10:30:00,-2.26,6.65,
2026-03-27 10:45:00,-1.2,11.58,
2026-03-27 11:00:00,-2.58,9.08,
2026-03-27 11:15:00,-2.0,12.02,
2026-03-27 11:30:00,5.02,15.02,
2026-03-27 11:45:00,21.95,32.14,
2026-03-27 12:00:00,17.1,25.14,79.64
2026-03-27 12:15:00,23.75,33.12,83.75
2026-03-27 12:30:00,32.5,43.59,82.5
2026-03-27 12:45:00,72.04,85.04,93.04
2026-03-27 13:00:00,36.87,46.51,89.87
2026-03-27 13:15:00,72.35,82.06,93.5
2026-03-27 13:30:00,53.26,65.0,85.41
2026-03-27 13:45:00,11.27,20.79,85.22
2026-03-27 14:00:00,8.38,25.02,23.02
2026-03-27 14:15:00,58.52,97.69,71.58
2026-03-27 14:30:00,99.32,118.13,112.32
2026-03-27 14:45:00,99.06,106.16,114.16
2026-03-27 15:00:00,91.85,97.09,113.72
2026-03-27 15:15:00,94.61,98.26,116.26
2026-03-27 15:30:00,102.49,105.32,127.05
2026-03-27 15:45:00,125.48,125.17,137.74
2026-03-27 16:00:00,100.63,103.23,110.08
2026-03-27 16:15:00,114.74,111.74,118.18
2026-03-27 16:30:00,113.18,110.65,115.72
2026-03-27 16:45:00,140.09,131.09,134.21
2026-03-27 17:00:00,113.12,105.75,101.12
2026-03-27 17:15:00,128.84,116.84,112.92
2026-03-27 17:30:00,123.16,116.19,111.32
2026-03-27 17:45:00,122.48,115.64,110.65
2026-03-27 18:00:00,117.5,110.88,104.87
2026-03-27 18:15:00,118.35,111.75,107.13
2026-03-27 18:30:00,121.75,115.96,111.29
2026-03-27 18:45:00,124.29,119.5,114.74
2026-03-27 19:00:00,125.38,121.34,119.93
2026-03-27 19:15:00,124.1,120.03,118.27
2026-03-27 19:30:00,123.02,118.21,116.02
2026-03-27 19:45:00,125.8,122.78,121.0
2026-03-27 20:00:00,122.33,119.31,116.83
2026-03-27 20:15:00,123.76,120.99,118.1
2026-03-27 20:30:00,126.01,124.25,121.62
2026-03-27 20:45:00,117.92,111.32,106.86
2026-03-27 21:00:00,134.21,133.0,130.88
2026-03-27 21:15:00,126.57,124.94,123.46
2026-03-27 21:30:00,119.69,113.11,108.0
2026-03-27 21:45:00,107.0,100.51,95.95
2026-03-27 22:00:00,120.1,108.72,118.31
2026-03-27 22:15:00,114.9,104.18,115.48
2026-03-27 22:30:00,114.59,107.6,113.37
2026-03-27 22:45:00,105.05,98.91,98.88
2026-03-27 23:00:00,110.65,105.6,110.2
2026-03-27 23:15:00,104.88,95.24,96.92
2026-03-27 23:30:00,102.48,95.24,95.93
2026-03-27 23:45:00,95.87,89.21,94.19
2026-03-28 00:00:00,100.33,95.38,
2026-03-28 00:15:00,103.29,101.44,
2026-03-28 00:30:00,103.2,99.25,
2026-03-28 00:45:00,91.51,87.07,
2026-03-28 01:00:00,101.69,96.0,
2026-03-28 01:15:00,97.31,91.25,
2026-03-28 01:30:00,95.13,92.64,
2026-03-28 01:45:00,92.62,87.03,
2026-03-28 02:00:00,97.36,92.3,
2026-03-28 02:15:00,93.53,86.89,
2026-03-28 02:30:00,89.79,86.19,
2026-03-28 02:45:00,91.68,90.98,
2026-03-28 03:00:00,91.8,84.95,
2026-03-28 03:15:00,91.98,88.49,
2026-03-28 03:30:00,89.67,87.02,
2026-03-28 03:45:00,90.0,87.53,
2026-03-28 04:00:00,89.18,90.49,
2026-03-28 04:15:00,92.83,95.02,
2026-03-28 04:30:00,94.7,92.42,
2026-03-28 04:45:00,97.13,93.23,
2026-03-28 05:00:00,88.77,89.01,
2026-03-28 05:15:00,93.01,96.77,
2026-03-28 05:30:00,95.1,97.86,
2026-03-28 05:45:00,100.33,100.0,
2026-03-28 06:00:00,89.15,88.35,
2026-03-28 06:15:00,91.77,95.33,
2026-03-28 06:30:00,92.37,91.95,
2026-03-28 06:45:00,89.38,87.44,
2026-03-28 07:00:00,89.55,87.13,
2026-03-28 07:15:00,84.97,79.93,
2026-03-28 07:30:00,83.78,77.7,
2026-03-28 07:45:00,73.0,69.82,
2026-03-28 08:00:00,83.1,78.62,
2026-03-28 08:15:00,76.03,72.78,
2026-03-28 08:30:00,66.6,63.0,
2026-03-28 08:45:00,50.77,46.05,
2026-03-28 09:00:00,74.12,70.01,
2026-03-28 09:15:00,50.03,47.62,
2026-03-28 09:30:00,39.0,37.41,
2026-03-28 09:45:00,23.53,17.62,
2026-03-28 10:00:00,38.53,33.5,
2026-03-28 10:15:00,22.48,16.79,
2026-03-28 10:30:00,14.04,11.28,
2026-03-28 10:45:00,6.75,6.66,
2026-03-28 11:00:00,13.45,9.61,
2026-03-28 11:15:00,15.0,8.86,
2026-03-28 11:30:00,11.8,8.02,
2026-03-28 11:45:00,9.29,8.06,
2026-03-28 12:00:00,12.01,6.94,22.1
2026-03-28 12:15:00,11.15,6.23,17.44
2026-03-28 12:30:00,9.35,7.98,13.36
2026-03-28 12:45:00,11.5,10.57,13.56
2026-03-28 13:00:00,9.0,9.3,16.66
2026-03-28 13:15:00,11.57,9.17,15.46
2026-03-28 13:30:00,15.92,13.06,15.36
2026-03-28 13:45:00,18.01,15.5,14.15
2026-03-28 14:00:00,11.02,13.33,8.73
2026-03-28 14:15:00,16.0,16.79,14.4
2026-03-28 14:30:00,30.72,28.71,32.93
2026-03-28 14:45:00,50.29,42.08,52.15
2026-03-28 15:00:00,28.92,32.46,27.87
2026-03-28 15:15:00,47.74,47.22,48.05
2026-03-28 15:30:00,75.66,66.71,78.46
2026-03-28 15:45:00,97.69,91.5,109.17
2026-03-28 16:00:00,65.0,65.0,75.05
2026-03-28 16:15:00,89.07,91.73,100.21
2026-03-28 16:30:00,94.06,98.84,108.7
2026-03-28 16:45:00,105.26,101.97,115.92
2026-03-28 17:00:00,110.93,114.0,122.1
2026-03-28 17:15:00,119.82,115.24,129.08
2026-03-28 17:30:00,130.7,130.12,140.17
2026-03-28 17:45:00,134.11,131.16,144.25
2026-03-28 18:00:00,127.33,123.63,138.0
2026-03-28 18:15:00,136.32,133.4,146.94
2026-03-28 18:30:00,149.04,149.08,158.1
2026-03-28 18:45:00,157.51,157.3,166.74
2026-03-28 19:00:00,158.62,158.21,166.92
2026-03-28 19:15:00,156.84,152.47,163.67
2026-03-28 19:30:00,155.46,155.06,163.78
2026-03-28 19:45:00,147.38,146.8,154.09
2026-03-28 20:00:00,168.64,159.68,170.33
2026-03-28 20:15:00,149.9,146.8,154.65
2026-03-28 20:30:00,138.01,143.01,147.56
2026-03-28 20:45:00,129.22,126.58,140.01
2026-03-28 21:00:00,153.0,145.91,156.01
2026-03-28 21:15:00,147.19,137.95,154.29
2026-03-28 21:30:00,129.86,126.88,134.64
2026-03-28 21:45:00,132.44,124.41,126.86
2026-03-28 22:00:00,131.43,129.0,130.78
2026-03-28 22:15:00,129.19,126.87,128.73
2026-03-28 22:30:00,124.34,123.43,125.45
2026-03-28 22:45:00,118.75,118.8,120.64
2026-03-28 23:00:00,128.1,128.57,133.43
2026-03-28 23:15:00,116.57,117.93,122.58
2026-03-28 23:30:00,117.84,121.32,121.23
2026-03-28 23:45:00,105.9,110.5,109.9
2026-03-29 00:00:00,122.01,114.04,
2026-03-29 00:15:00,117.12,120.42,
2026-03-29 00:30:00,106.26,107.57,
2026-03-29 00:45:00,103.8,104.0,
2026-03-29 01:00:00,110.18,107.91,
2026-03-29 01:15:00,107.04,106.07,
2026-03-29 01:30:00,105.95,107.41,
2026-03-29 01:45:00,103.22,107.07,
2026-03-29 02:00:00,100.13,102.44,
2026-03-29 02:15:00,99.6,102.96,
2026-03-29 02:30:00,99.65,102.61,
2026-03-29 02:45:00,101.73,104.01,
2026-03-29 03:00:00,106.3,104.0,
2026-03-29 03:15:00,103.11,105.56,
2026-03-29 03:30:00,105.0,104.01,
2026-03-29 03:45:00,103.55,109.83,
2026-03-29 04:00:00,102.5,105.6,
2026-03-29 04:15:00,102.43,106.52,
2026-03-29 04:30:00,102.56,107.5,
2026-03-29 04:45:00,102.96,109.03,
2026-03-29 05:00:00,99.2,104.58,
2026-03-29 05:15:00,101.63,107.1,
2026-03-29 05:30:00,110.01,115.19,
2026-03-29 05:45:00,110.34,115.71,
2026-03-29 06:00:00,111.0,120.57,
2026-03-29 06:15:00,109.39,117.74,
2026-03-29 06:30:00,108.96,116.42,
2026-03-29 06:45:00,106.74,115.42,
2026-03-29 07:00:00,114.85,123.46,
2026-03-29 07:15:00,114.28,123.86,
2026-03-29 07:30:00,73.15,111.97,
2026-03-29 07:45:00,58.34,103.85,
2026-03-29 08:00:00,-4.99,25.01,
2026-03-29 08:15:00,-9.93,1.99,
2026-03-29 08:30:00,-12.0,-8.4,
2026-03-29 08:45:00,-12.0,-7.68,
2026-03-29 09:00:00,-12.0,-14.0,
2026-03-29 09:15:00,-12.0,-15.4,
2026-03-29 09:30:00,-12.0,-14.14,
2026-03-29 09:45:00,-10.74,-11.91,
2026-03-29 10:00:00,-3.82,-14.6,
2026-03-29 10:15:00,-4.73,-14.93,
2026-03-29 10:30:00,-5.46,-16.08,
2026-03-29 10:45:00,-5.98,-14.98,
2026-03-29 11:00:00,-5.0,-9.01,-16.58
2026-03-29 11:15:00,-6.07,-10.0,-18.36
2026-03-29 11:30:00,-4.53,-8.56,-15.08
2026-03-29 11:45:00,-5.59,-8.91,-16.92
2026-03-29 12:00:00,-8.23,-7.72,-9.28
2026-03-29 12:15:00,-8.06,-7.17,-8.95
2026-03-29 12:30:00,-7.22,-5.53,-5.74
2026-03-29 12:45:00,-5.69,-2.99,-4.5
2026-03-29 13:00:00,-10.97,-10.0,-6.56
2026-03-29 13:15:00,-12.84,-8.41,-1.82
2026-03-29 13:30:00,-10.43,-5.69,0.01
2026-03-29 13:45:00,-14.99,-3.53,3.76
2026-03-29 14:00:00,0.01,-0.4,-2.52
2026-03-29 14:15:00,0.01,0.0,-4.07
2026-03-29 14:30:00,0.02,0.64,3.43
2026-03-29 14:45:00,0.99,0.1,3.81
2026-03-29 15:00:00,0.01,5.01,13.09
2026-03-29 15:15:00,18.34,21.2,57.54
2026-03-29 15:30:00,25.49,38.79,40.3
2026-03-29 15:45:00,44.65,48.47,50.91
2026-03-29 16:00:00,38.6,47.26,55.58
2026-03-29 16:15:00,87.39,85.66,92.17
2026-03-29 16:30:00,118.39,121.53,119.93
2026-03-29 16:45:00,141.44,135.8,133.0
2026-03-29 17:00:00,87.57,88.75,92.96
2026-03-29 17:15:00,98.19,96.49,106.95
2026-03-29 17:30:00,102.0,100.0,111.23
2026-03-29 17:45:00,129.68,126.57,133.88
2026-03-29 18:00:00,117.86,111.4,112.74
2026-03-29 18:15:00,127.81,122.9,127.19
2026-03-29 18:30:00,134.92,132.17,139.78
2026-03-29 18:45:00,136.62,133.53,145.02
2026-03-29 19:00:00,149.89,138.68,135.39
2026-03-29 19:15:00,127.73,128.57,135.37
2026-03-29 19:30:00,114.85,113.56,123.37
2026-03-29 19:45:00,112.89,111.54,112.0
2026-03-29 20:00:00,108.62,126.03,125.44
2026-03-29 20:15:00,105.81,113.45,123.45
2026-03-29 20:30:00,146.13,133.46,130.59
2026-03-29 20:45:00,143.84,116.53,120.43
2026-03-29 21:00:00,131.75,139.62,134.93
2026-03-29 21:15:00,127.53,127.88,124.05
2026-03-29 21:30:00,138.5,125.94,122.96
2026-03-29 21:45:00,136.79,106.5,100.59
2026-03-29 22:00:00,143.19,132.82,131.18
2026-03-29 22:15:00,138.18,126.2,120.2
2026-03-29 22:30:00,129.94,125.01,114.89
2026-03-29 22:45:00,125.01,119.01,83.31
2026-03-29 23:00:00,,,
2026-03-29 23:15:00,,,
2026-03-29 23:30:00,,,
2026-03-29 23:45:00,,,
2026-03-30 00:00:00,95.13,100.65,
2026-03-30 00:15:00,96.63,101.82,
2026-03-30 00:30:00,94.0,97.96,
2026-03-30 00:45:00,93.87,100.19,
2026-03-30 01:00:00,89.66,90.75,
2026-03-30 01:15:00,92.54,94.08,
2026-03-30 01:30:00,92.67,96.44,
2026-03-30 01:45:00,93.9,95.42,
2026-03-30 02:00:00,91.26,92.71,
2026-03-30 02:15:00,89.17,89.16,
2026-03-30 02:30:00,67.35,91.9,
2026-03-30 02:45:00,68.33,70.59,
2026-03-30 03:00:00,70.9,69.95,
2026-03-30 03:15:00,86.0,95.0,
2026-03-30 03:30:00,62.16,60.73,
2026-03-30 03:45:00,85.0,86.77,
2026-03-30 04:00:00,90.0,91.83,
2026-03-30 04:15:00,91.9,93.44,
2026-03-30 04:30:00,90.19,90.43,
2026-03-30 04:45:00,92.76,87.76,
2026-03-30 05:00:00,91.51,90.45,
2026-03-30 05:15:00,97.36,96.43,
2026-03-30 05:30:00,106.93,103.17,
2026-03-30 05:45:00,131.62,134.4,
2026-03-30 06:00:00,145.92,146.92,
2026-03-30 06:15:00,154.35,157.47,
2026-03-30 06:30:00,159.32,159.9,
2026-03-30 06:45:00,169.29,169.06,
2026-03-30 07:00:00,178.52,200.25,
2026-03-30 07:15:00,183.39,200.0,
2026-03-30 07:30:00,179.92,188.07,
2026-03-30 07:45:00,177.27,176.99,
2026-03-30 08:00:00,182.23,182.18,
2026-03-30 08:15:00,179.26,179.03,
2026-03-30 08:30:00,167.58,166.09,
2026-03-30 08:45:00,136.0,131.73,
2026-03-30 09:00:00,158.44,152.47,
2026-03-30 09:15:00,110.03,101.42,
2026-03-30 09:30:00,95.25,89.72,
2026-03-30 09:45:00,98.53,91.75,
2026-03-30 10:00:00,149.86,135.44,
2026-03-30 10:15:00,115.01,85.01,
2026-03-30 10:30:00,74.77,49.77,
2026-03-30 10:45:00,8.31,0.0,
2026-03-30 11:00:00,61.87,45.0,
2026-03-30 11:15:00,6.53,1.23,
2026-03-30 11:30:00,7.51,5.11,
2026-03-30 11:45:00,7.3,4.58,
2026-03-30 12:00:00,10.2,8.55,-14.98
2026-03-30 12:15:00,9.43,7.1,-14.98
2026-03-30 12:30:00,9.21,6.4,-14.98
2026-03-30 12:45:00,9.07,6.78,-11.66
2026-03-30 13:00:00,4.21,0.1,-19.98
2026-03-30 13:15:00,8.19,4.9,-4.98
2026-03-30 13:30:00,66.23,34.23,26.23
2026-03-30 13:45:00,102.1,76.6,62.1
2026-03-30 14:00:00,70.13,47.47,30.13
2026-03-30 14:15:00,132.36,123.03,116.18
2026-03-30 14:30:00,128.63,128.63,128.63
2026-03-30 14:45:00,132.82,135.01,136.86
2026-03-30 15:00:00,89.96,87.88,102.88
2026-03-30 15:15:00,115.38,109.38,106.63
2026-03-30 15:30:00,128.1,123.1,136.04
2026-03-30 15:45:00,140.5,142.49,153.27
2026-03-30 16:00:00,106.33,104.73,104.39
2026-03-30 16:15:00,142.79,142.46,137.46
2026-03-30 16:30:00,149.87,144.11,141.3
2026-03-30 16:45:00,155.41,155.65,153.89
2026-03-30 17:00:00,105.98,100.22,108.31
2026-03-30 17:15:00,143.25,132.15,143.39
2026-03-30 17:30:00,164.01,152.75,158.97
2026-03-30 17:45:00,177.56,175.09,177.91
2026-03-30 18:00:00,104.15,75.52,104.0
2026-03-30 18:15:00,180.18,161.79,146.99
2026-03-30 18:30:00,200.12,199.78,188.73
2026-03-30 18:45:00,213.05,213.21,215.53
2026-03-30 19:00:00,194.26,192.37,184.98
2026-03-30 19:15:00,215.11,209.11,201.24
2026-03-30 19:30:00,223.0,222.69,223.0
2026-03-30 19:45:00,221.16,214.16,210.78
2026-03-30 20:00:00,225.95,218.29,221.86
2026-03-30 20:15:00,218.47,209.42,199.3
2026-03-30 20:30:00,192.62,183.72,179.65
2026-03-30 20:45:00,161.75,148.57,162.03
2026-03-30 21:00:00,184.42,188.99,189.28
2026-03-30 21:15:00,167.09,160.11,168.77
2026-03-30 21:30:00,172.91,148.46,150.28
2026-03-30 21:45:00,148.77,141.78,134.21
2026-03-30 22:00:00,162.03,144.92,150.0
2026-03-30 22:15:00,129.96,127.35,133.57
2026-03-30 22:30:00,138.35,123.58,132.5
2026-03-30 22:45:00,140.17,123.24,129.96
2026-03-30 23:00:00,139.0,125.25,131.03
2026-03-30 23:15:00,118.0,110.14,117.6
2026-03-30 23:30:00,114.0,108.95,113.69
2026-03-30 23:45:00,104.0,104.49,111.14
2026-03-31 00:00:00,131.77,142.28,
2026-03-31 00:15:00,121.43,134.11,
2026-03-31 00:30:00,116.75,127.28,
2026-03-31 00:45:00,113.99,119.21,
2026-03-31 01:00:00,114.69,118.89,
2026-03-31 01:15:00,114.67,121.73,
2026-03-31 01:30:00,108.4,120.59,
2026-03-31 01:45:00,109.71,119.75,
2026-03-31 02:00:00,115.29,119.02,
2026-03-31 02:15:00,106.09,117.96,
2026-03-31 02:30:00,104.25,117.99,
2026-03-31 02:45:00,104.31,116.48,
2026-03-31 03:00:00,105.68,107.46,
2026-03-31 03:15:00,105.01,106.2,
2026-03-31 03:30:00,107.17,105.6,
2026-03-31 03:45:00,108.51,117.45,
2026-03-31 04:00:00,111.89,116.0,
2026-03-31 04:15:00,116.7,118.51,
2026-03-31 04:30:00,108.34,118.01,
2026-03-31 04:45:00,110.96,118.83,
2026-03-31 05:00:00,112.0,114.09,
2026-03-31 05:15:00,115.23,117.75,
2026-03-31 05:30:00,127.34,130.52,
2026-03-31 05:45:00,137.42,137.99,
2026-03-31 06:00:00,116.1,128.58,
2026-03-31 06:15:00,156.27,163.37,
2026-03-31 06:30:00,163.12,168.78,
2026-03-31 06:45:00,180.57,172.28,
2026-03-31 07:00:00,199.81,210.25,
2026-03-31 07:15:00,206.13,216.59,
2026-03-31 07:30:00,160.56,174.04,
2026-03-31 07:45:00,153.6,164.45,
2026-03-31 08:00:00,195.68,191.41,
2026-03-31 08:15:00,183.26,177.97,
2026-03-31 08:30:00,155.43,150.44,
2026-03-31 08:45:00,131.82,125.82,
2026-03-31 09:00:00,171.18,161.83,
2026-03-31 09:15:00,105.12,94.31,
2026-03-31 09:30:00,115.07,109.07,
2026-03-31 09:45:00,114.0,105.0,
2026-03-31 10:00:00,126.09,116.09,
2026-03-31 10:15:00,107.55,99.01,
2026-03-31 10:30:00,104.42,101.83,
2026-03-31 10:45:00,97.36,94.16,
2026-03-31 11:00:00,104.45,91.37,
2026-03-31 11:15:00,96.2,84.06,
2026-03-31 11:30:00,94.14,90.34,
2026-03-31 11:45:00,93.35,88.79,
2026-03-31 12:00:00,93.14,92.9,94.42
2026-03-31 12:15:00,92.96,93.22,93.62
2026-03-31 12:30:00,92.75,92.58,93.91
2026-03-31 12:45:00,92.43,91.3,93.75
2026-03-31 13:00:00,91.58,92.26,94.58
2026-03-31 13:15:00,91.62,91.9,94.32
2026-03-31 13:30:00,91.64,92.37,94.49
2026-03-31 13:45:00,92.69,94.03,95.54
2026-03-31 14:00:00,91.35,93.91,95.74
2026-03-31 14:15:00,92.62,94.59,102.85
2026-03-31 14:30:00,94.14,100.25,108.52
2026-03-31 14:45:00,102.63,104.89,120.17
2026-03-31 15:00:00,92.9,104.89,107.9
2026-03-31 15:15:00,96.81,99.41,135.13
2026-03-31 15:30:00,98.84,104.89,138.61
2026-03-31 15:45:00,105.52,104.89,129.52
2026-03-31 16:00:00,96.58,98.91,116.52
2026-03-31 16:15:00,107.0,106.81,117.19
2026-03-31 16:30:00,135.42,135.28,150.7
2026-03-31 16:45:00,150.32,149.32,166.15
2026-03-31 17:00:00,116.25,112.65,109.65
2026-03-31 17:15:00,131.99,130.1,134.64
2026-03-31 17:30:00,159.55,168.13,172.03
2026-03-31 17:45:00,181.39,187.89,179.9
2026-03-31 18:00:00,119.48,122.92,132.7
2026-03-31 18:15:00,147.62,156.89,164.45
2026-03-31 18:30:00,169.71,172.23,182.07
2026-03-31 18:45:00,225.72,223.3,225.64
2026-03-31 19:00:00,152.98,157.2,166.34
2026-03-31 19:15:00,184.35,184.1,193.57
2026-03-31 19:30:00,197.24,200.07,209.86
2026-03-31 19:45:00,204.85,213.67,222.07
2026-03-31 20:00:00,207.09,223.43,211.89
2026-03-31 20:15:00,192.96,216.55,200.0
2026-03-31 20:30:00,175.92,202.51,183.74
2026-03-31 20:45:00,160.38,176.73,169.85
2026-03-31 21:00:00,200.19,205.38,211.2
2026-03-31 21:15:00,169.06,185.97,177.09
2026-03-31 21:30:00,159.81,173.29,167.98
2026-03-31 21:45:00,151.15,169.02,167.59
2026-03-31 22:00:00,169.82,175.0,173.63
2026-03-31 22:15:00,157.52,160.01,161.3
2026-03-31 22:30:00,151.85,155.0,152.99
2026-03-31 22:45:00,149.0,151.47,151.47
2026-03-31 23:00:00,151.78,154.0,153.39
2026-03-31 23:15:00,149.14,151.45,148.0
2026-03-31 23:30:00,148.96,151.45,150.96
2026-03-31 23:45:00,143.71,145.6,142.41
2026-04-01 00:00:00,154.51,147.45,
2026-04-01 00:15:00,148.7,146.39,
2026-04-01 00:30:00,140.61,138.4,
2026-04-01 00:45:00,131.45,132.95,
2026-04-01 01:00:00,144.39,140.33,
2026-04-01 01:15:00,131.03,131.99,
2026-04-01 01:30:00,131.06,132.18,
2026-04-01 01:45:00,127.04,128.37,
2026-04-01 02:00:00,129.0,132.99,
2026-04-01 02:15:00,132.41,128.2,
2026-04-01 02:30:00,134.16,129.43,
2026-04-01 02:45:00,129.75,129.58,
2026-04-01 03:00:00,123.68,128.36,
2026-04-01 03:15:00,129.16,133.99,
2026-04-01 03:30:00,131.9,134.0,
2026-04-01 03:45:00,133.9,134.13,
2026-04-01 04:00:00,125.19,131.02,
2026-04-01 04:15:00,133.15,131.62,
2026-04-01 04:30:00,143.09,138.79,
2026-04-01 04:45:00,141.7,140.32,
2026-04-01 05:00:00,123.01,122.31,
2026-04-01 05:15:00,137.94,142.13,
2026-04-01 05:30:00,144.01,145.04,
2026-04-01 05:45:00,166.22,164.0,
2026-04-01 06:00:00,165.85,159.99,
2026-04-01 06:15:00,177.7,170.8,
2026-04-01 06:30:00,190.46,185.41,
2026-04-01 06:45:00,206.3,196.39,
2026-04-01 07:00:00,226.77,217.04,
2026-04-01 07:15:00,233.57,223.26,
2026-04-01 07:30:00,220.0,221.54,
2026-04-01 07:45:00,216.14,215.36,
2026-04-01 08:00:00,247.0,227.84,
2026-04-01 08:15:00,220.0,214.59,
2026-04-01 08:30:00,190.49,184.05,
2026-04-01 08:45:00,161.61,163.83,
2026-04-01 09:00:00,209.0,212.0,
2026-04-01 09:15:00,181.55,180.1,
2026-04-01 09:30:00,140.08,138.48,
2026-04-01 09:45:00,118.75,121.28,
2026-04-01 10:00:00,163.26,158.0,
2026-04-01 10:15:00,142.0,146.58,
2026-04-01 10:30:00,135.0,128.01,
2026-04-01 10:45:00,127.06,123.87,
2026-04-01 11:00:00,143.55,142.83,
2026-04-01 11:15:00,142.54,144.95,
2026-04-01 11:30:00,131.79,131.08,
2026-04-01 11:45:00,135.35,136.95,
2026-04-01 12:00:00,146.73,144.07,
2026-04-01 12:15:00,126.92,127.64,
2026-04-01 12:30:00,123.56,118.85,
2026-04-01 12:45:00,120.68,115.48,
2026-04-01 13:00:00,122.19,118.04,
2026-04-01 13:15:00,121.16,116.93,
2026-04-01 13:30:00,119.18,114.43,
2026-04-01 13:45:00,117.85,113.2,
2026-04-01 14:00:00,120.02,114.29,
2026-04-01 14:15:00,119.35,113.4,
2026-04-01 14:30:00,119.66,112.13,
2026-04-01 14:45:00,123.44,111.39,
2026-04-01 15:00:00,124.22,103.2,
2026-04-01 15:15:00,128.96,107.13,
2026-04-01 15:30:00,128.29,119.84,
2026-04-01 15:45:00,130.76,116.3,
2026-04-01 16:00:00,129.27,120.56,
2026-04-01 16:15:00,131.2,123.81,
2026-04-01 16:30:00,163.98,137.07,
2026-04-01 16:45:00,180.08,155.65,
2026-04-01 17:00:00,120.72,116.83,
2026-04-01 17:15:00,142.52,137.52,
2026-04-01 17:30:00,177.29,168.78,
2026-04-01 17:45:00,191.29,191.29,
2026-04-01 18:00:00,174.01,168.13,
2026-04-01 18:15:00,196.18,184.36,
2026-04-01 18:30:00,189.72,184.72,
2026-04-01 18:45:00,142.08,139.73,
2026-04-01 19:00:00,197.87,200.1,
2026-04-01 19:15:00,201.9,198.01,
2026-04-01 19:30:00,212.56,200.02,
2026-04-01 19:45:00,188.91,183.48,
2026-04-01 20:00:00,222.3,205.9,
2026-04-01 20:15:00,210.25,190.36,
2026-04-01 20:30:00,185.01,180.18,
2026-04-01 20:45:00,209.19,201.46,
2026-04-01 21:00:00,177.68,180.8,
2026-04-01 21:15:00,166.02,164.5,
2026-04-01 21:30:00,165.25,163.68,
2026-04-01 21:45:00,147.47,147.9,
2026-04-01 22:00:00,167.52,163.68,
2026-04-01 22:15:00,154.97,154.19,
2026-04-01 22:30:00,154.34,152.09,
2026-04-01 22:45:00,138.43,138.43,
2026-04-01 23:00:00,150.9,148.06,
2026-04-01 23:15:00,139.56,139.56,
2026-04-01 23:30:00,129.33,130.28,
2026-04-01 23:45:00,117.05,119.18,
2026-04-02 00:00:00,138.01,140.73,
2026-04-02 00:15:00,127.62,134.57,
2026-04-02 00:30:00,120.58,124.57,
2026-04-02 00:45:00,116.17,119.87,
2026-04-02 01:00:00,124.55,134.22,
2026-04-02 01:15:00,118.13,124.7,
2026-04-02 01:30:00,115.58,120.6,
2026-04-02 01:45:00,110.58,117.42,
2026-04-02 02:00:00,115.54,125.42,
2026-04-02 02:15:00,111.64,121.49,
2026-04-02 02:30:00,110.89,119.72,
2026-04-02 02:45:00,108.0,117.36,
2026-04-02 03:00:00,107.6,118.43,
2026-04-02 03:15:00,106.93,114.08,
2026-04-02 03:30:00,108.08,117.77,
2026-04-02 03:45:00,108.99,117.73,
2026-04-02 04:00:00,104.63,112.64,
2026-04-02 04:15:00,104.36,113.79,
2026-04-02 04:30:00,109.8,119.82,
2026-04-02 04:45:00,113.47,122.31,
2026-04-02 05:00:00,107.08,118.12,
2026-04-02 05:15:00,111.93,124.09,
2026-04-02 05:30:00,123.0,136.08,
2026-04-02 05:45:00,139.15,149.15,
2026-04-02 06:00:00,131.66,140.09,
2026-04-02 06:15:00,150.16,158.41,
2026-04-02 06:30:00,165.05,165.65,
2026-04-02 06:45:00,167.5,167.85,
2026-04-02 07:00:00,163.72,169.72,
2026-04-02 07:15:00,166.86,170.23,
2026-04-02 07:30:00,160.55,171.95,
2026-04-02 07:45:00,150.0,163.0,
2026-04-02 08:00:00,211.87,207.31,
2026-04-02 08:15:00,165.46,173.19,
2026-04-02 08:30:00,140.35,159.26,
2026-04-02 08:45:00,117.03,130.06,
2026-04-02 09:00:00,153.01,155.99,
2026-04-02 09:15:00,140.95,140.06,
2026-04-02 09:30:00,131.91,125.79,
2026-04-02 09:45:00,121.92,115.28,
2026-04-02 10:00:00,128.23,133.57,
2026-04-02 10:15:00,130.89,134.96,
2026-04-02 10:30:00,122.58,123.0,
2026-04-02 10:45:00,122.07,121.9,
2026-04-02 11:00:00,128.61,123.61,
2026-04-02 11:15:00,119.43,118.16,
2026-04-02 11:30:00,115.69,115.52,
2026-04-02 11:45:00,104.74,105.98,
2026-04-02 12:00:00,116.31,104.4,120.84
2026-04-02 12:15:00,118.0,110.4,120.1
2026-04-02 12:30:00,120.0,115.25,118.68
2026-04-02 12:45:00,118.6,111.17,108.64
2026-04-02 13:00:00,107.0,99.1,128.08
2026-04-02 13:15:00,103.0,94.56,116.85
2026-04-02 13:30:00,103.0,96.97,128.05
2026-04-02 13:45:00,106.05,100.45,127.03
2026-04-02 14:00:00,106.0,108.13,125.0
2026-04-02 14:15:00,104.27,105.0,125.0
2026-04-02 14:30:00,119.04,111.35,122.79
2026-04-02 14:45:00,120.91,109.05,119.54
2026-04-02 15:00:00,115.31,118.86,108.3
2026-04-02 15:15:00,114.71,119.5,110.0
2026-04-02 15:30:00,127.92,118.86,113.11
2026-04-02 15:45:00,128.34,122.34,113.24
2026-04-02 16:00:00,114.34,106.68,108.56
2026-04-02 16:15:00,119.24,105.8,105.1
2026-04-02 16:30:00,143.09,122.83,108.23
2026-04-02 16:45:00,176.49,169.13,143.24
2026-04-02 17:00:00,117.71,113.22,104.9
2026-04-02 17:15:00,132.17,119.99,104.38
2026-04-02 17:30:00,149.78,136.55,116.06
2026-04-02 17:45:00,183.64,163.64,145.98
2026-04-02 18:00:00,172.4,132.3,171.98
2026-04-02 18:15:00,178.97,161.43,175.96
2026-04-02 18:30:00,182.88,184.21,183.33
2026-04-02 18:45:00,173.85,167.94,176.98
2026-04-02 19:00:00,158.04,152.8,151.98
2026-04-02 19:15:00,164.6,160.89,167.6
2026-04-02 19:30:00,189.51,192.25,176.47
2026-04-02 19:45:00,181.95,180.91,190.13
2026-04-02 20:00:00,180.81,178.06,175.81
2026-04-02 20:15:00,173.4,168.0,165.01
2026-04-02 20:30:00,161.92,158.54,154.08
2026-04-02 20:45:00,187.37,154.81,148.26
2026-04-02 21:00:00,165.96,163.22,153.97
2026-04-02 21:15:00,155.4,156.27,144.91
2026-04-02 21:30:00,165.0,148.7,147.3
2026-04-02 21:45:00,175.56,143.8,141.23
2026-04-02 22:00:00,158.09,153.94,143.2
2026-04-02 22:15:00,140.47,141.43,138.47
2026-04-02 22:30:00,133.39,140.45,141.49
2026-04-02 22:45:00,130.61,135.6,138.96
2026-04-02 23:00:00,137.08,139.4,140.45
2026-04-02 23:15:00,135.14,133.66,132.33
2026-04-02 23:30:00,125.4,133.01,134.5
2026-04-02 23:45:00,117.46,121.93,121.93
2026-04-03 00:00:00,145.6,142.23,
2026-04-03 00:15:00,138.51,141.73,
2026-04-03 00:30:00,136.63,137.63,
2026-04-03 00:45:00,125.99,130.01,
2026-04-03 01:00:00,123.96,132.11,
2026-04-03 01:15:00,124.1,129.82,
2026-04-03 01:30:00,123.3,125.9,
2026-04-03 01:45:00,118.62,122.44,
2026-04-03 02:00:00,128.9,130.27,
2026-04-03 02:15:00,119.27,123.98,
2026-04-03 02:30:00,115.11,121.81,
2026-04-03 02:45:00,118.84,120.28,
2026-04-03 03:00:00,118.98,122.5,
2026-04-03 03:15:00,116.75,122.63,
2026-04-03 03:30:00,116.29,122.49,
2026-04-03 03:45:00,120.75,120.97,
2026-04-03 04:00:00,121.29,120.91,
2026-04-03 04:15:00,120.98,121.51,
2026-04-03 04:30:00,124.35,121.84,
2026-04-03 04:45:00,122.0,122.99,
2026-04-03 05:00:00,124.12,118.8,
2026-04-03 05:15:00,132.24,130.0,
2026-04-03 05:30:00,126.8,125.21,
2026-04-03 05:45:00,140.31,133.49,
2026-04-03 06:00:00,147.71,147.99,
2026-04-03 06:15:00,158.86,166.67,
2026-04-03 06:30:00,165.24,176.28,
2026-04-03 06:45:00,149.95,152.3,
2026-04-03 07:00:00,180.54,183.54,
2026-04-03 07:15:00,167.35,175.37,
2026-04-03 07:30:00,136.05,140.97,
2026-04-03 07:45:00,126.09,132.83,
2026-04-03 08:00:00,156.58,157.14,
2026-04-03 08:15:00,138.72,141.83,
2026-04-03 08:30:00,129.94,131.24,
2026-04-03 08:45:00,118.46,122.31,
2026-04-03 09:00:00,145.33,138.29,
2026-04-03 09:15:00,127.35,119.43,
2026-04-03 09:30:00,129.52,121.28,
2026-04-03 09:45:00,121.82,113.27,
2026-04-03 10:00:00,124.06,121.91,
2026-04-03 10:15:00,108.63,112.14,
2026-04-03 10:30:00,94.33,100.86,
2026-04-03 10:45:00,97.71,93.33,
2026-04-03 11:00:00,146.22,139.22,
2026-04-03 11:15:00,102.06,103.89,
2026-04-03 11:30:00,102.57,100.44,
2026-04-03 11:45:00,71.21,72.83,
2026-04-03 12:00:00,99.28,92.57,112.22
2026-04-03 12:15:00,56.85,65.84,125.47
2026-04-03 12:30:00,100.0,96.52,118.44
2026-04-03 12:45:00,109.0,105.36,121.48
2026-04-03 13:00:00,104.05,104.05,99.62
2026-04-03 13:15:00,104.06,104.06,97.71
2026-04-03 13:30:00,99.55,99.39,95.91
2026-04-03 13:45:00,74.93,73.5,75.88
2026-04-03 14:00:00,60.47,60.84,75.84
2026-04-03 14:15:00,66.1,64.41,73.76
2026-04-03 14:30:00,104.05,97.28,96.5
2026-04-03 14:45:00,127.29,121.04,113.04
2026-04-03 15:00:00,104.06,102.28,92.69
2026-04-03 15:15:00,56.05,57.49,59.05
2026-04-03 15:30:00,65.7,65.62,69.22
2026-04-03 15:45:00,109.53,88.33,67.47
2026-04-03 16:00:00,14.27,36.29,79.55
2026-04-03 16:15:00,105.0,115.02,119.12
2026-04-03 16:30:00,114.44,117.73,121.25
2026-04-03 16:45:00,126.59,127.89,138.16
2026-04-03 17:00:00,110.52,115.2,125.55
2026-04-03 17:15:00,115.74,118.0,128.12
2026-04-03 17:30:00,132.74,135.72,139.2
2026-04-03 17:45:00,153.22,155.19,153.3
2026-04-03 18:00:00,130.53,128.51,159.36
2026-04-03 18:15:00,172.71,160.58,170.46
2026-04-03 18:30:00,165.49,159.6,153.08
2026-04-03 18:45:00,184.82,161.95,160.08
2026-04-03 19:00:00,141.57,161.37,167.27
2026-04-03 19:15:00,151.01,167.32,162.35
2026-04-03 19:30:00,193.82,193.82,173.67
2026-04-03 19:45:00,216.28,218.3,203.39
2026-04-03 20:00:00,206.23,203.23,183.23
2026-04-03 20:15:00,192.08,195.36,175.36
2026-04-03 20:30:00,168.64,186.2,168.63
2026-04-03 20:45:00,141.98,164.81,160.28
2026-04-03 21:00:00,149.22,156.22,157.96
2026-04-03 21:15:00,147.59,153.03,153.26
2026-04-03 21:30:00,154.8,153.83,160.08
2026-04-03 21:45:00,169.67,161.45,180.13
2026-04-03 22:00:00,183.39,157.38,161.22
2026-04-03 22:15:00,169.09,149.2,151.04
2026-04-03 22:30:00,146.21,147.6,148.6
2026-04-03 22:45:00,134.79,134.93,141.7
2026-04-03 23:00:00,157.36,150.0,145.62
2026-04-03 23:15:00,143.3,141.66,144.15
2026-04-03 23:30:00,134.57,141.59,136.28
2026-04-03 23:45:00,120.09,124.08,123.08
2026-04-04 00:00:00,116.46,121.8,
2026-04-04 00:15:00,132.51,128.5,
2026-04-04 00:30:00,132.34,121.18,
2026-04-04 00:45:00,132.13,104.15,
2026-04-04 01:00:00,117.11,114.3,
2026-04-04 01:15:00,117.0,110.5,
2026-04-04 01:30:00,118.03,106.54,
2026-04-04 01:45:00,105.73,102.54,
2026-04-04 02:00:00,109.25,113.86,
2026-04-04 02:15:00,97.33,108.28,
2026-04-04 02:30:00,95.0,102.45,
2026-04-04 02:45:00,89.21,84.25,
2026-04-04 03:00:00,89.91,98.07,
2026-04-04 03:15:00,82.25,87.59,
2026-04-04 03:30:00,72.99,78.19,
2026-04-04 03:45:00,70.93,72.89,
2026-04-04 04:00:00,70.21,75.0,
2026-04-04 04:15:00,76.85,76.18,
2026-04-04 04:30:00,75.57,70.1,
2026-04-04 04:45:00,86.79,86.94,
2026-04-04 05:00:00,92.75,96.67,
2026-04-04 05:15:00,88.84,67.72,
2026-04-04 05:30:00,88.87,61.51,
2026-04-04 05:45:00,104.58,77.62,
2026-04-04 06:00:00,93.8,68.86,
2026-04-04 06:15:00,110.18,81.0,
2026-04-04 06:30:00,116.97,85.79,
2026-04-04 06:45:00,113.26,84.07,
2026-04-04 07:00:00,113.0,88.11,
2026-04-04 07:15:00,90.01,81.04,
2026-04-04 07:30:00,72.0,61.35,
2026-04-04 07:45:00,53.5,42.16,
2026-04-04 08:00:00,61.2,53.05,
2026-04-04 08:15:00,35.52,30.0,
2026-04-04 08:30:00,28.51,31.51,
2026-04-04 08:45:00,19.31,20.38,
2026-04-04 09:00:00,40.01,49.8,
2026-04-04 09:15:00,18.42,20.52,
2026-04-04 09:30:00,12.39,13.43,
2026-04-04 09:45:00,4.28,9.97,
2026-04-04 10:00:00,13.74,16.01,
2026-04-04 10:15:00,8.73,9.85,
2026-04-04 10:30:00,-2.93,4.37,
2026-04-04 10:45:00,-3.43,6.42,
2026-04-04 11:00:00,7.59,9.8,
2026-04-04 11:15:00,4.01,10.33,
2026-04-04 11:30:00,3.44,5.92,
2026-04-04 11:45:00,0.97,3.2,
2026-04-04 12:00:00,5.0,4.23,-2.0
2026-04-04 12:15:00,1.54,3.58,-3.66
2026-04-04 12:30:00,0.83,3.14,-2.1
2026-04-04 12:45:00,-1.24,-0.73,-6.0
2026-04-04 13:00:00,0.04,0.09,-7.58
2026-04-04 13:15:00,-0.48,0.0,-4.0
2026-04-04 13:30:00,0.0,-0.01,-3.76
2026-04-04 13:45:00,0.0,-1.0,-3.66
2026-04-04 14:00:00,-7.1,-2.1,-9.0
2026-04-04 14:15:00,-1.5,-2.1,-10.71
2026-04-04 14:30:00,-1.24,-2.1,-9.0
2026-04-04 14:45:00,-1.5,-1.0,-8.66
2026-04-04 15:00:00,-7.01,-2.1,-11.64
2026-04-04 15:15:00,-1.78,-1.31,-5.55
2026-04-04 15:30:00,-1.15,-0.5,-3.87
2026-04-04 15:45:00,0.1,3.32,-2.75
2026-04-04 16:00:00,-1.65,-0.13,0.0
2026-04-04 16:15:00,0.44,1.92,1.47
2026-04-04 16:30:00,8.28,3.08,7.36
2026-04-04 16:45:00,34.26,22.95,30.18
2026-04-04 17:00:00,17.0,12.17,9.47
2026-04-04 17:15:00,43.34,35.55,37.62
2026-04-04 17:30:00,94.01,94.05,55.13
2026-04-04 17:45:00,121.48,120.0,86.0
2026-04-04 18:00:00,116.8,102.8,78.72
2026-04-04 18:15:00,125.37,111.01,85.45
2026-04-04 18:30:00,133.07,124.37,99.09
2026-04-04 18:45:00,171.97,144.14,129.9
2026-04-04 19:00:00,137.74,115.97,89.49
2026-04-04 19:15:00,145.44,122.88,102.51
2026-04-04 19:30:00,164.31,140.83,97.73
2026-04-04 19:45:00,171.0,143.03,95.05
2026-04-04 20:00:00,185.47,150.46,100.77
2026-04-04 20:15:00,145.02,128.37,112.06
2026-04-04 20:30:00,134.63,114.01,76.13
2026-04-04 20:45:00,119.81,99.95,92.01
2026-04-04 21:00:00,138.02,122.08,83.26
2026-04-04 21:15:00,116.53,102.2,97.58
2026-04-04 21:30:00,126.76,79.97,88.11
2026-04-04 21:45:00,114.41,80.92,78.52
2026-04-04 22:00:00,115.75,118.0,92.1
2026-04-04 22:15:00,114.94,102.34,93.09
2026-04-04 22:30:00,109.0,91.54,85.23
2026-04-04 22:45:00,70.59,65.57,62.99
2026-04-04 23:00:00,111.36,102.01,77.79
2026-04-04 23:15:00,93.56,97.59,87.74
2026-04-04 23:30:00,64.93,62.49,60.2
2026-04-04 23:45:00,29.39,22.46,37.75
2026-04-05 00:00:00,92.7,69.09,
2026-04-05 00:15:00,77.9,61.87,
2026-04-05 00:30:00,48.1,43.32,
2026-04-05 00:45:00,-4.32,15.16,
2026-04-05 01:00:00,69.05,63.99,
2026-04-05 01:15:00,59.92,64.5,
2026-04-05 01:30:00,47.19,40.67,
2026-04-05 01:45:00,8.7,18.31,
2026-04-05 02:00:00,49.7,36.3,
2026-04-05 02:15:00,20.0,21.92,
2026-04-05 02:30:00,6.63,14.3,
2026-04-05 02:45:00,6.39,10.84,
2026-04-05 03:00:00,15.01,18.11,
2026-04-05 03:15:00,19.84,23.53,
2026-04-05 03:30:00,43.8,36.45,
2026-04-05 03:45:00,56.0,44.0,
2026-04-05 04:00:00,22.21,12.09,
2026-04-05 04:15:00,34.9,14.5,
2026-04-05 04:30:00,10.59,14.0,
2026-04-05 04:45:00,18.81,14.77,
2026-04-05 05:00:00,24.93,16.8,
2026-04-05 05:15:00,39.77,13.33,
2026-04-05 05:30:00,44.98,17.91,
2026-04-05 05:45:00,79.23,22.53,
2026-04-05 06:00:00,114.44,37.04,
2026-04-05 06:15:00,61.9,22.75,
2026-04-05 06:30:00,25.7,14.12,
2026-04-05 06:45:00,16.21,8.08,
2026-04-05 07:00:00,29.28,17.06,
2026-04-05 07:15:00,14.96,12.66,
2026-04-05 07:30:00,7.65,14.99,
2026-04-05 07:45:00,-4.8,1.89,
2026-04-05 08:00:00,10.0,4.14,
2026-04-05 08:15:00,9.96,5.01,
2026-04-05 08:30:00,9.6,6.6,
2026-04-05 08:45:00,4.33,5.41,
2026-04-05 09:00:00,-1.94,-2.01,
2026-04-05 09:15:00,-5.16,-5.16,
2026-04-05 09:30:00,-8.02,-6.74,
2026-04-05 09:45:00,-16.83,-10.48,
2026-04-05 10:00:00,-14.44,-14.44,
2026-04-05 10:15:00,-24.39,-19.39,
2026-04-05 10:30:00,-29.3,-33.35,
2026-04-05 10:45:00,-36.1,-43.1,
2026-04-05 11:00:00,-33.53,-36.0,
2026-04-05 11:15:00,-38.22,-38.32,
2026-04-05 11:30:00,-29.82,-35.0,
2026-04-05 11:45:00,-39.9,-40.13,
2026-04-05 12:00:00,-29.72,-36.82,-34.82
2026-04-05 12:15:00,-29.22,-29.82,-34.82
2026-04-05 12:30:00,-34.4,-35.0,-36.0
2026-04-05 12:45:00,-47.49,-48.49,-53.49
2026-04-05 13:00:00,-50.0,-50.0,-65.92
2026-04-05 13:15:00,-49.92,-50.0,-64.32
2026-04-05 13:30:00,-46.29,-49.0,-56.38
2026-04-05 13:45:00,-46.16,-48.44,-62.62
2026-04-05 14:00:00,-41.93,-44.74,-55.0
2026-04-05 14:15:00,-41.93,-44.67,-55.0
2026-04-05 14:30:00,-41.86,-44.77,-55.0
2026-04-05 14:45:00,-42.3,-45.0,-55.0
2026-04-05 15:00:00,-47.77,-50.14,-56.37
2026-04-05 15:15:00,-49.94,-50.56,-50.77
2026-04-05 15:30:00,-50.0,-50.0,-48.96
2026-04-05 15:45:00,-42.87,-39.88,-35.13
2026-04-05 16:00:00,-29.82,-29.82,-34.72
2026-04-05 16:15:00,-6.35,-13.35,-26.93
2026-04-05 16:30:00,-3.26,-10.28,-21.71
2026-04-05 16:45:00,8.49,0.0,0.0
2026-04-05 17:00:00,-4.26,-10.0,-15.12
2026-04-05 17:15:00,-3.07,0.0,-3.99
2026-04-05 17:30:00,13.57,-0.89,14.7
2026-04-05 17:45:00,75.79,42.91,11.42
2026-04-05 18:00:00,51.4,6.19,36.97
2026-04-05 18:15:00,93.0,47.83,61.06
2026-04-05 18:30:00,118.93,70.0,80.11
2026-04-05 18:45:00,122.51,76.86,82.0
2026-04-05 19:00:00,114.0,88.42,97.54
2026-04-05 19:15:00,115.71,86.75,74.4
2026-04-05 19:30:00,116.5,92.49,84.29
2026-04-05 19:45:00,138.01,113.9,92.51
2026-04-05 20:00:00,118.52,97.6,84.56
2026-04-05 20:15:00,117.76,96.25,74.97
2026-04-05 20:30:00,118.35,102.82,87.59
2026-04-05 20:45:00,119.22,102.12,96.53
2026-04-05 21:00:00,116.21,102.3,88.11
2026-04-05 21:15:00,124.64,102.71,90.11
2026-04-05 21:30:00,116.46,96.1,85.92
2026-04-05 21:45:00,118.1,87.1,78.34
2026-04-05 22:00:00,117.3,97.76,87.66
2026-04-05 22:15:00,117.46,95.5,82.63
2026-04-05 22:30:00,114.0,96.5,85.51
2026-04-05 22:45:00,109.71,86.83,81.02
2026-04-05 23:00:00,114.0,86.27,82.52
2026-04-05 23:15:00,111.3,79.52,81.65
2026-04-05 23:30:00,91.0,66.6,75.0
2026-04-05 23:45:00,73.91,60.9,56.43
